,Date,CCI,BCI,inflation_rate,CSI,inflation_expectation
0,2019-01-01,101.0,100.52,1.6,91.2,2.7
1,2019-01-02,101.0,100.52,1.6,91.2,2.7
2,2019-01-03,101.0,100.52,1.6,91.2,2.7
3,2019-01-04,101.0,100.52,1.6,91.2,2.7
4,2019-01-05,101.0,100.52,1.6,91.2,2.7
5,2019-01-06,101.0,100.52,1.6,91.2,2.7
6,2019-01-07,101.0,100.52,1.6,91.2,2.7
7,2019-01-08,101.0,100.52,1.6,91.2,2.7
8,2019-01-09,101.0,100.52,1.6,91.2,2.7
9,2019-01-10,101.0,100.52,1.6,91.2,2.7
10,2019-01-11,101.0,100.52,1.6,91.2,2.7
11,2019-01-12,101.0,100.52,1.6,91.2,2.7
12,2019-01-13,101.0,100.52,1.6,91.2,2.7
13,2019-01-14,101.0,100.52,1.6,91.2,2.7
14,2019-01-15,101.0,100.52,1.6,91.2,2.7
15,2019-01-16,101.0,100.52,1.6,91.2,2.7
16,2019-01-17,101.0,100.52,1.6,91.2,2.7
17,2019-01-18,101.0,100.52,1.6,91.2,2.7
18,2019-01-19,101.0,100.52,1.6,91.2,2.7
19,2019-01-20,101.0,100.52,1.6,91.2,2.7
20,2019-01-21,101.0,100.52,1.6,91.2,2.7
21,2019-01-22,101.0,100.52,1.6,91.2,2.7
22,2019-01-23,101.0,100.52,1.6,91.2,2.7
23,2019-01-24,101.0,100.52,1.6,91.2,2.7
24,2019-01-25,101.0,100.52,1.6,91.2,2.7
25,2019-01-26,101.0,100.52,1.6,91.2,2.7
26,2019-01-27,101.0,100.52,1.6,91.2,2.7
27,2019-01-28,101.0,100.52,1.6,91.2,2.7
28,2019-01-29,101.0,100.52,1.6,91.2,2.7
29,2019-01-30,101.0,100.52,1.6,91.2,2.7
30,2019-01-31,101.0,100.52,1.6,91.2,2.7
31,2019-02-01,101.06,100.36,1.5,93.8,2.6
32,2019-02-02,101.06,100.36,1.5,93.8,2.6
33,2019-02-03,101.06,100.36,1.5,93.8,2.6
34,2019-02-04,101.06,100.36,1.5,93.8,2.6
35,2019-02-05,101.06,100.36,1.5,93.8,2.6
36,2019-02-06,101.06,100.36,1.5,93.8,2.6
37,2019-02-07,101.06,100.36,1.5,93.8,2.6
38,2019-02-08,101.06,100.36,1.5,93.8,2.6
39,2019-02-09,101.06,100.36,1.5,93.8,2.6
40,2019-02-10,101.06,100.36,1.5,93.8,2.6
41,2019-02-11,101.06,100.36,1.5,93.8,2.6
42,2019-02-12,101.06,100.36,1.5,93.8,2.6
43,2019-02-13,101.06,100.36,1.5,93.8,2.6
44,2019-02-14,101.06,100.36,1.5,93.8,2.6
45,2019-02-15,101.06,100.36,1.5,93.8,2.6
46,2019-02-16,101.06,100.36,1.5,93.8,2.6
47,2019-02-17,101.06,100.36,1.5,93.8,2.6
48,2019-02-18,101.06,100.36,1.5,93.8,2.6
49,2019-02-19,101.06,100.36,1.5,93.8,2.6
50,2019-02-20,101.06,100.36,1.5,93.8,2.6
51,2019-02-21,101.06,100.36,1.5,93.8,2.6
52,2019-02-22,101.06,100.36,1.5,93.8,2.6
53,2019-02-23,101.06,100.36,1.5,93.8,2.6
54,2019-02-24,101.06,100.36,1.5,93.8,2.6
55,2019-02-25,101.06,100.36,1.5,93.8,2.6
56,2019-02-26,101.06,100.36,1.5,93.8,2.6
57,2019-02-27,101.06,100.36,1.5,93.8,2.6
58,2019-02-28,101.06,100.36,1.5,93.8,2.6
59,2019-03-01,101.27,100.23,1.9,98.4,2.5
60,2019-03-02,101.27,100.23,1.9,98.4,2.5
61,2019-03-03,101.27,100.23,1.9,98.4,2.5
62,2019-03-04,101.27,100.23,1.9,98.4,2.5
63,2019-03-05,101.27,100.23,1.9,98.4,2.5
64,2019-03-06,101.27,100.23,1.9,98.4,2.5
65,2019-03-07,101.27,100.23,1.9,98.4,2.5
66,2019-03-08,101.27,100.23,1.9,98.4,2.5
67,2019-03-09,101.27,100.23,1.9,98.4,2.5
68,2019-03-10,101.27,100.23,1.9,98.4,2.5
69,2019-03-11,101.27,100.23,1.9,98.4,2.5
70,2019-03-12,101.27,100.23,1.9,98.4,2.5
71,2019-03-13,101.27,100.23,1.9,98.4,2.5
72,2019-03-14,101.27,100.23,1.9,98.4,2.5
73,2019-03-15,101.27,100.23,1.9,98.4,2.5
74,2019-03-16,101.27,100.23,1.9,98.4,2.5
75,2019-03-17,101.27,100.23,1.9,98.4,2.5
76,2019-03-18,101.27,100.23,1.9,98.4,2.5
77,2019-03-19,101.27,100.23,1.9,98.4,2.5
78,2019-03-20,101.27,100.23,1.9,98.4,2.5
79,2019-03-21,101.27,100.23,1.9,98.4,2.5
80,2019-03-22,101.27,100.23,1.9,98.4,2.5
81,2019-03-23,101.27,100.23,1.9,98.4,2.5
82,2019-03-24,101.27,100.23,1.9,98.4,2.5
83,2019-03-25,101.27,100.23,1.9,98.4,2.5
84,2019-03-26,101.27,100.23,1.9,98.4,2.5
85,2019-03-27,101.27,100.23,1.9,98.4,2.5
86,2019-03-28,101.27,100.23,1.9,98.4,2.5
87,2019-03-29,101.27,100.23,1.9,98.4,2.5
88,2019-03-30,101.27,100.23,1.9,98.4,2.5
89,2019-03-31,101.27,100.23,1.9,98.4,2.5
90,2019-04-01,101.43,100.01,2.0,97.2,2.5
91,2019-04-02,101.43,100.01,2.0,97.2,2.5
92,2019-04-03,101.43,100.01,2.0,97.2,2.5
93,2019-04-04,101.43,100.01,2.0,97.2,2.5
94,2019-04-05,101.43,100.01,2.0,97.2,2.5
95,2019-04-06,101.43,100.01,2.0,97.2,2.5
96,2019-04-07,101.43,100.01,2.0,97.2,2.5
97,2019-04-08,101.43,100.01,2.0,97.2,2.5
98,2019-04-09,101.43,100.01,2.0,97.2,2.5
99,2019-04-10,101.43,100.01,2.0,97.2,2.5
100,2019-04-11,101.43,100.01,2.0,97.2,2.5
101,2019-04-12,101.43,100.01,2.0,97.2,2.5
102,2019-04-13,101.43,100.01,2.0,97.2,2.5
103,2019-04-14,101.43,100.01,2.0,97.2,2.5
104,2019-04-15,101.43,100.01,2.0,97.2,2.5
105,2019-04-16,101.43,100.01,2.0,97.2,2.5
106,2019-04-17,101.43,100.01,2.0,97.2,2.5
107,2019-04-18,101.43,100.01,2.0,97.2,2.5
108,2019-04-19,101.43,100.01,2.0,97.2,2.5
109,2019-04-20,101.43,100.01,2.0,97.2,2.5
110,2019-04-21,101.43,100.01,2.0,97.2,2.5
111,2019-04-22,101.43,100.01,2.0,97.2,2.5
112,2019-04-23,101.43,100.01,2.0,97.2,2.5
113,2019-04-24,101.43,100.01,2.0,97.2,2.5
114,2019-04-25,101.43,100.01,2.0,97.2,2.5
115,2019-04-26,101.43,100.01,2.0,97.2,2.5
116,2019-04-27,101.43,100.01,2.0,97.2,2.5
117,2019-04-28,101.43,100.01,2.0,97.2,2.5
118,2019-04-29,101.43,100.01,2.0,97.2,2.5
119,2019-04-30,101.43,100.01,2.0,97.2,2.5
120,2019-05-01,101.52,99.81,1.8,100.0,2.9
121,2019-05-02,101.52,99.81,1.8,100.0,2.9
122,2019-05-03,101.52,99.81,1.8,100.0,2.9
123,2019-05-04,101.52,99.81,1.8,100.0,2.9
124,2019-05-05,101.52,99.81,1.8,100.0,2.9
125,2019-05-06,101.52,99.81,1.8,100.0,2.9
126,2019-05-07,101.52,99.81,1.8,100.0,2.9
127,2019-05-08,101.52,99.81,1.8,100.0,2.9
128,2019-05-09,101.52,99.81,1.8,100.0,2.9
129,2019-05-10,101.52,99.81,1.8,100.0,2.9
130,2019-05-11,101.52,99.81,1.8,100.0,2.9
131,2019-05-12,101.52,99.81,1.8,100.0,2.9
132,2019-05-13,101.52,99.81,1.8,100.0,2.9
133,2019-05-14,101.52,99.81,1.8,100.0,2.9
134,2019-05-15,101.52,99.81,1.8,100.0,2.9
135,2019-05-16,101.52,99.81,1.8,100.0,2.9
136,2019-05-17,101.52,99.81,1.8,100.0,2.9
137,2019-05-18,101.52,99.81,1.8,100.0,2.9
138,2019-05-19,101.52,99.81,1.8,100.0,2.9
139,2019-05-20,101.52,99.81,1.8,100.0,2.9
140,2019-05-21,101.52,99.81,1.8,100.0,2.9
141,2019-05-22,101.52,99.81,1.8,100.0,2.9
142,2019-05-23,101.52,99.81,1.8,100.0,2.9
143,2019-05-24,101.52,99.81,1.8,100.0,2.9
144,2019-05-25,101.52,99.81,1.8,100.0,2.9
145,2019-05-26,101.52,99.81,1.8,100.0,2.9
146,2019-05-27,101.52,99.81,1.8,100.0,2.9
147,2019-05-28,101.52,99.81,1.8,100.0,2.9
148,2019-05-29,101.52,99.81,1.8,100.0,2.9
149,2019-05-30,101.52,99.81,1.8,100.0,2.9
150,2019-05-31,101.52,99.81,1.8,100.0,2.9
151,2019-06-01,101.42,99.62,1.6,98.2,2.7
152,2019-06-02,101.42,99.62,1.6,98.2,2.7
153,2019-06-03,101.42,99.62,1.6,98.2,2.7
154,2019-06-04,101.42,99.62,1.6,98.2,2.7
155,2019-06-05,101.42,99.62,1.6,98.2,2.7
156,2019-06-06,101.42,99.62,1.6,98.2,2.7
157,2019-06-07,101.42,99.62,1.6,98.2,2.7
158,2019-06-08,101.42,99.62,1.6,98.2,2.7
159,2019-06-09,101.42,99.62,1.6,98.2,2.7
160,2019-06-10,101.42,99.62,1.6,98.2,2.7
161,2019-06-11,101.42,99.62,1.6,98.2,2.7
162,2019-06-12,101.42,99.62,1.6,98.2,2.7
163,2019-06-13,101.42,99.62,1.6,98.2,2.7
164,2019-06-14,101.42,99.62,1.6,98.2,2.7
165,2019-06-15,101.42,99.62,1.6,98.2,2.7
166,2019-06-16,101.42,99.62,1.6,98.2,2.7
167,2019-06-17,101.42,99.62,1.6,98.2,2.7
168,2019-06-18,101.42,99.62,1.6,98.2,2.7
169,2019-06-19,101.42,99.62,1.6,98.2,2.7
170,2019-06-20,101.42,99.62,1.6,98.2,2.7
171,2019-06-21,101.42,99.62,1.6,98.2,2.7
172,2019-06-22,101.42,99.62,1.6,98.2,2.7
173,2019-06-23,101.42,99.62,1.6,98.2,2.7
174,2019-06-24,101.42,99.62,1.6,98.2,2.7
175,2019-06-25,101.42,99.62,1.6,98.2,2.7
176,2019-06-26,101.42,99.62,1.6,98.2,2.7
177,2019-06-27,101.42,99.62,1.6,98.2,2.7
178,2019-06-28,101.42,99.62,1.6,98.2,2.7
179,2019-06-29,101.42,99.62,1.6,98.2,2.7
180,2019-06-30,101.42,99.62,1.6,98.2,2.7
181,2019-07-01,101.2,99.41,1.7,98.4,2.6
182,2019-07-02,101.2,99.41,1.7,98.4,2.6
183,2019-07-03,101.2,99.41,1.7,98.4,2.6
184,2019-07-04,101.2,99.41,1.7,98.4,2.6
185,2019-07-05,101.2,99.41,1.7,98.4,2.6
186,2019-07-06,101.2,99.41,1.7,98.4,2.6
187,2019-07-07,101.2,99.41,1.7,98.4,2.6
188,2019-07-08,101.2,99.41,1.7,98.4,2.6
189,2019-07-09,101.2,99.41,1.7,98.4,2.6
190,2019-07-10,101.2,99.41,1.7,98.4,2.6
191,2019-07-11,101.2,99.41,1.7,98.4,2.6
192,2019-07-12,101.2,99.41,1.7,98.4,2.6
193,2019-07-13,101.2,99.41,1.7,98.4,2.6
194,2019-07-14,101.2,99.41,1.7,98.4,2.6
195,2019-07-15,101.2,99.41,1.7,98.4,2.6
196,2019-07-16,101.2,99.41,1.7,98.4,2.6
197,2019-07-17,101.2,99.41,1.7,98.4,2.6
198,2019-07-18,101.2,99.41,1.7,98.4,2.6
199,2019-07-19,101.2,99.41,1.7,98.4,2.6
200,2019-07-20,101.2,99.41,1.7,98.4,2.6
201,2019-07-21,101.2,99.41,1.7,98.4,2.6
202,2019-07-22,101.2,99.41,1.7,98.4,2.6
203,2019-07-23,101.2,99.41,1.7,98.4,2.6
204,2019-07-24,101.2,99.41,1.7,98.4,2.6
205,2019-07-25,101.2,99.41,1.7,98.4,2.6
206,2019-07-26,101.2,99.41,1.7,98.4,2.6
207,2019-07-27,101.2,99.41,1.7,98.4,2.6
208,2019-07-28,101.2,99.41,1.7,98.4,2.6
209,2019-07-29,101.2,99.41,1.7,98.4,2.6
210,2019-07-30,101.2,99.41,1.7,98.4,2.6
211,2019-07-31,101.2,99.41,1.7,98.4,2.6
212,2019-08-01,100.9,99.13,1.7,89.8,2.7
213,2019-08-02,100.9,99.13,1.7,89.8,2.7
214,2019-08-03,100.9,99.13,1.7,89.8,2.7
215,2019-08-04,100.9,99.13,1.7,89.8,2.7
216,2019-08-05,100.9,99.13,1.7,89.8,2.7
217,2019-08-06,100.9,99.13,1.7,89.8,2.7
218,2019-08-07,100.9,99.13,1.7,89.8,2.7
219,2019-08-08,100.9,99.13,1.7,89.8,2.7
220,2019-08-09,100.9,99.13,1.7,89.8,2.7
221,2019-08-10,100.9,99.13,1.7,89.8,2.7
222,2019-08-11,100.9,99.13,1.7,89.8,2.7
223,2019-08-12,100.9,99.13,1.7,89.8,2.7
224,2019-08-13,100.9,99.13,1.7,89.8,2.7
225,2019-08-14,100.9,99.13,1.7,89.8,2.7
226,2019-08-15,100.9,99.13,1.7,89.8,2.7
227,2019-08-16,100.9,99.13,1.7,89.8,2.7
228,2019-08-17,100.9,99.13,1.7,89.8,2.7
229,2019-08-18,100.9,99.13,1.7,89.8,2.7
230,2019-08-19,100.9,99.13,1.7,89.8,2.7
231,2019-08-20,100.9,99.13,1.7,89.8,2.7
232,2019-08-21,100.9,99.13,1.7,89.8,2.7
233,2019-08-22,100.9,99.13,1.7,89.8,2.7
234,2019-08-23,100.9,99.13,1.7,89.8,2.7
235,2019-08-24,100.9,99.13,1.7,89.8,2.7
236,2019-08-25,100.9,99.13,1.7,89.8,2.7
237,2019-08-26,100.9,99.13,1.7,89.8,2.7
238,2019-08-27,100.9,99.13,1.7,89.8,2.7
239,2019-08-28,100.9,99.13,1.7,89.8,2.7
240,2019-08-29,100.9,99.13,1.7,89.8,2.7
241,2019-08-30,100.9,99.13,1.7,89.8,2.7
242,2019-08-31,100.9,99.13,1.7,89.8,2.7
243,2019-09-01,100.9,98.92,1.8,93.2,2.8
244,2019-09-02,100.9,98.92,1.8,93.2,2.8
245,2019-09-03,100.9,98.92,1.8,93.2,2.8
246,2019-09-04,100.9,98.92,1.8,93.2,2.8
247,2019-09-05,100.9,98.92,1.8,93.2,2.8
248,2019-09-06,100.9,98.92,1.8,93.2,2.8
249,2019-09-07,100.9,98.92,1.8,93.2,2.8
250,2019-09-08,100.9,98.92,1.8,93.2,2.8
251,2019-09-09,100.9,98.92,1.8,93.2,2.8
252,2019-09-10,100.9,98.92,1.8,93.2,2.8
253,2019-09-11,100.9,98.92,1.8,93.2,2.8
254,2019-09-12,100.9,98.92,1.8,93.2,2.8
255,2019-09-13,100.9,98.92,1.8,93.2,2.8
256,2019-09-14,100.9,98.92,1.8,93.2,2.8
257,2019-09-15,100.9,98.92,1.8,93.2,2.8
258,2019-09-16,100.9,98.92,1.8,93.2,2.8
259,2019-09-17,100.9,98.92,1.8,93.2,2.8
260,2019-09-18,100.9,98.92,1.8,93.2,2.8
261,2019-09-19,100.9,98.92,1.8,93.2,2.8
262,2019-09-20,100.9,98.92,1.8,93.2,2.8
263,2019-09-21,100.9,98.92,1.8,93.2,2.8
264,2019-09-22,100.9,98.92,1.8,93.2,2.8
265,2019-09-23,100.9,98.92,1.8,93.2,2.8
266,2019-09-24,100.9,98.92,1.8,93.2,2.8
267,2019-09-25,100.9,98.92,1.8,93.2,2.8
268,2019-09-26,100.9,98.92,1.8,93.2,2.8
269,2019-09-27,100.9,98.92,1.8,93.2,2.8
270,2019-09-28,100.9,98.92,1.8,93.2,2.8
271,2019-09-29,100.9,98.92,1.8,93.2,2.8
272,2019-09-30,100.9,98.92,1.8,93.2,2.8
273,2019-10-01,101.1,98.86,2.1,95.5,2.5
274,2019-10-02,101.1,98.86,2.1,95.5,2.5
275,2019-10-03,101.1,98.86,2.1,95.5,2.5
276,2019-10-04,101.1,98.86,2.1,95.5,2.5
277,2019-10-05,101.1,98.86,2.1,95.5,2.5
278,2019-10-06,101.1,98.86,2.1,95.5,2.5
279,2019-10-07,101.1,98.86,2.1,95.5,2.5
280,2019-10-08,101.1,98.86,2.1,95.5,2.5
281,2019-10-09,101.1,98.86,2.1,95.5,2.5
282,2019-10-10,101.1,98.86,2.1,95.5,2.5
283,2019-10-11,101.1,98.86,2.1,95.5,2.5
284,2019-10-12,101.1,98.86,2.1,95.5,2.5
285,2019-10-13,101.1,98.86,2.1,95.5,2.5
286,2019-10-14,101.1,98.86,2.1,95.5,2.5
287,2019-10-15,101.1,98.86,2.1,95.5,2.5
288,2019-10-16,101.1,98.86,2.1,95.5,2.5
289,2019-10-17,101.1,98.86,2.1,95.5,2.5
290,2019-10-18,101.1,98.86,2.1,95.5,2.5
291,2019-10-19,101.1,98.86,2.1,95.5,2.5
292,2019-10-20,101.1,98.86,2.1,95.5,2.5
293,2019-10-21,101.1,98.86,2.1,95.5,2.5
294,2019-10-22,101.1,98.86,2.1,95.5,2.5
295,2019-10-23,101.1,98.86,2.1,95.5,2.5
296,2019-10-24,101.1,98.86,2.1,95.5,2.5
297,2019-10-25,101.1,98.86,2.1,95.5,2.5
298,2019-10-26,101.1,98.86,2.1,95.5,2.5
299,2019-10-27,101.1,98.86,2.1,95.5,2.5
300,2019-10-28,101.1,98.86,2.1,95.5,2.5
301,2019-10-29,101.1,98.86,2.1,95.5,2.5
302,2019-10-30,101.1,98.86,2.1,95.5,2.5
303,2019-10-31,101.1,98.86,2.1,95.5,2.5
304,2019-11-01,101.37,98.88,2.3,96.8,2.5
305,2019-11-02,101.37,98.88,2.3,96.8,2.5
306,2019-11-03,101.37,98.88,2.3,96.8,2.5
307,2019-11-04,101.37,98.88,2.3,96.8,2.5
308,2019-11-05,101.37,98.88,2.3,96.8,2.5
309,2019-11-06,101.37,98.88,2.3,96.8,2.5
310,2019-11-07,101.37,98.88,2.3,96.8,2.5
311,2019-11-08,101.37,98.88,2.3,96.8,2.5
312,2019-11-09,101.37,98.88,2.3,96.8,2.5
313,2019-11-10,101.37,98.88,2.3,96.8,2.5
314,2019-11-11,101.37,98.88,2.3,96.8,2.5
315,2019-11-12,101.37,98.88,2.3,96.8,2.5
316,2019-11-13,101.37,98.88,2.3,96.8,2.5
317,2019-11-14,101.37,98.88,2.3,96.8,2.5
318,2019-11-15,101.37,98.88,2.3,96.8,2.5
319,2019-11-16,101.37,98.88,2.3,96.8,2.5
320,2019-11-17,101.37,98.88,2.3,96.8,2.5
321,2019-11-18,101.37,98.88,2.3,96.8,2.5
322,2019-11-19,101.37,98.88,2.3,96.8,2.5
323,2019-11-20,101.37,98.88,2.3,96.8,2.5
324,2019-11-21,101.37,98.88,2.3,96.8,2.5
325,2019-11-22,101.37,98.88,2.3,96.8,2.5
326,2019-11-23,101.37,98.88,2.3,96.8,2.5
327,2019-11-24,101.37,98.88,2.3,96.8,2.5
328,2019-11-25,101.37,98.88,2.3,96.8,2.5
329,2019-11-26,101.37,98.88,2.3,96.8,2.5
330,2019-11-27,101.37,98.88,2.3,96.8,2.5
331,2019-11-28,101.37,98.88,2.3,96.8,2.5
332,2019-11-29,101.37,98.88,2.3,96.8,2.5
333,2019-11-30,101.37,98.88,2.3,96.8,2.5
334,2019-12-01,101.59,98.98,1.8,99.3,2.3
335,2019-12-02,101.59,98.98,1.8,99.3,2.3
336,2019-12-03,101.59,98.98,1.8,99.3,2.3
337,2019-12-04,101.59,98.98,1.8,99.3,2.3
338,2019-12-05,101.59,98.98,1.8,99.3,2.3
339,2019-12-06,101.59,98.98,1.8,99.3,2.3
340,2019-12-07,101.59,98.98,1.8,99.3,2.3
341,2019-12-08,101.59,98.98,1.8,99.3,2.3
342,2019-12-09,101.59,98.98,1.8,99.3,2.3
343,2019-12-10,101.59,98.98,1.8,99.3,2.3
344,2019-12-11,101.59,98.98,1.8,99.3,2.3
345,2019-12-12,101.59,98.98,1.8,99.3,2.3
346,2019-12-13,101.59,98.98,1.8,99.3,2.3
347,2019-12-14,101.59,98.98,1.8,99.3,2.3
348,2019-12-15,101.59,98.98,1.8,99.3,2.3
349,2019-12-16,101.59,98.98,1.8,99.3,2.3
350,2019-12-17,101.59,98.98,1.8,99.3,2.3
351,2019-12-18,101.59,98.98,1.8,99.3,2.3
352,2019-12-19,101.59,98.98,1.8,99.3,2.3
353,2019-12-20,101.59,98.98,1.8,99.3,2.3
354,2019-12-21,101.59,98.98,1.8,99.3,2.3
355,2019-12-22,101.59,98.98,1.8,99.3,2.3
356,2019-12-23,101.59,98.98,1.8,99.3,2.3
357,2019-12-24,101.59,98.98,1.8,99.3,2.3
358,2019-12-25,101.59,98.98,1.8,99.3,2.3
359,2019-12-26,101.59,98.98,1.8,99.3,2.3
360,2019-12-27,101.59,98.98,1.8,99.3,2.3
361,2019-12-28,101.59,98.98,1.8,99.3,2.3
362,2019-12-29,101.59,98.98,1.8,99.3,2.3
363,2019-12-30,101.59,98.98,1.8,99.3,2.3
364,2019-12-31,101.59,98.98,1.8,99.3,2.3
365,2020-01-01,101.59,99.15,2.5,99.8,2.5
366,2020-01-02,101.59,99.15,2.5,99.8,2.5
367,2020-01-03,101.59,99.15,2.5,99.8,2.5
368,2020-01-04,101.59,99.15,2.5,99.8,2.5
369,2020-01-05,101.59,99.15,2.5,99.8,2.5
370,2020-01-06,101.59,99.15,2.5,99.8,2.5
371,2020-01-07,101.59,99.15,2.5,99.8,2.5
372,2020-01-08,101.59,99.15,2.5,99.8,2.5
373,2020-01-09,101.59,99.15,2.5,99.8,2.5
374,2020-01-10,101.59,99.15,2.5,99.8,2.5
375,2020-01-11,101.59,99.15,2.5,99.8,2.5
376,2020-01-12,101.59,99.15,2.5,99.8,2.5
377,2020-01-13,101.59,99.15,2.5,99.8,2.5
378,2020-01-14,101.59,99.15,2.5,99.8,2.5
379,2020-01-15,101.59,99.15,2.5,99.8,2.5
380,2020-01-16,101.59,99.15,2.5,99.8,2.5
381,2020-01-17,101.59,99.15,2.5,99.8,2.5
382,2020-01-18,101.59,99.15,2.5,99.8,2.5
383,2020-01-19,101.59,99.15,2.5,99.8,2.5
384,2020-01-20,101.59,99.15,2.5,99.8,2.5
385,2020-01-21,101.59,99.15,2.5,99.8,2.5
386,2020-01-22,101.59,99.15,2.5,99.8,2.5
387,2020-01-23,101.59,99.15,2.5,99.8,2.5
388,2020-01-24,101.59,99.15,2.5,99.8,2.5
389,2020-01-25,101.59,99.15,2.5,99.8,2.5
390,2020-01-26,101.59,99.15,2.5,99.8,2.5
391,2020-01-27,101.59,99.15,2.5,99.8,2.5
392,2020-01-28,101.59,99.15,2.5,99.8,2.5
393,2020-01-29,101.59,99.15,2.5,99.8,2.5
394,2020-01-30,101.59,99.15,2.5,99.8,2.5
395,2020-01-31,101.59,99.15,2.5,99.8,2.5
396,2020-02-01,101.17,99.04,2.3,101.0,2.4
397,2020-02-02,101.17,99.04,2.3,101.0,2.4
398,2020-02-03,101.17,99.04,2.3,101.0,2.4
399,2020-02-04,101.17,99.04,2.3,101.0,2.4
400,2020-02-05,101.17,99.04,2.3,101.0,2.4
401,2020-02-06,101.17,99.04,2.3,101.0,2.4
402,2020-02-07,101.17,99.04,2.3,101.0,2.4
403,2020-02-08,101.17,99.04,2.3,101.0,2.4
404,2020-02-09,101.17,99.04,2.3,101.0,2.4
405,2020-02-10,101.17,99.04,2.3,101.0,2.4
406,2020-02-11,101.17,99.04,2.3,101.0,2.4
407,2020-02-12,101.17,99.04,2.3,101.0,2.4
408,2020-02-13,101.17,99.04,2.3,101.0,2.4
409,2020-02-14,101.17,99.04,2.3,101.0,2.4
410,2020-02-15,101.17,99.04,2.3,101.0,2.4
411,2020-02-16,101.17,99.04,2.3,101.0,2.4
412,2020-02-17,101.17,99.04,2.3,101.0,2.4
413,2020-02-18,101.17,99.04,2.3,101.0,2.4
414,2020-02-19,101.17,99.04,2.3,101.0,2.4
415,2020-02-20,101.17,99.04,2.3,101.0,2.4
416,2020-02-21,101.17,99.04,2.3,101.0,2.4
417,2020-02-22,101.17,99.04,2.3,101.0,2.4
418,2020-02-23,101.17,99.04,2.3,101.0,2.4
419,2020-02-24,101.17,99.04,2.3,101.0,2.4
420,2020-02-25,101.17,99.04,2.3,101.0,2.4
421,2020-02-26,101.17,99.04,2.3,101.0,2.4
422,2020-02-27,101.17,99.04,2.3,101.0,2.4
423,2020-02-28,101.17,99.04,2.3,101.0,2.4
424,2020-02-29,101.17,99.04,2.3,101.0,2.4
425,2020-03-01,100.19,98.63,1.5,89.1,2.2
426,2020-03-02,100.19,98.63,1.5,89.1,2.2
427,2020-03-03,100.19,98.63,1.5,89.1,2.2
428,2020-03-04,100.19,98.63,1.5,89.1,2.2
429,2020-03-05,100.19,98.63,1.5,89.1,2.2
430,2020-03-06,100.19,98.63,1.5,89.1,2.2
431,2020-03-07,100.19,98.63,1.5,89.1,2.2
432,2020-03-08,100.19,98.63,1.5,89.1,2.2
433,2020-03-09,100.19,98.63,1.5,89.1,2.2
434,2020-03-10,100.19,98.63,1.5,89.1,2.2
435,2020-03-11,100.19,98.63,1.5,89.1,2.2
436,2020-03-12,100.19,98.63,1.5,89.1,2.2
437,2020-03-13,100.19,98.63,1.5,89.1,2.2
438,2020-03-14,100.19,98.63,1.5,89.1,2.2
439,2020-03-15,100.19,98.63,1.5,89.1,2.2
440,2020-03-16,100.19,98.63,1.5,89.1,2.2
441,2020-03-17,100.19,98.63,1.5,89.1,2.2
442,2020-03-18,100.19,98.63,1.5,89.1,2.2
443,2020-03-19,100.19,98.63,1.5,89.1,2.2
444,2020-03-20,100.19,98.63,1.5,89.1,2.2
445,2020-03-21,100.19,98.63,1.5,89.1,2.2
446,2020-03-22,100.19,98.63,1.5,89.1,2.2
447,2020-03-23,100.19,98.63,1.5,89.1,2.2
448,2020-03-24,100.19,98.63,1.5,89.1,2.2
449,2020-03-25,100.19,98.63,1.5,89.1,2.2
450,2020-03-26,100.19,98.63,1.5,89.1,2.2
451,2020-03-27,100.19,98.63,1.5,89.1,2.2
452,2020-03-28,100.19,98.63,1.5,89.1,2.2
453,2020-03-29,100.19,98.63,1.5,89.1,2.2
454,2020-03-30,100.19,98.63,1.5,89.1,2.2
455,2020-03-31,100.19,98.63,1.5,89.1,2.2
456,2020-04-01,99.12,98.18,0.3,71.8,2.1
457,2020-04-02,99.12,98.18,0.3,71.8,2.1
458,2020-04-03,99.12,98.18,0.3,71.8,2.1
459,2020-04-04,99.12,98.18,0.3,71.8,2.1
460,2020-04-05,99.12,98.18,0.3,71.8,2.1
461,2020-04-06,99.12,98.18,0.3,71.8,2.1
462,2020-04-07,99.12,98.18,0.3,71.8,2.1
463,2020-04-08,99.12,98.18,0.3,71.8,2.1
464,2020-04-09,99.12,98.18,0.3,71.8,2.1
465,2020-04-10,99.12,98.18,0.3,71.8,2.1
466,2020-04-11,99.12,98.18,0.3,71.8,2.1
467,2020-04-12,99.12,98.18,0.3,71.8,2.1
468,2020-04-13,99.12,98.18,0.3,71.8,2.1
469,2020-04-14,99.12,98.18,0.3,71.8,2.1
470,2020-04-15,99.12,98.18,0.3,71.8,2.1
471,2020-04-16,99.12,98.18,0.3,71.8,2.1
472,2020-04-17,99.12,98.18,0.3,71.8,2.1
473,2020-04-18,99.12,98.18,0.3,71.8,2.1
474,2020-04-19,99.12,98.18,0.3,71.8,2.1
475,2020-04-20,99.12,98.18,0.3,71.8,2.1
476,2020-04-21,99.12,98.18,0.3,71.8,2.1
477,2020-04-22,99.12,98.18,0.3,71.8,2.1
478,2020-04-23,99.12,98.18,0.3,71.8,2.1
479,2020-04-24,99.12,98.18,0.3,71.8,2.1
480,2020-04-25,99.12,98.18,0.3,71.8,2.1
481,2020-04-26,99.12,98.18,0.3,71.8,2.1
482,2020-04-27,99.12,98.18,0.3,71.8,2.1
483,2020-04-28,99.12,98.18,0.3,71.8,2.1
484,2020-04-29,99.12,98.18,0.3,71.8,2.1
485,2020-04-30,99.12,98.18,0.3,71.8,2.1
486,2020-05-01,98.63,98.41,0.1,72.3,3.2
487,2020-05-02,98.63,98.41,0.1,72.3,3.2
488,2020-05-03,98.63,98.41,0.1,72.3,3.2
489,2020-05-04,98.63,98.41,0.1,72.3,3.2
490,2020-05-05,98.63,98.41,0.1,72.3,3.2
491,2020-05-06,98.63,98.41,0.1,72.3,3.2
492,2020-05-07,98.63,98.41,0.1,72.3,3.2
493,2020-05-08,98.63,98.41,0.1,72.3,3.2
494,2020-05-09,98.63,98.41,0.1,72.3,3.2
495,2020-05-10,98.63,98.41,0.1,72.3,3.2
496,2020-05-11,98.63,98.41,0.1,72.3,3.2
497,2020-05-12,98.63,98.41,0.1,72.3,3.2
498,2020-05-13,98.63,98.41,0.1,72.3,3.2
499,2020-05-14,98.63,98.41,0.1,72.3,3.2
500,2020-05-15,98.63,98.41,0.1,72.3,3.2
501,2020-05-16,98.63,98.41,0.1,72.3,3.2
502,2020-05-17,98.63,98.41,0.1,72.3,3.2
503,2020-05-18,98.63,98.41,0.1,72.3,3.2
504,2020-05-19,98.63,98.41,0.1,72.3,3.2
505,2020-05-20,98.63,98.41,0.1,72.3,3.2
506,2020-05-21,98.63,98.41,0.1,72.3,3.2
507,2020-05-22,98.63,98.41,0.1,72.3,3.2
508,2020-05-23,98.63,98.41,0.1,72.3,3.2
509,2020-05-24,98.63,98.41,0.1,72.3,3.2
510,2020-05-25,98.63,98.41,0.1,72.3,3.2
511,2020-05-26,98.63,98.41,0.1,72.3,3.2
512,2020-05-27,98.63,98.41,0.1,72.3,3.2
513,2020-05-28,98.63,98.41,0.1,72.3,3.2
514,2020-05-29,98.63,98.41,0.1,72.3,3.2
515,2020-05-30,98.63,98.41,0.1,72.3,3.2
516,2020-05-31,98.63,98.41,0.1,72.3,3.2
517,2020-06-01,98.58,99.24,0.6,78.1,3.0
518,2020-06-02,98.58,99.24,0.6,78.1,3.0
519,2020-06-03,98.58,99.24,0.6,78.1,3.0
520,2020-06-04,98.58,99.24,0.6,78.1,3.0
521,2020-06-05,98.58,99.24,0.6,78.1,3.0
522,2020-06-06,98.58,99.24,0.6,78.1,3.0
523,2020-06-07,98.58,99.24,0.6,78.1,3.0
524,2020-06-08,98.58,99.24,0.6,78.1,3.0
525,2020-06-09,98.58,99.24,0.6,78.1,3.0
526,2020-06-10,98.58,99.24,0.6,78.1,3.0
527,2020-06-11,98.58,99.24,0.6,78.1,3.0
528,2020-06-12,98.58,99.24,0.6,78.1,3.0
529,2020-06-13,98.58,99.24,0.6,78.1,3.0
530,2020-06-14,98.58,99.24,0.6,78.1,3.0
531,2020-06-15,98.58,99.24,0.6,78.1,3.0
532,2020-06-16,98.58,99.24,0.6,78.1,3.0
533,2020-06-17,98.58,99.24,0.6,78.1,3.0
534,2020-06-18,98.58,99.24,0.6,78.1,3.0
535,2020-06-19,98.58,99.24,0.6,78.1,3.0
536,2020-06-20,98.58,99.24,0.6,78.1,3.0
537,2020-06-21,98.58,99.24,0.6,78.1,3.0
538,2020-06-22,98.58,99.24,0.6,78.1,3.0
539,2020-06-23,98.58,99.24,0.6,78.1,3.0
540,2020-06-24,98.58,99.24,0.6,78.1,3.0
541,2020-06-25,98.58,99.24,0.6,78.1,3.0
542,2020-06-26,98.58,99.24,0.6,78.1,3.0
543,2020-06-27,98.58,99.24,0.6,78.1,3.0
544,2020-06-28,98.58,99.24,0.6,78.1,3.0
545,2020-06-29,98.58,99.24,0.6,78.1,3.0
546,2020-06-30,98.58,99.24,0.6,78.1,3.0
547,2020-07-01,98.6,99.95,1.0,72.5,3.0
548,2020-07-02,98.6,99.95,1.0,72.5,3.0
549,2020-07-03,98.6,99.95,1.0,72.5,3.0
550,2020-07-04,98.6,99.95,1.0,72.5,3.0
551,2020-07-05,98.6,99.95,1.0,72.5,3.0
552,2020-07-06,98.6,99.95,1.0,72.5,3.0
553,2020-07-07,98.6,99.95,1.0,72.5,3.0
554,2020-07-08,98.6,99.95,1.0,72.5,3.0
555,2020-07-09,98.6,99.95,1.0,72.5,3.0
556,2020-07-10,98.6,99.95,1.0,72.5,3.0
557,2020-07-11,98.6,99.95,1.0,72.5,3.0
558,2020-07-12,98.6,99.95,1.0,72.5,3.0
559,2020-07-13,98.6,99.95,1.0,72.5,3.0
560,2020-07-14,98.6,99.95,1.0,72.5,3.0
561,2020-07-15,98.6,99.95,1.0,72.5,3.0
562,2020-07-16,98.6,99.95,1.0,72.5,3.0
563,2020-07-17,98.6,99.95,1.0,72.5,3.0
564,2020-07-18,98.6,99.95,1.0,72.5,3.0
565,2020-07-19,98.6,99.95,1.0,72.5,3.0
566,2020-07-20,98.6,99.95,1.0,72.5,3.0
567,2020-07-21,98.6,99.95,1.0,72.5,3.0
568,2020-07-22,98.6,99.95,1.0,72.5,3.0
569,2020-07-23,98.6,99.95,1.0,72.5,3.0
570,2020-07-24,98.6,99.95,1.0,72.5,3.0
571,2020-07-25,98.6,99.95,1.0,72.5,3.0
572,2020-07-26,98.6,99.95,1.0,72.5,3.0
573,2020-07-27,98.6,99.95,1.0,72.5,3.0
574,2020-07-28,98.6,99.95,1.0,72.5,3.0
575,2020-07-29,98.6,99.95,1.0,72.5,3.0
576,2020-07-30,98.6,99.95,1.0,72.5,3.0
577,2020-07-31,98.6,99.95,1.0,72.5,3.0
578,2020-08-01,98.8,100.41,1.3,74.1,3.1
579,2020-08-02,98.8,100.41,1.3,74.1,3.1
580,2020-08-03,98.8,100.41,1.3,74.1,3.1
581,2020-08-04,98.8,100.41,1.3,74.1,3.1
582,2020-08-05,98.8,100.41,1.3,74.1,3.1
583,2020-08-06,98.8,100.41,1.3,74.1,3.1
584,2020-08-07,98.8,100.41,1.3,74.1,3.1
585,2020-08-08,98.8,100.41,1.3,74.1,3.1
586,2020-08-09,98.8,100.41,1.3,74.1,3.1
587,2020-08-10,98.8,100.41,1.3,74.1,3.1
588,2020-08-11,98.8,100.41,1.3,74.1,3.1
589,2020-08-12,98.8,100.41,1.3,74.1,3.1
590,2020-08-13,98.8,100.41,1.3,74.1,3.1
591,2020-08-14,98.8,100.41,1.3,74.1,3.1
592,2020-08-15,98.8,100.41,1.3,74.1,3.1
593,2020-08-16,98.8,100.41,1.3,74.1,3.1
594,2020-08-17,98.8,100.41,1.3,74.1,3.1
595,2020-08-18,98.8,100.41,1.3,74.1,3.1
596,2020-08-19,98.8,100.41,1.3,74.1,3.1
597,2020-08-20,98.8,100.41,1.3,74.1,3.1
598,2020-08-21,98.8,100.41,1.3,74.1,3.1
599,2020-08-22,98.8,100.41,1.3,74.1,3.1
600,2020-08-23,98.8,100.41,1.3,74.1,3.1
601,2020-08-24,98.8,100.41,1.3,74.1,3.1
602,2020-08-25,98.8,100.41,1.3,74.1,3.1
603,2020-08-26,98.8,100.41,1.3,74.1,3.1
604,2020-08-27,98.8,100.41,1.3,74.1,3.1
605,2020-08-28,98.8,100.41,1.3,74.1,3.1
606,2020-08-29,98.8,100.41,1.3,74.1,3.1
607,2020-08-30,98.8,100.41,1.3,74.1,3.1
608,2020-08-31,98.8,100.41,1.3,74.1,3.1
609,2020-09-01,99.11,100.71,1.4,80.4,2.6
610,2020-09-02,99.11,100.71,1.4,80.4,2.6
611,2020-09-03,99.11,100.71,1.4,80.4,2.6
612,2020-09-04,99.11,100.71,1.4,80.4,2.6
613,2020-09-05,99.11,100.71,1.4,80.4,2.6
614,2020-09-06,99.11,100.71,1.4,80.4,2.6
615,2020-09-07,99.11,100.71,1.4,80.4,2.6
616,2020-09-08,99.11,100.71,1.4,80.4,2.6
617,2020-09-09,99.11,100.71,1.4,80.4,2.6
618,2020-09-10,99.11,100.71,1.4,80.4,2.6
619,2020-09-11,99.11,100.71,1.4,80.4,2.6
620,2020-09-12,99.11,100.71,1.4,80.4,2.6
621,2020-09-13,99.11,100.71,1.4,80.4,2.6
622,2020-09-14,99.11,100.71,1.4,80.4,2.6
623,2020-09-15,99.11,100.71,1.4,80.4,2.6
624,2020-09-16,99.11,100.71,1.4,80.4,2.6
625,2020-09-17,99.11,100.71,1.4,80.4,2.6
626,2020-09-18,99.11,100.71,1.4,80.4,2.6
627,2020-09-19,99.11,100.71,1.4,80.4,2.6
628,2020-09-20,99.11,100.71,1.4,80.4,2.6
629,2020-09-21,99.11,100.71,1.4,80.4,2.6
630,2020-09-22,99.11,100.71,1.4,80.4,2.6
631,2020-09-23,99.11,100.71,1.4,80.4,2.6
632,2020-09-24,99.11,100.71,1.4,80.4,2.6
633,2020-09-25,99.11,100.71,1.4,80.4,2.6
634,2020-09-26,99.11,100.71,1.4,80.4,2.6
635,2020-09-27,99.11,100.71,1.4,80.4,2.6
636,2020-09-28,99.11,100.71,1.4,80.4,2.6
637,2020-09-29,99.11,100.71,1.4,80.4,2.6
638,2020-09-30,99.11,100.71,1.4,80.4,2.6
639,2020-10-01,99.25,100.98,1.2,81.8,2.6
640,2020-10-02,99.25,100.98,1.2,81.8,2.6
641,2020-10-03,99.25,100.98,1.2,81.8,2.6
642,2020-10-04,99.25,100.98,1.2,81.8,2.6
643,2020-10-05,99.25,100.98,1.2,81.8,2.6
644,2020-10-06,99.25,100.98,1.2,81.8,2.6
645,2020-10-07,99.25,100.98,1.2,81.8,2.6
646,2020-10-08,99.25,100.98,1.2,81.8,2.6
647,2020-10-09,99.25,100.98,1.2,81.8,2.6
648,2020-10-10,99.25,100.98,1.2,81.8,2.6
649,2020-10-11,99.25,100.98,1.2,81.8,2.6
650,2020-10-12,99.25,100.98,1.2,81.8,2.6
651,2020-10-13,99.25,100.98,1.2,81.8,2.6
652,2020-10-14,99.25,100.98,1.2,81.8,2.6
653,2020-10-15,99.25,100.98,1.2,81.8,2.6
654,2020-10-16,99.25,100.98,1.2,81.8,2.6
655,2020-10-17,99.25,100.98,1.2,81.8,2.6
656,2020-10-18,99.25,100.98,1.2,81.8,2.6
657,2020-10-19,99.25,100.98,1.2,81.8,2.6
658,2020-10-20,99.25,100.98,1.2,81.8,2.6
659,2020-10-21,99.25,100.98,1.2,81.8,2.6
660,2020-10-22,99.25,100.98,1.2,81.8,2.6
661,2020-10-23,99.25,100.98,1.2,81.8,2.6
662,2020-10-24,99.25,100.98,1.2,81.8,2.6
663,2020-10-25,99.25,100.98,1.2,81.8,2.6
664,2020-10-26,99.25,100.98,1.2,81.8,2.6
665,2020-10-27,99.25,100.98,1.2,81.8,2.6
666,2020-10-28,99.25,100.98,1.2,81.8,2.6
667,2020-10-29,99.25,100.98,1.2,81.8,2.6
668,2020-10-30,99.25,100.98,1.2,81.8,2.6
669,2020-10-31,99.25,100.98,1.2,81.8,2.6
670,2020-11-01,99.21,101.15,1.2,76.9,2.8
671,2020-11-02,99.21,101.15,1.2,76.9,2.8
672,2020-11-03,99.21,101.15,1.2,76.9,2.8
673,2020-11-04,99.21,101.15,1.2,76.9,2.8
674,2020-11-05,99.21,101.15,1.2,76.9,2.8
675,2020-11-06,99.21,101.15,1.2,76.9,2.8
676,2020-11-07,99.21,101.15,1.2,76.9,2.8
677,2020-11-08,99.21,101.15,1.2,76.9,2.8
678,2020-11-09,99.21,101.15,1.2,76.9,2.8
679,2020-11-10,99.21,101.15,1.2,76.9,2.8
680,2020-11-11,99.21,101.15,1.2,76.9,2.8
681,2020-11-12,99.21,101.15,1.2,76.9,2.8
682,2020-11-13,99.21,101.15,1.2,76.9,2.8
683,2020-11-14,99.21,101.15,1.2,76.9,2.8
684,2020-11-15,99.21,101.15,1.2,76.9,2.8
685,2020-11-16,99.21,101.15,1.2,76.9,2.8
686,2020-11-17,99.21,101.15,1.2,76.9,2.8
687,2020-11-18,99.21,101.15,1.2,76.9,2.8
688,2020-11-19,99.21,101.15,1.2,76.9,2.8
689,2020-11-20,99.21,101.15,1.2,76.9,2.8
690,2020-11-21,99.21,101.15,1.2,76.9,2.8
691,2020-11-22,99.21,101.15,1.2,76.9,2.8
692,2020-11-23,99.21,101.15,1.2,76.9,2.8
693,2020-11-24,99.21,101.15,1.2,76.9,2.8
694,2020-11-25,99.21,101.15,1.2,76.9,2.8
695,2020-11-26,99.21,101.15,1.2,76.9,2.8
696,2020-11-27,99.21,101.15,1.2,76.9,2.8
697,2020-11-28,99.21,101.15,1.2,76.9,2.8
698,2020-11-29,99.21,101.15,1.2,76.9,2.8
699,2020-11-30,99.21,101.15,1.2,76.9,2.8
700,2020-12-01,99.21,101.36,1.4,80.7,2.5
701,2020-12-02,99.21,101.36,1.4,80.7,2.5
702,2020-12-03,99.21,101.36,1.4,80.7,2.5
703,2020-12-04,99.21,101.36,1.4,80.7,2.5
704,2020-12-05,99.21,101.36,1.4,80.7,2.5
705,2020-12-06,99.21,101.36,1.4,80.7,2.5
706,2020-12-07,99.21,101.36,1.4,80.7,2.5
707,2020-12-08,99.21,101.36,1.4,80.7,2.5
708,2020-12-09,99.21,101.36,1.4,80.7,2.5
709,2020-12-10,99.21,101.36,1.4,80.7,2.5
710,2020-12-11,99.21,101.36,1.4,80.7,2.5
711,2020-12-12,99.21,101.36,1.4,80.7,2.5
712,2020-12-13,99.21,101.36,1.4,80.7,2.5
713,2020-12-14,99.21,101.36,1.4,80.7,2.5
714,2020-12-15,99.21,101.36,1.4,80.7,2.5
715,2020-12-16,99.21,101.36,1.4,80.7,2.5
716,2020-12-17,99.21,101.36,1.4,80.7,2.5
717,2020-12-18,99.21,101.36,1.4,80.7,2.5
718,2020-12-19,99.21,101.36,1.4,80.7,2.5
719,2020-12-20,99.21,101.36,1.4,80.7,2.5
720,2020-12-21,99.21,101.36,1.4,80.7,2.5
721,2020-12-22,99.21,101.36,1.4,80.7,2.5
722,2020-12-23,99.21,101.36,1.4,80.7,2.5
723,2020-12-24,99.21,101.36,1.4,80.7,2.5
724,2020-12-25,99.21,101.36,1.4,80.7,2.5
725,2020-12-26,99.21,101.36,1.4,80.7,2.5
726,2020-12-27,99.21,101.36,1.4,80.7,2.5
727,2020-12-28,99.21,101.36,1.4,80.7,2.5
728,2020-12-29,99.21,101.36,1.4,80.7,2.5
729,2020-12-30,99.21,101.36,1.4,80.7,2.5
730,2020-12-31,99.21,101.36,1.4,80.7,2.5
731,2021-01-01,99.22,101.54,1.4,79.0,3.0
732,2021-01-02,99.22,101.54,1.4,79.0,3.0
733,2021-01-03,99.22,101.54,1.4,79.0,3.0
734,2021-01-04,99.22,101.54,1.4,79.0,3.0
735,2021-01-05,99.22,101.54,1.4,79.0,3.0
736,2021-01-06,99.22,101.54,1.4,79.0,3.0
737,2021-01-07,99.22,101.54,1.4,79.0,3.0
738,2021-01-08,99.22,101.54,1.4,79.0,3.0
739,2021-01-09,99.22,101.54,1.4,79.0,3.0
740,2021-01-10,99.22,101.54,1.4,79.0,3.0
741,2021-01-11,99.22,101.54,1.4,79.0,3.0
742,2021-01-12,99.22,101.54,1.4,79.0,3.0
743,2021-01-13,99.22,101.54,1.4,79.0,3.0
744,2021-01-14,99.22,101.54,1.4,79.0,3.0
745,2021-01-15,99.22,101.54,1.4,79.0,3.0
746,2021-01-16,99.22,101.54,1.4,79.0,3.0
747,2021-01-17,99.22,101.54,1.4,79.0,3.0
748,2021-01-18,99.22,101.54,1.4,79.0,3.0
749,2021-01-19,99.22,101.54,1.4,79.0,3.0
750,2021-01-20,99.22,101.54,1.4,79.0,3.0
751,2021-01-21,99.22,101.54,1.4,79.0,3.0
752,2021-01-22,99.22,101.54,1.4,79.0,3.0
753,2021-01-23,99.22,101.54,1.4,79.0,3.0
754,2021-01-24,99.22,101.54,1.4,79.0,3.0
755,2021-01-25,99.22,101.54,1.4,79.0,3.0
756,2021-01-26,99.22,101.54,1.4,79.0,3.0
757,2021-01-27,99.22,101.54,1.4,79.0,3.0
758,2021-01-28,99.22,101.54,1.4,79.0,3.0
759,2021-01-29,99.22,101.54,1.4,79.0,3.0
760,2021-01-30,99.22,101.54,1.4,79.0,3.0
761,2021-01-31,99.22,101.54,1.4,79.0,3.0
762,2021-02-01,99.36,101.78,1.7,76.8,3.3
763,2021-02-02,99.36,101.78,1.7,76.8,3.3
764,2021-02-03,99.36,101.78,1.7,76.8,3.3
765,2021-02-04,99.36,101.78,1.7,76.8,3.3
766,2021-02-05,99.36,101.78,1.7,76.8,3.3
767,2021-02-06,99.36,101.78,1.7,76.8,3.3
768,2021-02-07,99.36,101.78,1.7,76.8,3.3
769,2021-02-08,99.36,101.78,1.7,76.8,3.3
770,2021-02-09,99.36,101.78,1.7,76.8,3.3
771,2021-02-10,99.36,101.78,1.7,76.8,3.3
772,2021-02-11,99.36,101.78,1.7,76.8,3.3
773,2021-02-12,99.36,101.78,1.7,76.8,3.3
774,2021-02-13,99.36,101.78,1.7,76.8,3.3
775,2021-02-14,99.36,101.78,1.7,76.8,3.3
776,2021-02-15,99.36,101.78,1.7,76.8,3.3
777,2021-02-16,99.36,101.78,1.7,76.8,3.3
778,2021-02-17,99.36,101.78,1.7,76.8,3.3
779,2021-02-18,99.36,101.78,1.7,76.8,3.3
780,2021-02-19,99.36,101.78,1.7,76.8,3.3
781,2021-02-20,99.36,101.78,1.7,76.8,3.3
782,2021-02-21,99.36,101.78,1.7,76.8,3.3
783,2021-02-22,99.36,101.78,1.7,76.8,3.3
784,2021-02-23,99.36,101.78,1.7,76.8,3.3
785,2021-02-24,99.36,101.78,1.7,76.8,3.3
786,2021-02-25,99.36,101.78,1.7,76.8,3.3
787,2021-02-26,99.36,101.78,1.7,76.8,3.3
788,2021-02-27,99.36,101.78,1.7,76.8,3.3
789,2021-02-28,99.36,101.78,1.7,76.8,3.3
790,2021-03-01,99.72,101.98,2.6,84.9,3.1
791,2021-03-02,99.72,101.98,2.6,84.9,3.1
792,2021-03-03,99.72,101.98,2.6,84.9,3.1
793,2021-03-04,99.72,101.98,2.6,84.9,3.1
794,2021-03-05,99.72,101.98,2.6,84.9,3.1
795,2021-03-06,99.72,101.98,2.6,84.9,3.1
796,2021-03-07,99.72,101.98,2.6,84.9,3.1
797,2021-03-08,99.72,101.98,2.6,84.9,3.1
798,2021-03-09,99.72,101.98,2.6,84.9,3.1
799,2021-03-10,99.72,101.98,2.6,84.9,3.1
800,2021-03-11,99.72,101.98,2.6,84.9,3.1
801,2021-03-12,99.72,101.98,2.6,84.9,3.1
802,2021-03-13,99.72,101.98,2.6,84.9,3.1
803,2021-03-14,99.72,101.98,2.6,84.9,3.1
804,2021-03-15,99.72,101.98,2.6,84.9,3.1
805,2021-03-16,99.72,101.98,2.6,84.9,3.1
806,2021-03-17,99.72,101.98,2.6,84.9,3.1
807,2021-03-18,99.72,101.98,2.6,84.9,3.1
808,2021-03-19,99.72,101.98,2.6,84.9,3.1
809,2021-03-20,99.72,101.98,2.6,84.9,3.1
810,2021-03-21,99.72,101.98,2.6,84.9,3.1
811,2021-03-22,99.72,101.98,2.6,84.9,3.1
812,2021-03-23,99.72,101.98,2.6,84.9,3.1
813,2021-03-24,99.72,101.98,2.6,84.9,3.1
814,2021-03-25,99.72,101.98,2.6,84.9,3.1
815,2021-03-26,99.72,101.98,2.6,84.9,3.1
816,2021-03-27,99.72,101.98,2.6,84.9,3.1
817,2021-03-28,99.72,101.98,2.6,84.9,3.1
818,2021-03-29,99.72,101.98,2.6,84.9,3.1
819,2021-03-30,99.72,101.98,2.6,84.9,3.1
820,2021-03-31,99.72,101.98,2.6,84.9,3.1
821,2021-04-01,99.96,101.93,4.2,88.3,3.4
822,2021-04-02,99.96,101.93,4.2,88.3,3.4
823,2021-04-03,99.96,101.93,4.2,88.3,3.4
824,2021-04-04,99.96,101.93,4.2,88.3,3.4
825,2021-04-05,99.96,101.93,4.2,88.3,3.4
826,2021-04-06,99.96,101.93,4.2,88.3,3.4
827,2021-04-07,99.96,101.93,4.2,88.3,3.4
828,2021-04-08,99.96,101.93,4.2,88.3,3.4
829,2021-04-09,99.96,101.93,4.2,88.3,3.4
830,2021-04-10,99.96,101.93,4.2,88.3,3.4
831,2021-04-11,99.96,101.93,4.2,88.3,3.4
832,2021-04-12,99.96,101.93,4.2,88.3,3.4
833,2021-04-13,99.96,101.93,4.2,88.3,3.4
834,2021-04-14,99.96,101.93,4.2,88.3,3.4
835,2021-04-15,99.96,101.93,4.2,88.3,3.4
836,2021-04-16,99.96,101.93,4.2,88.3,3.4
837,2021-04-17,99.96,101.93,4.2,88.3,3.4
838,2021-04-18,99.96,101.93,4.2,88.3,3.4
839,2021-04-19,99.96,101.93,4.2,88.3,3.4
840,2021-04-20,99.96,101.93,4.2,88.3,3.4
841,2021-04-21,99.96,101.93,4.2,88.3,3.4
842,2021-04-22,99.96,101.93,4.2,88.3,3.4
843,2021-04-23,99.96,101.93,4.2,88.3,3.4
844,2021-04-24,99.96,101.93,4.2,88.3,3.4
845,2021-04-25,99.96,101.93,4.2,88.3,3.4
846,2021-04-26,99.96,101.93,4.2,88.3,3.4
847,2021-04-27,99.96,101.93,4.2,88.3,3.4
848,2021-04-28,99.96,101.93,4.2,88.3,3.4
849,2021-04-29,99.96,101.93,4.2,88.3,3.4
850,2021-04-30,99.96,101.93,4.2,88.3,3.4
851,2021-05-01,99.9,101.85,5.0,82.9,4.6
852,2021-05-02,99.9,101.85,5.0,82.9,4.6
853,2021-05-03,99.9,101.85,5.0,82.9,4.6
854,2021-05-04,99.9,101.85,5.0,82.9,4.6
855,2021-05-05,99.9,101.85,5.0,82.9,4.6
856,2021-05-06,99.9,101.85,5.0,82.9,4.6
857,2021-05-07,99.9,101.85,5.0,82.9,4.6
858,2021-05-08,99.9,101.85,5.0,82.9,4.6
859,2021-05-09,99.9,101.85,5.0,82.9,4.6
860,2021-05-10,99.9,101.85,5.0,82.9,4.6
861,2021-05-11,99.9,101.85,5.0,82.9,4.6
862,2021-05-12,99.9,101.85,5.0,82.9,4.6
863,2021-05-13,99.9,101.85,5.0,82.9,4.6
864,2021-05-14,99.9,101.85,5.0,82.9,4.6
865,2021-05-15,99.9,101.85,5.0,82.9,4.6
866,2021-05-16,99.9,101.85,5.0,82.9,4.6
867,2021-05-17,99.9,101.85,5.0,82.9,4.6
868,2021-05-18,99.9,101.85,5.0,82.9,4.6
869,2021-05-19,99.9,101.85,5.0,82.9,4.6
870,2021-05-20,99.9,101.85,5.0,82.9,4.6
871,2021-05-21,99.9,101.85,5.0,82.9,4.6
872,2021-05-22,99.9,101.85,5.0,82.9,4.6
873,2021-05-23,99.9,101.85,5.0,82.9,4.6
874,2021-05-24,99.9,101.85,5.0,82.9,4.6
875,2021-05-25,99.9,101.85,5.0,82.9,4.6
876,2021-05-26,99.9,101.85,5.0,82.9,4.6
877,2021-05-27,99.9,101.85,5.0,82.9,4.6
878,2021-05-28,99.9,101.85,5.0,82.9,4.6
879,2021-05-29,99.9,101.85,5.0,82.9,4.6
880,2021-05-30,99.9,101.85,5.0,82.9,4.6
881,2021-05-31,99.9,101.85,5.0,82.9,4.6
882,2021-06-01,99.69,101.72,5.4,85.5,4.2
883,2021-06-02,99.69,101.72,5.4,85.5,4.2
884,2021-06-03,99.69,101.72,5.4,85.5,4.2
885,2021-06-04,99.69,101.72,5.4,85.5,4.2
886,2021-06-05,99.69,101.72,5.4,85.5,4.2
887,2021-06-06,99.69,101.72,5.4,85.5,4.2
888,2021-06-07,99.69,101.72,5.4,85.5,4.2
889,2021-06-08,99.69,101.72,5.4,85.5,4.2
890,2021-06-09,99.69,101.72,5.4,85.5,4.2
891,2021-06-10,99.69,101.72,5.4,85.5,4.2
892,2021-06-11,99.69,101.72,5.4,85.5,4.2
893,2021-06-12,99.69,101.72,5.4,85.5,4.2
894,2021-06-13,99.69,101.72,5.4,85.5,4.2
895,2021-06-14,99.69,101.72,5.4,85.5,4.2
896,2021-06-15,99.69,101.72,5.4,85.5,4.2
897,2021-06-16,99.69,101.72,5.4,85.5,4.2
898,2021-06-17,99.69,101.72,5.4,85.5,4.2
899,2021-06-18,99.69,101.72,5.4,85.5,4.2
900,2021-06-19,99.69,101.72,5.4,85.5,4.2
901,2021-06-20,99.69,101.72,5.4,85.5,4.2
902,2021-06-21,99.69,101.72,5.4,85.5,4.2
903,2021-06-22,99.69,101.72,5.4,85.5,4.2
904,2021-06-23,99.69,101.72,5.4,85.5,4.2
905,2021-06-24,99.69,101.72,5.4,85.5,4.2
906,2021-06-25,99.69,101.72,5.4,85.5,4.2
907,2021-06-26,99.69,101.72,5.4,85.5,4.2
908,2021-06-27,99.69,101.72,5.4,85.5,4.2
909,2021-06-28,99.69,101.72,5.4,85.5,4.2
910,2021-06-29,99.69,101.72,5.4,85.5,4.2
911,2021-06-30,99.69,101.72,5.4,85.5,4.2
912,2021-07-01,99.23,101.58,5.4,81.2,4.7
913,2021-07-02,99.23,101.58,5.4,81.2,4.7
914,2021-07-03,99.23,101.58,5.4,81.2,4.7
915,2021-07-04,99.23,101.58,5.4,81.2,4.7
916,2021-07-05,99.23,101.58,5.4,81.2,4.7
917,2021-07-06,99.23,101.58,5.4,81.2,4.7
918,2021-07-07,99.23,101.58,5.4,81.2,4.7
919,2021-07-08,99.23,101.58,5.4,81.2,4.7
920,2021-07-09,99.23,101.58,5.4,81.2,4.7
921,2021-07-10,99.23,101.58,5.4,81.2,4.7
922,2021-07-11,99.23,101.58,5.4,81.2,4.7
923,2021-07-12,99.23,101.58,5.4,81.2,4.7
924,2021-07-13,99.23,101.58,5.4,81.2,4.7
925,2021-07-14,99.23,101.58,5.4,81.2,4.7
926,2021-07-15,99.23,101.58,5.4,81.2,4.7
927,2021-07-16,99.23,101.58,5.4,81.2,4.7
928,2021-07-17,99.23,101.58,5.4,81.2,4.7
929,2021-07-18,99.23,101.58,5.4,81.2,4.7
930,2021-07-19,99.23,101.58,5.4,81.2,4.7
931,2021-07-20,99.23,101.58,5.4,81.2,4.7
932,2021-07-21,99.23,101.58,5.4,81.2,4.7
933,2021-07-22,99.23,101.58,5.4,81.2,4.7
934,2021-07-23,99.23,101.58,5.4,81.2,4.7
935,2021-07-24,99.23,101.58,5.4,81.2,4.7
936,2021-07-25,99.23,101.58,5.4,81.2,4.7
937,2021-07-26,99.23,101.58,5.4,81.2,4.7
938,2021-07-27,99.23,101.58,5.4,81.2,4.7
939,2021-07-28,99.23,101.58,5.4,81.2,4.7
940,2021-07-29,99.23,101.58,5.4,81.2,4.7
941,2021-07-30,99.23,101.58,5.4,81.2,4.7
942,2021-07-31,99.23,101.58,5.4,81.2,4.7
943,2021-08-01,98.67,101.54,5.3,70.3,4.6
944,2021-08-02,98.67,101.54,5.3,70.3,4.6
945,2021-08-03,98.67,101.54,5.3,70.3,4.6
946,2021-08-04,98.67,101.54,5.3,70.3,4.6
947,2021-08-05,98.67,101.54,5.3,70.3,4.6
948,2021-08-06,98.67,101.54,5.3,70.3,4.6
949,2021-08-07,98.67,101.54,5.3,70.3,4.6
950,2021-08-08,98.67,101.54,5.3,70.3,4.6
951,2021-08-09,98.67,101.54,5.3,70.3,4.6
952,2021-08-10,98.67,101.54,5.3,70.3,4.6
953,2021-08-11,98.67,101.54,5.3,70.3,4.6
954,2021-08-12,98.67,101.54,5.3,70.3,4.6
955,2021-08-13,98.67,101.54,5.3,70.3,4.6
956,2021-08-14,98.67,101.54,5.3,70.3,4.6
957,2021-08-15,98.67,101.54,5.3,70.3,4.6
958,2021-08-16,98.67,101.54,5.3,70.3,4.6
959,2021-08-17,98.67,101.54,5.3,70.3,4.6
960,2021-08-18,98.67,101.54,5.3,70.3,4.6
961,2021-08-19,98.67,101.54,5.3,70.3,4.6
962,2021-08-20,98.67,101.54,5.3,70.3,4.6
963,2021-08-21,98.67,101.54,5.3,70.3,4.6
964,2021-08-22,98.67,101.54,5.3,70.3,4.6
965,2021-08-23,98.67,101.54,5.3,70.3,4.6
966,2021-08-24,98.67,101.54,5.3,70.3,4.6
967,2021-08-25,98.67,101.54,5.3,70.3,4.6
968,2021-08-26,98.67,101.54,5.3,70.3,4.6
969,2021-08-27,98.67,101.54,5.3,70.3,4.6
970,2021-08-28,98.67,101.54,5.3,70.3,4.6
971,2021-08-29,98.67,101.54,5.3,70.3,4.6
972,2021-08-30,98.67,101.54,5.3,70.3,4.6
973,2021-08-31,98.67,101.54,5.3,70.3,4.6
974,2021-09-01,98.38,101.58,5.4,72.8,4.6
975,2021-09-02,98.38,101.58,5.4,72.8,4.6
976,2021-09-03,98.38,101.58,5.4,72.8,4.6
977,2021-09-04,98.38,101.58,5.4,72.8,4.6
978,2021-09-05,98.38,101.58,5.4,72.8,4.6
979,2021-09-06,98.38,101.58,5.4,72.8,4.6
980,2021-09-07,98.38,101.58,5.4,72.8,4.6
981,2021-09-08,98.38,101.58,5.4,72.8,4.6
982,2021-09-09,98.38,101.58,5.4,72.8,4.6
983,2021-09-10,98.38,101.58,5.4,72.8,4.6
984,2021-09-11,98.38,101.58,5.4,72.8,4.6
985,2021-09-12,98.38,101.58,5.4,72.8,4.6
986,2021-09-13,98.38,101.58,5.4,72.8,4.6
987,2021-09-14,98.38,101.58,5.4,72.8,4.6
988,2021-09-15,98.38,101.58,5.4,72.8,4.6
989,2021-09-16,98.38,101.58,5.4,72.8,4.6
990,2021-09-17,98.38,101.58,5.4,72.8,4.6
991,2021-09-18,98.38,101.58,5.4,72.8,4.6
992,2021-09-19,98.38,101.58,5.4,72.8,4.6
993,2021-09-20,98.38,101.58,5.4,72.8,4.6
994,2021-09-21,98.38,101.58,5.4,72.8,4.6
995,2021-09-22,98.38,101.58,5.4,72.8,4.6
996,2021-09-23,98.38,101.58,5.4,72.8,4.6
997,2021-09-24,98.38,101.58,5.4,72.8,4.6
998,2021-09-25,98.38,101.58,5.4,72.8,4.6
999,2021-09-26,98.38,101.58,5.4,72.8,4.6
1000,2021-09-27,98.38,101.58,5.4,72.8,4.6
1001,2021-09-28,98.38,101.58,5.4,72.8,4.6
1002,2021-09-29,98.38,101.58,5.4,72.8,4.6
1003,2021-09-30,98.38,101.58,5.4,72.8,4.6
1004,2021-10-01,98.2,101.58,6.2,71.7,4.8
1005,2021-10-02,98.2,101.58,6.2,71.7,4.8
1006,2021-10-03,98.2,101.58,6.2,71.7,4.8
1007,2021-10-04,98.2,101.58,6.2,71.7,4.8
1008,2021-10-05,98.2,101.58,6.2,71.7,4.8
1009,2021-10-06,98.2,101.58,6.2,71.7,4.8
1010,2021-10-07,98.2,101.58,6.2,71.7,4.8
1011,2021-10-08,98.2,101.58,6.2,71.7,4.8
1012,2021-10-09,98.2,101.58,6.2,71.7,4.8
1013,2021-10-10,98.2,101.58,6.2,71.7,4.8
1014,2021-10-11,98.2,101.58,6.2,71.7,4.8
1015,2021-10-12,98.2,101.58,6.2,71.7,4.8
1016,2021-10-13,98.2,101.58,6.2,71.7,4.8
1017,2021-10-14,98.2,101.58,6.2,71.7,4.8
1018,2021-10-15,98.2,101.58,6.2,71.7,4.8
1019,2021-10-16,98.2,101.58,6.2,71.7,4.8
1020,2021-10-17,98.2,101.58,6.2,71.7,4.8
1021,2021-10-18,98.2,101.58,6.2,71.7,4.8
1022,2021-10-19,98.2,101.58,6.2,71.7,4.8
1023,2021-10-20,98.2,101.58,6.2,71.7,4.8
1024,2021-10-21,98.2,101.58,6.2,71.7,4.8
1025,2021-10-22,98.2,101.58,6.2,71.7,4.8
1026,2021-10-23,98.2,101.58,6.2,71.7,4.8
1027,2021-10-24,98.2,101.58,6.2,71.7,4.8
1028,2021-10-25,98.2,101.58,6.2,71.7,4.8
1029,2021-10-26,98.2,101.58,6.2,71.7,4.8
1030,2021-10-27,98.2,101.58,6.2,71.7,4.8
1031,2021-10-28,98.2,101.58,6.2,71.7,4.8
1032,2021-10-29,98.2,101.58,6.2,71.7,4.8
1033,2021-10-30,98.2,101.58,6.2,71.7,4.8
1034,2021-10-31,98.2,101.58,6.2,71.7,4.8
1035,2021-11-01,98.04,101.5,6.8,67.4,4.9
1036,2021-11-02,98.04,101.5,6.8,67.4,4.9
1037,2021-11-03,98.04,101.5,6.8,67.4,4.9
1038,2021-11-04,98.04,101.5,6.8,67.4,4.9
1039,2021-11-05,98.04,101.5,6.8,67.4,4.9
1040,2021-11-06,98.04,101.5,6.8,67.4,4.9
1041,2021-11-07,98.04,101.5,6.8,67.4,4.9
1042,2021-11-08,98.04,101.5,6.8,67.4,4.9
1043,2021-11-09,98.04,101.5,6.8,67.4,4.9
1044,2021-11-10,98.04,101.5,6.8,67.4,4.9
1045,2021-11-11,98.04,101.5,6.8,67.4,4.9
1046,2021-11-12,98.04,101.5,6.8,67.4,4.9
1047,2021-11-13,98.04,101.5,6.8,67.4,4.9
1048,2021-11-14,98.04,101.5,6.8,67.4,4.9
1049,2021-11-15,98.04,101.5,6.8,67.4,4.9
1050,2021-11-16,98.04,101.5,6.8,67.4,4.9
1051,2021-11-17,98.04,101.5,6.8,67.4,4.9
1052,2021-11-18,98.04,101.5,6.8,67.4,4.9
1053,2021-11-19,98.04,101.5,6.8,67.4,4.9
1054,2021-11-20,98.04,101.5,6.8,67.4,4.9
1055,2021-11-21,98.04,101.5,6.8,67.4,4.9
1056,2021-11-22,98.04,101.5,6.8,67.4,4.9
1057,2021-11-23,98.04,101.5,6.8,67.4,4.9
1058,2021-11-24,98.04,101.5,6.8,67.4,4.9
1059,2021-11-25,98.04,101.5,6.8,67.4,4.9
1060,2021-11-26,98.04,101.5,6.8,67.4,4.9
1061,2021-11-27,98.04,101.5,6.8,67.4,4.9
1062,2021-11-28,98.04,101.5,6.8,67.4,4.9
1063,2021-11-29,98.04,101.5,6.8,67.4,4.9
1064,2021-11-30,98.04,101.5,6.8,67.4,4.9
1065,2021-12-01,97.94,101.3,7.0,70.6,4.8
1066,2021-12-02,97.94,101.3,7.0,70.6,4.8
1067,2021-12-03,97.94,101.3,7.0,70.6,4.8
1068,2021-12-04,97.94,101.3,7.0,70.6,4.8
1069,2021-12-05,97.94,101.3,7.0,70.6,4.8
1070,2021-12-06,97.94,101.3,7.0,70.6,4.8
1071,2021-12-07,97.94,101.3,7.0,70.6,4.8
1072,2021-12-08,97.94,101.3,7.0,70.6,4.8
1073,2021-12-09,97.94,101.3,7.0,70.6,4.8
1074,2021-12-10,97.94,101.3,7.0,70.6,4.8
1075,2021-12-11,97.94,101.3,7.0,70.6,4.8
1076,2021-12-12,97.94,101.3,7.0,70.6,4.8
1077,2021-12-13,97.94,101.3,7.0,70.6,4.8
1078,2021-12-14,97.94,101.3,7.0,70.6,4.8
1079,2021-12-15,97.94,101.3,7.0,70.6,4.8
1080,2021-12-16,97.94,101.3,7.0,70.6,4.8
1081,2021-12-17,97.94,101.3,7.0,70.6,4.8
1082,2021-12-18,97.94,101.3,7.0,70.6,4.8
1083,2021-12-19,97.94,101.3,7.0,70.6,4.8
1084,2021-12-20,97.94,101.3,7.0,70.6,4.8
1085,2021-12-21,97.94,101.3,7.0,70.6,4.8
1086,2021-12-22,97.94,101.3,7.0,70.6,4.8
1087,2021-12-23,97.94,101.3,7.0,70.6,4.8
1088,2021-12-24,97.94,101.3,7.0,70.6,4.8
1089,2021-12-25,97.94,101.3,7.0,70.6,4.8
1090,2021-12-26,97.94,101.3,7.0,70.6,4.8
1091,2021-12-27,97.94,101.3,7.0,70.6,4.8
1092,2021-12-28,97.94,101.3,7.0,70.6,4.8
1093,2021-12-29,97.94,101.3,7.0,70.6,4.8
1094,2021-12-30,97.94,101.3,7.0,70.6,4.8
1095,2021-12-31,97.94,101.3,7.0,70.6,4.8
1096,2022-01-01,97.71,101.12,7.5,67.2,4.9
1097,2022-01-02,97.71,101.12,7.5,67.2,4.9
1098,2022-01-03,97.71,101.12,7.5,67.2,4.9
1099,2022-01-04,97.71,101.12,7.5,67.2,4.9
1100,2022-01-05,97.71,101.12,7.5,67.2,4.9
1101,2022-01-06,97.71,101.12,7.5,67.2,4.9
1102,2022-01-07,97.71,101.12,7.5,67.2,4.9
1103,2022-01-08,97.71,101.12,7.5,67.2,4.9
1104,2022-01-09,97.71,101.12,7.5,67.2,4.9
1105,2022-01-10,97.71,101.12,7.5,67.2,4.9
1106,2022-01-11,97.71,101.12,7.5,67.2,4.9
1107,2022-01-12,97.71,101.12,7.5,67.2,4.9
1108,2022-01-13,97.71,101.12,7.5,67.2,4.9
1109,2022-01-14,97.71,101.12,7.5,67.2,4.9
1110,2022-01-15,97.71,101.12,7.5,67.2,4.9
1111,2022-01-16,97.71,101.12,7.5,67.2,4.9
1112,2022-01-17,97.71,101.12,7.5,67.2,4.9
1113,2022-01-18,97.71,101.12,7.5,67.2,4.9
1114,2022-01-19,97.71,101.12,7.5,67.2,4.9
1115,2022-01-20,97.71,101.12,7.5,67.2,4.9
1116,2022-01-21,97.71,101.12,7.5,67.2,4.9
1117,2022-01-22,97.71,101.12,7.5,67.2,4.9
1118,2022-01-23,97.71,101.12,7.5,67.2,4.9
1119,2022-01-24,97.71,101.12,7.5,67.2,4.9
1120,2022-01-25,97.71,101.12,7.5,67.2,4.9
1121,2022-01-26,97.71,101.12,7.5,67.2,4.9
1122,2022-01-27,97.71,101.12,7.5,67.2,4.9
1123,2022-01-28,97.71,101.12,7.5,67.2,4.9
1124,2022-01-29,97.71,101.12,7.5,67.2,4.9
1125,2022-01-30,97.71,101.12,7.5,67.2,4.9
1126,2022-01-31,97.71,101.12,7.5,67.2,4.9
1127,2022-02-01,97.41,101.01,7.9,62.8,4.9
1128,2022-02-02,97.41,101.01,7.9,62.8,4.9
1129,2022-02-03,97.41,101.01,7.9,62.8,4.9
1130,2022-02-04,97.41,101.01,7.9,62.8,4.9
1131,2022-02-05,97.41,101.01,7.9,62.8,4.9
1132,2022-02-06,97.41,101.01,7.9,62.8,4.9
1133,2022-02-07,97.41,101.01,7.9,62.8,4.9
1134,2022-02-08,97.41,101.01,7.9,62.8,4.9
1135,2022-02-09,97.41,101.01,7.9,62.8,4.9
1136,2022-02-10,97.41,101.01,7.9,62.8,4.9
1137,2022-02-11,97.41,101.01,7.9,62.8,4.9
1138,2022-02-12,97.41,101.01,7.9,62.8,4.9
1139,2022-02-13,97.41,101.01,7.9,62.8,4.9
1140,2022-02-14,97.41,101.01,7.9,62.8,4.9
1141,2022-02-15,97.41,101.01,7.9,62.8,4.9
1142,2022-02-16,97.41,101.01,7.9,62.8,4.9
1143,2022-02-17,97.41,101.01,7.9,62.8,4.9
1144,2022-02-18,97.41,101.01,7.9,62.8,4.9
1145,2022-02-19,97.41,101.01,7.9,62.8,4.9
1146,2022-02-20,97.41,101.01,7.9,62.8,4.9
1147,2022-02-21,97.41,101.01,7.9,62.8,4.9
1148,2022-02-22,97.41,101.01,7.9,62.8,4.9
1149,2022-02-23,97.41,101.01,7.9,62.8,4.9
1150,2022-02-24,97.41,101.01,7.9,62.8,4.9
1151,2022-02-25,97.41,101.01,7.9,62.8,4.9
1152,2022-02-26,97.41,101.01,7.9,62.8,4.9
1153,2022-02-27,97.41,101.01,7.9,62.8,4.9
1154,2022-02-28,97.41,101.01,7.9,62.8,4.9
1155,2022-03-01,97.17,100.85,8.5,59.4,5.4
1156,2022-03-02,97.17,100.85,8.5,59.4,5.4
1157,2022-03-03,97.17,100.85,8.5,59.4,5.4
1158,2022-03-04,97.17,100.85,8.5,59.4,5.4
1159,2022-03-05,97.17,100.85,8.5,59.4,5.4
1160,2022-03-06,97.17,100.85,8.5,59.4,5.4
1161,2022-03-07,97.17,100.85,8.5,59.4,5.4
1162,2022-03-08,97.17,100.85,8.5,59.4,5.4
1163,2022-03-09,97.17,100.85,8.5,59.4,5.4
1164,2022-03-10,97.17,100.85,8.5,59.4,5.4
1165,2022-03-11,97.17,100.85,8.5,59.4,5.4
1166,2022-03-12,97.17,100.85,8.5,59.4,5.4
1167,2022-03-13,97.17,100.85,8.5,59.4,5.4
1168,2022-03-14,97.17,100.85,8.5,59.4,5.4
1169,2022-03-15,97.17,100.85,8.5,59.4,5.4
1170,2022-03-16,97.17,100.85,8.5,59.4,5.4
1171,2022-03-17,97.17,100.85,8.5,59.4,5.4
1172,2022-03-18,97.17,100.85,8.5,59.4,5.4
1173,2022-03-19,97.17,100.85,8.5,59.4,5.4
1174,2022-03-20,97.17,100.85,8.5,59.4,5.4
1175,2022-03-21,97.17,100.85,8.5,59.4,5.4
1176,2022-03-22,97.17,100.85,8.5,59.4,5.4
1177,2022-03-23,97.17,100.85,8.5,59.4,5.4
1178,2022-03-24,97.17,100.85,8.5,59.4,5.4
1179,2022-03-25,97.17,100.85,8.5,59.4,5.4
1180,2022-03-26,97.17,100.85,8.5,59.4,5.4
1181,2022-03-27,97.17,100.85,8.5,59.4,5.4
1182,2022-03-28,97.17,100.85,8.5,59.4,5.4
1183,2022-03-29,97.17,100.85,8.5,59.4,5.4
1184,2022-03-30,97.17,100.85,8.5,59.4,5.4
1185,2022-03-31,97.17,100.85,8.5,59.4,5.4
1186,2022-04-01,97.01,100.65,8.3,65.2,5.4
1187,2022-04-02,97.01,100.65,8.3,65.2,5.4
1188,2022-04-03,97.01,100.65,8.3,65.2,5.4
1189,2022-04-04,97.01,100.65,8.3,65.2,5.4
1190,2022-04-05,97.01,100.65,8.3,65.2,5.4
1191,2022-04-06,97.01,100.65,8.3,65.2,5.4
1192,2022-04-07,97.01,100.65,8.3,65.2,5.4
1193,2022-04-08,97.01,100.65,8.3,65.2,5.4
1194,2022-04-09,97.01,100.65,8.3,65.2,5.4
1195,2022-04-10,97.01,100.65,8.3,65.2,5.4
1196,2022-04-11,97.01,100.65,8.3,65.2,5.4
1197,2022-04-12,97.01,100.65,8.3,65.2,5.4
1198,2022-04-13,97.01,100.65,8.3,65.2,5.4
1199,2022-04-14,97.01,100.65,8.3,65.2,5.4
1200,2022-04-15,97.01,100.65,8.3,65.2,5.4
1201,2022-04-16,97.01,100.65,8.3,65.2,5.4
1202,2022-04-17,97.01,100.65,8.3,65.2,5.4
1203,2022-04-18,97.01,100.65,8.3,65.2,5.4
1204,2022-04-19,97.01,100.65,8.3,65.2,5.4
1205,2022-04-20,97.01,100.65,8.3,65.2,5.4
1206,2022-04-21,97.01,100.65,8.3,65.2,5.4
1207,2022-04-22,97.01,100.65,8.3,65.2,5.4
1208,2022-04-23,97.01,100.65,8.3,65.2,5.4
1209,2022-04-24,97.01,100.65,8.3,65.2,5.4
1210,2022-04-25,97.01,100.65,8.3,65.2,5.4
1211,2022-04-26,97.01,100.65,8.3,65.2,5.4
1212,2022-04-27,97.01,100.65,8.3,65.2,5.4
1213,2022-04-28,97.01,100.65,8.3,65.2,5.4
1214,2022-04-29,97.01,100.65,8.3,65.2,5.4
1215,2022-04-30,97.01,100.65,8.3,65.2,5.4
1216,2022-05-01,96.61,100.44,8.6,58.4,5.3
1217,2022-05-02,96.61,100.44,8.6,58.4,5.3
1218,2022-05-03,96.61,100.44,8.6,58.4,5.3
1219,2022-05-04,96.61,100.44,8.6,58.4,5.3
1220,2022-05-05,96.61,100.44,8.6,58.4,5.3
1221,2022-05-06,96.61,100.44,8.6,58.4,5.3
1222,2022-05-07,96.61,100.44,8.6,58.4,5.3
1223,2022-05-08,96.61,100.44,8.6,58.4,5.3
1224,2022-05-09,96.61,100.44,8.6,58.4,5.3
1225,2022-05-10,96.61,100.44,8.6,58.4,5.3
1226,2022-05-11,96.61,100.44,8.6,58.4,5.3
1227,2022-05-12,96.61,100.44,8.6,58.4,5.3
1228,2022-05-13,96.61,100.44,8.6,58.4,5.3
1229,2022-05-14,96.61,100.44,8.6,58.4,5.3
1230,2022-05-15,96.61,100.44,8.6,58.4,5.3
1231,2022-05-16,96.61,100.44,8.6,58.4,5.3
1232,2022-05-17,96.61,100.44,8.6,58.4,5.3
1233,2022-05-18,96.61,100.44,8.6,58.4,5.3
1234,2022-05-19,96.61,100.44,8.6,58.4,5.3
1235,2022-05-20,96.61,100.44,8.6,58.4,5.3
1236,2022-05-21,96.61,100.44,8.6,58.4,5.3
1237,2022-05-22,96.61,100.44,8.6,58.4,5.3
1238,2022-05-23,96.61,100.44,8.6,58.4,5.3
1239,2022-05-24,96.61,100.44,8.6,58.4,5.3
1240,2022-05-25,96.61,100.44,8.6,58.4,5.3
1241,2022-05-26,96.61,100.44,8.6,58.4,5.3
1242,2022-05-27,96.61,100.44,8.6,58.4,5.3
1243,2022-05-28,96.61,100.44,8.6,58.4,5.3
1244,2022-05-29,96.61,100.44,8.6,58.4,5.3
1245,2022-05-30,96.61,100.44,8.6,58.4,5.3
1246,2022-05-31,96.61,100.44,8.6,58.4,5.3
1247,2022-06-01,96.21,100.15,9.1,50.0,5.3
1248,2022-06-02,96.21,100.15,9.1,50.0,5.3
1249,2022-06-03,96.21,100.15,9.1,50.0,5.3
1250,2022-06-04,96.21,100.15,9.1,50.0,5.3
1251,2022-06-05,96.21,100.15,9.1,50.0,5.3
1252,2022-06-06,96.21,100.15,9.1,50.0,5.3
1253,2022-06-07,96.21,100.15,9.1,50.0,5.3
1254,2022-06-08,96.21,100.15,9.1,50.0,5.3
1255,2022-06-09,96.21,100.15,9.1,50.0,5.3
1256,2022-06-10,96.21,100.15,9.1,50.0,5.3
1257,2022-06-11,96.21,100.15,9.1,50.0,5.3
1258,2022-06-12,96.21,100.15,9.1,50.0,5.3
1259,2022-06-13,96.21,100.15,9.1,50.0,5.3
1260,2022-06-14,96.21,100.15,9.1,50.0,5.3
1261,2022-06-15,96.21,100.15,9.1,50.0,5.3
1262,2022-06-16,96.21,100.15,9.1,50.0,5.3
1263,2022-06-17,96.21,100.15,9.1,50.0,5.3
1264,2022-06-18,96.21,100.15,9.1,50.0,5.3
1265,2022-06-19,96.21,100.15,9.1,50.0,5.3
1266,2022-06-20,96.21,100.15,9.1,50.0,5.3
1267,2022-06-21,96.21,100.15,9.1,50.0,5.3
1268,2022-06-22,96.21,100.15,9.1,50.0,5.3
1269,2022-06-23,96.21,100.15,9.1,50.0,5.3
1270,2022-06-24,96.21,100.15,9.1,50.0,5.3
1271,2022-06-25,96.21,100.15,9.1,50.0,5.3
1272,2022-06-26,96.21,100.15,9.1,50.0,5.3
1273,2022-06-27,96.21,100.15,9.1,50.0,5.3
1274,2022-06-28,96.21,100.15,9.1,50.0,5.3
1275,2022-06-29,96.21,100.15,9.1,50.0,5.3
1276,2022-06-30,96.21,100.15,9.1,50.0,5.3
1277,2022-07-01,96.18,99.94,8.5,51.5,5.2
1278,2022-07-02,96.18,99.94,8.5,51.5,5.2
1279,2022-07-03,96.18,99.94,8.5,51.5,5.2
1280,2022-07-04,96.18,99.94,8.5,51.5,5.2
1281,2022-07-05,96.18,99.94,8.5,51.5,5.2
1282,2022-07-06,96.18,99.94,8.5,51.5,5.2
1283,2022-07-07,96.18,99.94,8.5,51.5,5.2
1284,2022-07-08,96.18,99.94,8.5,51.5,5.2
1285,2022-07-09,96.18,99.94,8.5,51.5,5.2
1286,2022-07-10,96.18,99.94,8.5,51.5,5.2
1287,2022-07-11,96.18,99.94,8.5,51.5,5.2
1288,2022-07-12,96.18,99.94,8.5,51.5,5.2
1289,2022-07-13,96.18,99.94,8.5,51.5,5.2
1290,2022-07-14,96.18,99.94,8.5,51.5,5.2
1291,2022-07-15,96.18,99.94,8.5,51.5,5.2
1292,2022-07-16,96.18,99.94,8.5,51.5,5.2
1293,2022-07-17,96.18,99.94,8.5,51.5,5.2
1294,2022-07-18,96.18,99.94,8.5,51.5,5.2
1295,2022-07-19,96.18,99.94,8.5,51.5,5.2
1296,2022-07-20,96.18,99.94,8.5,51.5,5.2
1297,2022-07-21,96.18,99.94,8.5,51.5,5.2
1298,2022-07-22,96.18,99.94,8.5,51.5,5.2
1299,2022-07-23,96.18,99.94,8.5,51.5,5.2
1300,2022-07-24,96.18,99.94,8.5,51.5,5.2
1301,2022-07-25,96.18,99.94,8.5,51.5,5.2
1302,2022-07-26,96.18,99.94,8.5,51.5,5.2
1303,2022-07-27,96.18,99.94,8.5,51.5,5.2
1304,2022-07-28,96.18,99.94,8.5,51.5,5.2
1305,2022-07-29,96.18,99.94,8.5,51.5,5.2
1306,2022-07-30,96.18,99.94,8.5,51.5,5.2
1307,2022-07-31,96.18,99.94,8.5,51.5,5.2
1308,2022-08-01,96.44,99.77,8.3,58.2,4.8
1309,2022-08-02,96.44,99.77,8.3,58.2,4.8
1310,2022-08-03,96.44,99.77,8.3,58.2,4.8
1311,2022-08-04,96.44,99.77,8.3,58.2,4.8
1312,2022-08-05,96.44,99.77,8.3,58.2,4.8
1313,2022-08-06,96.44,99.77,8.3,58.2,4.8
1314,2022-08-07,96.44,99.77,8.3,58.2,4.8
1315,2022-08-08,96.44,99.77,8.3,58.2,4.8
1316,2022-08-09,96.44,99.77,8.3,58.2,4.8
1317,2022-08-10,96.44,99.77,8.3,58.2,4.8
1318,2022-08-11,96.44,99.77,8.3,58.2,4.8
1319,2022-08-12,96.44,99.77,8.3,58.2,4.8
1320,2022-08-13,96.44,99.77,8.3,58.2,4.8
1321,2022-08-14,96.44,99.77,8.3,58.2,4.8
1322,2022-08-15,96.44,99.77,8.3,58.2,4.8
1323,2022-08-16,96.44,99.77,8.3,58.2,4.8
1324,2022-08-17,96.44,99.77,8.3,58.2,4.8
1325,2022-08-18,96.44,99.77,8.3,58.2,4.8
1326,2022-08-19,96.44,99.77,8.3,58.2,4.8
1327,2022-08-20,96.44,99.77,8.3,58.2,4.8
1328,2022-08-21,96.44,99.77,8.3,58.2,4.8
1329,2022-08-22,96.44,99.77,8.3,58.2,4.8
1330,2022-08-23,96.44,99.77,8.3,58.2,4.8
1331,2022-08-24,96.44,99.77,8.3,58.2,4.8
1332,2022-08-25,96.44,99.77,8.3,58.2,4.8
1333,2022-08-26,96.44,99.77,8.3,58.2,4.8
1334,2022-08-27,96.44,99.77,8.3,58.2,4.8
1335,2022-08-28,96.44,99.77,8.3,58.2,4.8
1336,2022-08-29,96.44,99.77,8.3,58.2,4.8
1337,2022-08-30,96.44,99.77,8.3,58.2,4.8
1338,2022-08-31,96.44,99.77,8.3,58.2,4.8
1339,2022-09-01,96.66,99.54,8.2,58.6,4.7
1340,2022-09-02,96.66,99.54,8.2,58.6,4.7
1341,2022-09-03,96.66,99.54,8.2,58.6,4.7
1342,2022-09-04,96.66,99.54,8.2,58.6,4.7
1343,2022-09-05,96.66,99.54,8.2,58.6,4.7
1344,2022-09-06,96.66,99.54,8.2,58.6,4.7
1345,2022-09-07,96.66,99.54,8.2,58.6,4.7
1346,2022-09-08,96.66,99.54,8.2,58.6,4.7
1347,2022-09-09,96.66,99.54,8.2,58.6,4.7
1348,2022-09-10,96.66,99.54,8.2,58.6,4.7
1349,2022-09-11,96.66,99.54,8.2,58.6,4.7
1350,2022-09-12,96.66,99.54,8.2,58.6,4.7
1351,2022-09-13,96.66,99.54,8.2,58.6,4.7
1352,2022-09-14,96.66,99.54,8.2,58.6,4.7
1353,2022-09-15,96.66,99.54,8.2,58.6,4.7
1354,2022-09-16,96.66,99.54,8.2,58.6,4.7
1355,2022-09-17,96.66,99.54,8.2,58.6,4.7
1356,2022-09-18,96.66,99.54,8.2,58.6,4.7
1357,2022-09-19,96.66,99.54,8.2,58.6,4.7
1358,2022-09-20,96.66,99.54,8.2,58.6,4.7
1359,2022-09-21,96.66,99.54,8.2,58.6,4.7
1360,2022-09-22,96.66,99.54,8.2,58.6,4.7
1361,2022-09-23,96.66,99.54,8.2,58.6,4.7
1362,2022-09-24,96.66,99.54,8.2,58.6,4.7
1363,2022-09-25,96.66,99.54,8.2,58.6,4.7
1364,2022-09-26,96.66,99.54,8.2,58.6,4.7
1365,2022-09-27,96.66,99.54,8.2,58.6,4.7
1366,2022-09-28,96.66,99.54,8.2,58.6,4.7
1367,2022-09-29,96.66,99.54,8.2,58.6,4.7
1368,2022-09-30,96.66,99.54,8.2,58.6,4.7
1369,2022-10-01,96.77,99.31,7.7,59.9,5.0
1370,2022-10-02,96.77,99.31,7.7,59.9,5.0
1371,2022-10-03,96.77,99.31,7.7,59.9,5.0
1372,2022-10-04,96.77,99.31,7.7,59.9,5.0
1373,2022-10-05,96.77,99.31,7.7,59.9,5.0
1374,2022-10-06,96.77,99.31,7.7,59.9,5.0
1375,2022-10-07,96.77,99.31,7.7,59.9,5.0
1376,2022-10-08,96.77,99.31,7.7,59.9,5.0
1377,2022-10-09,96.77,99.31,7.7,59.9,5.0
1378,2022-10-10,96.77,99.31,7.7,59.9,5.0
1379,2022-10-11,96.77,99.31,7.7,59.9,5.0
1380,2022-10-12,96.77,99.31,7.7,59.9,5.0
1381,2022-10-13,96.77,99.31,7.7,59.9,5.0
1382,2022-10-14,96.77,99.31,7.7,59.9,5.0
1383,2022-10-15,96.77,99.31,7.7,59.9,5.0
1384,2022-10-16,96.77,99.31,7.7,59.9,5.0
1385,2022-10-17,96.77,99.31,7.7,59.9,5.0
1386,2022-10-18,96.77,99.31,7.7,59.9,5.0
1387,2022-10-19,96.77,99.31,7.7,59.9,5.0
1388,2022-10-20,96.77,99.31,7.7,59.9,5.0
1389,2022-10-21,96.77,99.31,7.7,59.9,5.0
1390,2022-10-22,96.77,99.31,7.7,59.9,5.0
1391,2022-10-23,96.77,99.31,7.7,59.9,5.0
1392,2022-10-24,96.77,99.31,7.7,59.9,5.0
1393,2022-10-25,96.77,99.31,7.7,59.9,5.0
1394,2022-10-26,96.77,99.31,7.7,59.9,5.0
1395,2022-10-27,96.77,99.31,7.7,59.9,5.0
1396,2022-10-28,96.77,99.31,7.7,59.9,5.0
1397,2022-10-29,96.77,99.31,7.7,59.9,5.0
1398,2022-10-30,96.77,99.31,7.7,59.9,5.0
1399,2022-10-31,96.77,99.31,7.7,59.9,5.0
1400,2022-11-01,96.84,99.09,7.1,56.8,5.0
1401,2022-11-02,96.84,99.09,7.1,56.8,5.0
1402,2022-11-03,96.84,99.09,7.1,56.8,5.0
1403,2022-11-04,96.84,99.09,7.1,56.8,5.0
1404,2022-11-05,96.84,99.09,7.1,56.8,5.0
1405,2022-11-06,96.84,99.09,7.1,56.8,5.0
1406,2022-11-07,96.84,99.09,7.1,56.8,5.0
1407,2022-11-08,96.84,99.09,7.1,56.8,5.0
1408,2022-11-09,96.84,99.09,7.1,56.8,5.0
1409,2022-11-10,96.84,99.09,7.1,56.8,5.0
1410,2022-11-11,96.84,99.09,7.1,56.8,5.0
1411,2022-11-12,96.84,99.09,7.1,56.8,5.0
1412,2022-11-13,96.84,99.09,7.1,56.8,5.0
1413,2022-11-14,96.84,99.09,7.1,56.8,5.0
1414,2022-11-15,96.84,99.09,7.1,56.8,5.0
1415,2022-11-16,96.84,99.09,7.1,56.8,5.0
1416,2022-11-17,96.84,99.09,7.1,56.8,5.0
1417,2022-11-18,96.84,99.09,7.1,56.8,5.0
1418,2022-11-19,96.84,99.09,7.1,56.8,5.0
1419,2022-11-20,96.84,99.09,7.1,56.8,5.0
1420,2022-11-21,96.84,99.09,7.1,56.8,5.0
1421,2022-11-22,96.84,99.09,7.1,56.8,5.0
1422,2022-11-23,96.84,99.09,7.1,56.8,5.0
1423,2022-11-24,96.84,99.09,7.1,56.8,5.0
1424,2022-11-25,96.84,99.09,7.1,56.8,5.0
1425,2022-11-26,96.84,99.09,7.1,56.8,5.0
1426,2022-11-27,96.84,99.09,7.1,56.8,5.0
1427,2022-11-28,96.84,99.09,7.1,56.8,5.0
1428,2022-11-29,96.84,99.09,7.1,56.8,5.0
1429,2022-11-30,96.84,99.09,7.1,56.8,5.0
1430,2022-12-01,97.05,98.91,6.5,59.7,4.3
1431,2022-12-02,97.05,98.91,6.5,59.7,4.3
1432,2022-12-03,97.05,98.91,6.5,59.7,4.3
1433,2022-12-04,97.05,98.91,6.5,59.7,4.3
1434,2022-12-05,97.05,98.91,6.5,59.7,4.3
1435,2022-12-06,97.05,98.91,6.5,59.7,4.3
1436,2022-12-07,97.05,98.91,6.5,59.7,4.3
1437,2022-12-08,97.05,98.91,6.5,59.7,4.3
1438,2022-12-09,97.05,98.91,6.5,59.7,4.3
1439,2022-12-10,97.05,98.91,6.5,59.7,4.3
1440,2022-12-11,97.05,98.91,6.5,59.7,4.3
1441,2022-12-12,97.05,98.91,6.5,59.7,4.3
1442,2022-12-13,97.05,98.91,6.5,59.7,4.3
1443,2022-12-14,97.05,98.91,6.5,59.7,4.3
1444,2022-12-15,97.05,98.91,6.5,59.7,4.3
1445,2022-12-16,97.05,98.91,6.5,59.7,4.3
1446,2022-12-17,97.05,98.91,6.5,59.7,4.3
1447,2022-12-18,97.05,98.91,6.5,59.7,4.3
1448,2022-12-19,97.05,98.91,6.5,59.7,4.3
1449,2022-12-20,97.05,98.91,6.5,59.7,4.3
1450,2022-12-21,97.05,98.91,6.5,59.7,4.3
1451,2022-12-22,97.05,98.91,6.5,59.7,4.3
1452,2022-12-23,97.05,98.91,6.5,59.7,4.3
1453,2022-12-24,97.05,98.91,6.5,59.7,4.3
1454,2022-12-25,97.05,98.91,6.5,59.7,4.3
1455,2022-12-26,97.05,98.91,6.5,59.7,4.3
1456,2022-12-27,97.05,98.91,6.5,59.7,4.3
1457,2022-12-28,97.05,98.91,6.5,59.7,4.3
1458,2022-12-29,97.05,98.91,6.5,59.7,4.3
1459,2022-12-30,97.05,98.91,6.5,59.7,4.3
1460,2022-12-31,97.05,98.91,6.5,59.7,4.3
1461,2023-01-01,97.35,98.77,6.4,64.9,3.9
1462,2023-01-02,97.35,98.77,6.4,64.9,3.9
1463,2023-01-03,97.35,98.77,6.4,64.9,3.9
1464,2023-01-04,97.35,98.77,6.4,64.9,3.9
1465,2023-01-05,97.35,98.77,6.4,64.9,3.9
1466,2023-01-06,97.35,98.77,6.4,64.9,3.9
1467,2023-01-07,97.35,98.77,6.4,64.9,3.9
1468,2023-01-08,97.35,98.77,6.4,64.9,3.9
1469,2023-01-09,97.35,98.77,6.4,64.9,3.9
1470,2023-01-10,97.35,98.77,6.4,64.9,3.9
1471,2023-01-11,97.35,98.77,6.4,64.9,3.9
1472,2023-01-12,97.35,98.77,6.4,64.9,3.9
1473,2023-01-13,97.35,98.77,6.4,64.9,3.9
1474,2023-01-14,97.35,98.77,6.4,64.9,3.9
1475,2023-01-15,97.35,98.77,6.4,64.9,3.9
1476,2023-01-16,97.35,98.77,6.4,64.9,3.9
1477,2023-01-17,97.35,98.77,6.4,64.9,3.9
1478,2023-01-18,97.35,98.77,6.4,64.9,3.9
1479,2023-01-19,97.35,98.77,6.4,64.9,3.9
1480,2023-01-20,97.35,98.77,6.4,64.9,3.9
1481,2023-01-21,97.35,98.77,6.4,64.9,3.9
1482,2023-01-22,97.35,98.77,6.4,64.9,3.9
1483,2023-01-23,97.35,98.77,6.4,64.9,3.9
1484,2023-01-24,97.35,98.77,6.4,64.9,3.9
1485,2023-01-25,97.35,98.77,6.4,64.9,3.9
1486,2023-01-26,97.35,98.77,6.4,64.9,3.9
1487,2023-01-27,97.35,98.77,6.4,64.9,3.9
1488,2023-01-28,97.35,98.77,6.4,64.9,3.9
1489,2023-01-29,97.35,98.77,6.4,64.9,3.9
1490,2023-01-30,97.35,98.77,6.4,64.9,3.9
1491,2023-01-31,97.35,98.77,6.4,64.9,3.9
1492,2023-02-01,97.46,98.67,6.0,66.9,4.2
1493,2023-02-02,97.46,98.67,6.0,66.9,4.2
1494,2023-02-03,97.46,98.67,6.0,66.9,4.2
1495,2023-02-04,97.46,98.67,6.0,66.9,4.2
1496,2023-02-05,97.46,98.67,6.0,66.9,4.2
1497,2023-02-06,97.46,98.67,6.0,66.9,4.2
1498,2023-02-07,97.46,98.67,6.0,66.9,4.2
1499,2023-02-08,97.46,98.67,6.0,66.9,4.2
1500,2023-02-09,97.46,98.67,6.0,66.9,4.2
1501,2023-02-10,97.46,98.67,6.0,66.9,4.2
1502,2023-02-11,97.46,98.67,6.0,66.9,4.2
1503,2023-02-12,97.46,98.67,6.0,66.9,4.2
1504,2023-02-13,97.46,98.67,6.0,66.9,4.2
1505,2023-02-14,97.46,98.67,6.0,66.9,4.2
1506,2023-02-15,97.46,98.67,6.0,66.9,4.2
1507,2023-02-16,97.46,98.67,6.0,66.9,4.2
1508,2023-02-17,97.46,98.67,6.0,66.9,4.2
1509,2023-02-18,97.46,98.67,6.0,66.9,4.2
1510,2023-02-19,97.46,98.67,6.0,66.9,4.2
1511,2023-02-20,97.46,98.67,6.0,66.9,4.2
1512,2023-02-21,97.46,98.67,6.0,66.9,4.2
1513,2023-02-22,97.46,98.67,6.0,66.9,4.2
1514,2023-02-23,97.46,98.67,6.0,66.9,4.2
1515,2023-02-24,97.46,98.67,6.0,66.9,4.2
1516,2023-02-25,97.46,98.67,6.0,66.9,4.2
1517,2023-02-26,97.46,98.67,6.0,66.9,4.2
1518,2023-02-27,97.46,98.67,6.0,66.9,4.2
1519,2023-02-28,97.46,98.67,6.0,66.9,4.2
1520,2023-03-01,97.35,98.58,5.0,62.0,3.6
1521,2023-03-02,97.35,98.58,5.0,62.0,3.6
1522,2023-03-03,97.35,98.58,5.0,62.0,3.6
1523,2023-03-04,97.35,98.58,5.0,62.0,3.6
1524,2023-03-05,97.35,98.58,5.0,62.0,3.6
1525,2023-03-06,97.35,98.58,5.0,62.0,3.6
1526,2023-03-07,97.35,98.58,5.0,62.0,3.6
1527,2023-03-08,97.35,98.58,5.0,62.0,3.6
1528,2023-03-09,97.35,98.58,5.0,62.0,3.6
1529,2023-03-10,97.35,98.58,5.0,62.0,3.6
1530,2023-03-11,97.35,98.58,5.0,62.0,3.6
1531,2023-03-12,97.35,98.58,5.0,62.0,3.6
1532,2023-03-13,97.35,98.58,5.0,62.0,3.6
1533,2023-03-14,97.35,98.58,5.0,62.0,3.6
1534,2023-03-15,97.35,98.58,5.0,62.0,3.6
1535,2023-03-16,97.35,98.58,5.0,62.0,3.6
1536,2023-03-17,97.35,98.58,5.0,62.0,3.6
1537,2023-03-18,97.35,98.58,5.0,62.0,3.6
1538,2023-03-19,97.35,98.58,5.0,62.0,3.6
1539,2023-03-20,97.35,98.58,5.0,62.0,3.6
1540,2023-03-21,97.35,98.58,5.0,62.0,3.6
1541,2023-03-22,97.35,98.58,5.0,62.0,3.6
1542,2023-03-23,97.35,98.58,5.0,62.0,3.6
1543,2023-03-24,97.35,98.58,5.0,62.0,3.6
1544,2023-03-25,97.35,98.58,5.0,62.0,3.6
1545,2023-03-26,97.35,98.58,5.0,62.0,3.6
1546,2023-03-27,97.35,98.58,5.0,62.0,3.6
1547,2023-03-28,97.35,98.58,5.0,62.0,3.6
1548,2023-03-29,97.35,98.58,5.0,62.0,3.6
1549,2023-03-30,97.35,98.58,5.0,62.0,3.6
1550,2023-03-31,97.35,98.58,5.0,62.0,3.6
1551,2023-04-01,97.26,98.56,4.9,63.7,4.7
1552,2023-04-02,97.26,98.56,4.9,63.7,4.7
1553,2023-04-03,97.26,98.56,4.9,63.7,4.7
1554,2023-04-04,97.26,98.56,4.9,63.7,4.7
1555,2023-04-05,97.26,98.56,4.9,63.7,4.7
1556,2023-04-06,97.26,98.56,4.9,63.7,4.7
1557,2023-04-07,97.26,98.56,4.9,63.7,4.7
1558,2023-04-08,97.26,98.56,4.9,63.7,4.7
1559,2023-04-09,97.26,98.56,4.9,63.7,4.7
1560,2023-04-10,97.26,98.56,4.9,63.7,4.7
1561,2023-04-11,97.26,98.56,4.9,63.7,4.7
1562,2023-04-12,97.26,98.56,4.9,63.7,4.7
1563,2023-04-13,97.26,98.56,4.9,63.7,4.7
1564,2023-04-14,97.26,98.56,4.9,63.7,4.7
1565,2023-04-15,97.26,98.56,4.9,63.7,4.7
1566,2023-04-16,97.26,98.56,4.9,63.7,4.7
1567,2023-04-17,97.26,98.56,4.9,63.7,4.7
1568,2023-04-18,97.26,98.56,4.9,63.7,4.7
1569,2023-04-19,97.26,98.56,4.9,63.7,4.7
1570,2023-04-20,97.26,98.56,4.9,63.7,4.7
1571,2023-04-21,97.26,98.56,4.9,63.7,4.7
1572,2023-04-22,97.26,98.56,4.9,63.7,4.7
1573,2023-04-23,97.26,98.56,4.9,63.7,4.7
1574,2023-04-24,97.26,98.56,4.9,63.7,4.7
1575,2023-04-25,97.26,98.56,4.9,63.7,4.7
1576,2023-04-26,97.26,98.56,4.9,63.7,4.7
1577,2023-04-27,97.26,98.56,4.9,63.7,4.7
1578,2023-04-28,97.26,98.56,4.9,63.7,4.7
1579,2023-04-29,97.26,98.56,4.9,63.7,4.7
1580,2023-04-30,97.26,98.56,4.9,63.7,4.7
1581,2023-05-01,97.26,98.53,4.0,59.0,4.2
1582,2023-05-02,97.26,98.53,4.0,59.0,4.2
1583,2023-05-03,97.26,98.53,4.0,59.0,4.2
1584,2023-05-04,97.26,98.53,4.0,59.0,4.2
1585,2023-05-05,97.26,98.53,4.0,59.0,4.2
1586,2023-05-06,97.26,98.53,4.0,59.0,4.2
1587,2023-05-07,97.26,98.53,4.0,59.0,4.2
1588,2023-05-08,97.26,98.53,4.0,59.0,4.2
1589,2023-05-09,97.26,98.53,4.0,59.0,4.2
1590,2023-05-10,97.26,98.53,4.0,59.0,4.2
1591,2023-05-11,97.26,98.53,4.0,59.0,4.2
1592,2023-05-12,97.26,98.53,4.0,59.0,4.2
1593,2023-05-13,97.26,98.53,4.0,59.0,4.2
1594,2023-05-14,97.26,98.53,4.0,59.0,4.2
1595,2023-05-15,97.26,98.53,4.0,59.0,4.2
1596,2023-05-16,97.26,98.53,4.0,59.0,4.2
1597,2023-05-17,97.26,98.53,4.0,59.0,4.2
1598,2023-05-18,97.26,98.53,4.0,59.0,4.2
1599,2023-05-19,97.26,98.53,4.0,59.0,4.2
1600,2023-05-20,97.26,98.53,4.0,59.0,4.2
1601,2023-05-21,97.26,98.53,4.0,59.0,4.2
1602,2023-05-22,97.26,98.53,4.0,59.0,4.2
1603,2023-05-23,97.26,98.53,4.0,59.0,4.2
1604,2023-05-24,97.26,98.53,4.0,59.0,4.2
1605,2023-05-25,97.26,98.53,4.0,59.0,4.2
1606,2023-05-26,97.26,98.53,4.0,59.0,4.2
1607,2023-05-27,97.26,98.53,4.0,59.0,4.2
1608,2023-05-28,97.26,98.53,4.0,59.0,4.2
1609,2023-05-29,97.26,98.53,4.0,59.0,4.2
1610,2023-05-30,97.26,98.53,4.0,59.0,4.2
1611,2023-05-31,97.26,98.53,4.0,59.0,4.2
1612,2023-06-01,97.56,98.51,3.0,64.2,3.3
1613,2023-06-02,97.56,98.51,3.0,64.2,3.3
1614,2023-06-03,97.56,98.51,3.0,64.2,3.3
1615,2023-06-04,97.56,98.51,3.0,64.2,3.3
1616,2023-06-05,97.56,98.51,3.0,64.2,3.3
1617,2023-06-06,97.56,98.51,3.0,64.2,3.3
1618,2023-06-07,97.56,98.51,3.0,64.2,3.3
1619,2023-06-08,97.56,98.51,3.0,64.2,3.3
1620,2023-06-09,97.56,98.51,3.0,64.2,3.3
1621,2023-06-10,97.56,98.51,3.0,64.2,3.3
1622,2023-06-11,97.56,98.51,3.0,64.2,3.3
1623,2023-06-12,97.56,98.51,3.0,64.2,3.3
1624,2023-06-13,97.56,98.51,3.0,64.2,3.3
1625,2023-06-14,97.56,98.51,3.0,64.2,3.3
1626,2023-06-15,97.56,98.51,3.0,64.2,3.3
1627,2023-06-16,97.56,98.51,3.0,64.2,3.3
1628,2023-06-17,97.56,98.51,3.0,64.2,3.3
1629,2023-06-18,97.56,98.51,3.0,64.2,3.3
1630,2023-06-19,97.56,98.51,3.0,64.2,3.3
1631,2023-06-20,97.56,98.51,3.0,64.2,3.3
1632,2023-06-21,97.56,98.51,3.0,64.2,3.3
1633,2023-06-22,97.56,98.51,3.0,64.2,3.3
1634,2023-06-23,97.56,98.51,3.0,64.2,3.3
1635,2023-06-24,97.56,98.51,3.0,64.2,3.3
1636,2023-06-25,97.56,98.51,3.0,64.2,3.3
1637,2023-06-26,97.56,98.51,3.0,64.2,3.3
1638,2023-06-27,97.56,98.51,3.0,64.2,3.3
1639,2023-06-28,97.56,98.51,3.0,64.2,3.3
1640,2023-06-29,97.56,98.51,3.0,64.2,3.3
1641,2023-06-30,97.56,98.51,3.0,64.2,3.3
1642,2023-07-01,97.92,98.59,3.2,71.5,3.4
1643,2023-07-02,97.92,98.59,3.2,71.5,3.4
1644,2023-07-03,97.92,98.59,3.2,71.5,3.4
1645,2023-07-04,97.92,98.59,3.2,71.5,3.4
1646,2023-07-05,97.92,98.59,3.2,71.5,3.4
1647,2023-07-06,97.92,98.59,3.2,71.5,3.4
1648,2023-07-07,97.92,98.59,3.2,71.5,3.4
1649,2023-07-08,97.92,98.59,3.2,71.5,3.4
1650,2023-07-09,97.92,98.59,3.2,71.5,3.4
1651,2023-07-10,97.92,98.59,3.2,71.5,3.4
1652,2023-07-11,97.92,98.59,3.2,71.5,3.4
1653,2023-07-12,97.92,98.59,3.2,71.5,3.4
1654,2023-07-13,97.92,98.59,3.2,71.5,3.4
1655,2023-07-14,97.92,98.59,3.2,71.5,3.4
1656,2023-07-15,97.92,98.59,3.2,71.5,3.4
1657,2023-07-16,97.92,98.59,3.2,71.5,3.4
1658,2023-07-17,97.92,98.59,3.2,71.5,3.4
1659,2023-07-18,97.92,98.59,3.2,71.5,3.4
1660,2023-07-19,97.92,98.59,3.2,71.5,3.4
1661,2023-07-20,97.92,98.59,3.2,71.5,3.4
1662,2023-07-21,97.92,98.59,3.2,71.5,3.4
1663,2023-07-22,97.92,98.59,3.2,71.5,3.4
1664,2023-07-23,97.92,98.59,3.2,71.5,3.4
1665,2023-07-24,97.92,98.59,3.2,71.5,3.4
1666,2023-07-25,97.92,98.59,3.2,71.5,3.4
1667,2023-07-26,97.92,98.59,3.2,71.5,3.4
1668,2023-07-27,97.92,98.59,3.2,71.5,3.4
1669,2023-07-28,97.92,98.59,3.2,71.5,3.4
1670,2023-07-29,97.92,98.59,3.2,71.5,3.4
1671,2023-07-30,97.92,98.59,3.2,71.5,3.4
1672,2023-07-31,97.92,98.59,3.2,71.5,3.4
1673,2023-08-01,98.0,98.73,3.7,69.4,3.5
1674,2023-08-02,98.0,98.73,3.7,69.4,3.5
1675,2023-08-03,98.0,98.73,3.7,69.4,3.5
1676,2023-08-04,98.0,98.73,3.7,69.4,3.5
1677,2023-08-05,98.0,98.73,3.7,69.4,3.5
1678,2023-08-06,98.0,98.73,3.7,69.4,3.5
1679,2023-08-07,98.0,98.73,3.7,69.4,3.5
1680,2023-08-08,98.0,98.73,3.7,69.4,3.5
1681,2023-08-09,98.0,98.73,3.7,69.4,3.5
1682,2023-08-10,98.0,98.73,3.7,69.4,3.5
1683,2023-08-11,98.0,98.73,3.7,69.4,3.5
1684,2023-08-12,98.0,98.73,3.7,69.4,3.5
1685,2023-08-13,98.0,98.73,3.7,69.4,3.5
1686,2023-08-14,98.0,98.73,3.7,69.4,3.5
1687,2023-08-15,98.0,98.73,3.7,69.4,3.5
1688,2023-08-16,98.0,98.73,3.7,69.4,3.5
1689,2023-08-17,98.0,98.73,3.7,69.4,3.5
1690,2023-08-18,98.0,98.73,3.7,69.4,3.5
1691,2023-08-19,98.0,98.73,3.7,69.4,3.5
1692,2023-08-20,98.0,98.73,3.7,69.4,3.5
1693,2023-08-21,98.0,98.73,3.7,69.4,3.5
1694,2023-08-22,98.0,98.73,3.7,69.4,3.5
1695,2023-08-23,98.0,98.73,3.7,69.4,3.5
1696,2023-08-24,98.0,98.73,3.7,69.4,3.5
1697,2023-08-25,98.0,98.73,3.7,69.4,3.5
1698,2023-08-26,98.0,98.73,3.7,69.4,3.5
1699,2023-08-27,98.0,98.73,3.7,69.4,3.5
1700,2023-08-28,98.0,98.73,3.7,69.4,3.5
1701,2023-08-29,98.0,98.73,3.7,69.4,3.5
1702,2023-08-30,98.0,98.73,3.7,69.4,3.5
1703,2023-08-31,98.0,98.73,3.7,69.4,3.5
1704,2023-09-01,97.83,98.8,3.7,67.9,3.2
1705,2023-09-02,97.83,98.8,3.7,67.9,3.2
1706,2023-09-03,97.83,98.8,3.7,67.9,3.2
1707,2023-09-04,97.83,98.8,3.7,67.9,3.2
1708,2023-09-05,97.83,98.8,3.7,67.9,3.2
1709,2023-09-06,97.83,98.8,3.7,67.9,3.2
1710,2023-09-07,97.83,98.8,3.7,67.9,3.2
1711,2023-09-08,97.83,98.8,3.7,67.9,3.2
1712,2023-09-09,97.83,98.8,3.7,67.9,3.2
1713,2023-09-10,97.83,98.8,3.7,67.9,3.2
1714,2023-09-11,97.83,98.8,3.7,67.9,3.2
1715,2023-09-12,97.83,98.8,3.7,67.9,3.2
1716,2023-09-13,97.83,98.8,3.7,67.9,3.2
1717,2023-09-14,97.83,98.8,3.7,67.9,3.2
1718,2023-09-15,97.83,98.8,3.7,67.9,3.2
1719,2023-09-16,97.83,98.8,3.7,67.9,3.2
1720,2023-09-17,97.83,98.8,3.7,67.9,3.2
1721,2023-09-18,97.83,98.8,3.7,67.9,3.2
1722,2023-09-19,97.83,98.8,3.7,67.9,3.2
1723,2023-09-20,97.83,98.8,3.7,67.9,3.2
1724,2023-09-21,97.83,98.8,3.7,67.9,3.2
1725,2023-09-22,97.83,98.8,3.7,67.9,3.2
1726,2023-09-23,97.83,98.8,3.7,67.9,3.2
1727,2023-09-24,97.83,98.8,3.7,67.9,3.2
1728,2023-09-25,97.83,98.8,3.7,67.9,3.2
1729,2023-09-26,97.83,98.8,3.7,67.9,3.2
1730,2023-09-27,97.83,98.8,3.7,67.9,3.2
1731,2023-09-28,97.83,98.8,3.7,67.9,3.2
1732,2023-09-29,97.83,98.8,3.7,67.9,3.2
1733,2023-09-30,97.83,98.8,3.7,67.9,3.2
1734,2023-10-01,97.5,98.69,3.2,63.8,4.2
1735,2023-10-02,97.5,98.69,3.2,63.8,4.2
1736,2023-10-03,97.5,98.69,3.2,63.8,4.2
1737,2023-10-04,97.5,98.69,3.2,63.8,4.2
1738,2023-10-05,97.5,98.69,3.2,63.8,4.2
1739,2023-10-06,97.5,98.69,3.2,63.8,4.2
1740,2023-10-07,97.5,98.69,3.2,63.8,4.2
1741,2023-10-08,97.5,98.69,3.2,63.8,4.2
1742,2023-10-09,97.5,98.69,3.2,63.8,4.2
1743,2023-10-10,97.5,98.69,3.2,63.8,4.2
1744,2023-10-11,97.5,98.69,3.2,63.8,4.2
1745,2023-10-12,97.5,98.69,3.2,63.8,4.2
1746,2023-10-13,97.5,98.69,3.2,63.8,4.2
1747,2023-10-14,97.5,98.69,3.2,63.8,4.2
1748,2023-10-15,97.5,98.69,3.2,63.8,4.2
1749,2023-10-16,97.5,98.69,3.2,63.8,4.2
1750,2023-10-17,97.5,98.69,3.2,63.8,4.2
1751,2023-10-18,97.5,98.69,3.2,63.8,4.2
1752,2023-10-19,97.5,98.69,3.2,63.8,4.2
1753,2023-10-20,97.5,98.69,3.2,63.8,4.2
1754,2023-10-21,97.5,98.69,3.2,63.8,4.2
1755,2023-10-22,97.5,98.69,3.2,63.8,4.2
1756,2023-10-23,97.5,98.69,3.2,63.8,4.2
1757,2023-10-24,97.5,98.69,3.2,63.8,4.2
1758,2023-10-25,97.5,98.69,3.2,63.8,4.2
1759,2023-10-26,97.5,98.69,3.2,63.8,4.2
1760,2023-10-27,97.5,98.69,3.2,63.8,4.2
1761,2023-10-28,97.5,98.69,3.2,63.8,4.2
1762,2023-10-29,97.5,98.69,3.2,63.8,4.2
1763,2023-10-30,97.5,98.69,3.2,63.8,4.2
1764,2023-10-31,97.5,98.69,3.2,63.8,4.2
1765,2023-11-01,97.13,98.57,3.1,61.3,4.5
