,barycenter_barycenter_0,barycenter_barycenter_1,barycenter_barycenter_2,barycenter_barycenter_3
2021-05-14,-0.9730313771755643,0.9395664818170769,-0.40716882126756065,0.22546688506750615
2021-05-17,-0.9755254719811153,0.9256995210090381,-0.44908007952763906,0.20929680153542668
2021-05-18,-1.0342937869931574,0.8777197054626142,-0.49213947153680837,0.1278435383087999
2021-05-19,-1.0722975138095774,0.8459044894456618,-0.5328371293047801,0.09765938785547347
2021-05-20,-1.0361824779359396,0.9046410666187586,-0.4559832570859846,0.1627071341710965
2021-05-21,-1.0293604061027566,0.9175394214987677,-0.42489075800826565,0.16955188342937338
2021-05-24,-1.0054701254142198,0.9705876536311586,-0.4129380476145634,0.24955038250735975
2021-05-25,-1.0445787897123155,0.9493315289022248,-0.48742154544048183,0.24360368590553258
2021-05-26,-1.0321341443737948,0.9757033921322613,-0.48086520747444883,0.2778645275133179
2021-05-27,-1.015261719887555,1.01682154999124,-0.4889528212009268,0.3384257851486734
2021-05-28,-1.0065782955147022,1.026021865413313,-0.4787134820284627,0.34781519106670883
2021-06-01,-0.986537092261914,1.0296352251776164,-0.5023068674028117,0.375382101504214
2021-06-02,-0.9804137227820904,1.0412785626844339,-0.4722450545637293,0.36153749692438386
2021-06-03,-0.9811412081696839,1.0214534023168136,-0.4362929136117097,0.32717816399952726
2021-06-04,-0.9529542253574035,1.0546005343605735,-0.4260583424027368,0.38661414830522023
2021-06-07,-0.9789504703059134,1.0654620152879881,-0.43344348643343267,0.34860541712598037
2021-06-08,-0.9638203560505408,1.0716707514784156,-0.4900680476924208,0.370348691208067
2021-06-09,-0.994216316372544,1.0463022653639211,-0.48515355110948644,0.33255832862603324
2021-06-10,-0.9876798002112048,1.0644915134634225,-0.4476201606177254,0.34105068195699545
2021-06-11,-0.9725514750779422,1.0863887245956172,-0.42416300323029166,0.3844813526862118
2021-06-14,-0.9974344129597719,1.0647355661004345,-0.4670067423060062,0.35576580373645966
2021-06-15,-0.9874930720076156,1.0563989848675561,-0.4619180045888067,0.3512189204189367
2021-06-16,-1.0445135672780848,1.024531561930893,-0.5658253596551935,0.29187997398512583
2021-06-17,-1.1103467055164273,0.9606593677510521,-0.5990312222493133,0.21321425927618884
2021-06-18,-1.2238589702651022,0.8622259462376547,-0.7862727188672649,0.083132693258804
2021-06-21,-1.106860494844428,0.9882938522100313,-0.6420414460166249,0.23745402249724798
2021-06-22,-1.10157856207824,1.0013450193518487,-0.6707223528090168,0.25633990683065144
2021-06-23,-1.120392211762092,1.004139102558991,-0.7277863520667676,0.23468088675720056
2021-06-24,-1.081628130986291,1.0373759655970576,-0.7042833051422431,0.2830703931960625
2021-06-25,-1.0374558532086362,1.0853662253487029,-0.6166349987016253,0.32917664319210277
2021-06-28,-1.0717377165492619,1.0618109415457428,-0.6134741868762621,0.30643825601416175
2021-06-29,-1.081904353436059,1.059741829749036,-0.681636875554199,0.31289937522269473
2021-06-30,-1.059135977405981,1.0535716482550228,-0.6763498868593601,0.3316991439382653
2021-07-01,-1.0131936372697732,1.100349393818881,-0.600842543139933,0.37169277168695397
2021-07-02,-0.9974454584928251,1.11863779786951,-0.5859017479708628,0.40133304828222266
2021-07-06,-1.0487139976053814,1.0708463681607412,-0.6173111095916077,0.34214196597356245
2021-07-07,-1.0234907542303828,1.0802157230863974,-0.5655133817689467,0.38759202149726285
2021-07-08,-1.0828892982073846,1.0150563272011774,-0.6220713364340342,0.27887829986068113
2021-07-09,-0.9978174512527279,1.1365962651384356,-0.5399620553713911,0.4157583808133721
2021-07-12,-0.9949834838156926,1.1648254365415456,-0.5324535923286923,0.4476719150034298
2021-07-13,-1.0362338070646027,1.0911023357687266,-0.6277970976447214,0.38068433644348876
2021-07-14,-1.0358793218271987,1.0857094206253992,-0.6020121272438729,0.3855382548287345
2021-07-15,-1.0335608617172078,1.0640056619196614,-0.5513367879969461,0.3648207888589004
2021-07-16,-1.0687717782320647,1.0134272538031461,-0.532035496270745,0.29272051060002247
2021-07-19,-1.1880452983758634,0.8890521578350488,-0.6577353297926544,0.1314873107255591
2021-07-20,-1.0886493654534097,1.0243270624427459,-0.5623954869248581,0.3085600850874319
2021-07-21,-1.036095104791351,1.095305657093101,-0.5942253775573869,0.4002981959935413
2021-07-22,-1.0569197132861008,1.0721324738676181,-0.6026050942928672,0.39033852838591127
2021-07-23,-1.0076258857245126,1.1269563430083422,-0.5084970671642022,0.46832450552448307
2021-07-26,-0.998003552046209,1.1554980265358863,-0.5042696810825403,0.4881940097763962
2021-07-27,-0.9908246672740083,1.1393472874754385,-0.43066560736412707,0.4519894861282978
2021-07-28,-1.007650830215352,1.142754670530737,-0.4877231144030091,0.46224888845945317
2021-07-29,-0.9610897338042125,1.20308767148763,-0.44252324305707835,0.5295708368313053
2021-07-30,-0.9783176965156395,1.1692120751084802,-0.4807918023353474,0.5474328530560527
2021-08-02,-0.9929399544140712,1.1519038241992208,-0.46152990426485263,0.5373046221341193
2021-08-03,-0.9434418087578186,1.195799318630528,-0.38422969918535127,0.5781054091355117
2021-08-04,-1.0108567091758147,1.1510875682792299,-0.49390892235438794,0.5228942372576219
2021-08-05,-0.9841124642628503,1.2163324549929941,-0.4473078932717741,0.5810865208584216
2021-08-06,-0.9574926228933327,1.241540113475079,-0.42067458410708697,0.6169075239046886
2021-08-09,-0.9696798567844851,1.2386627267400812,-0.4146905813295624,0.5751382689870804
2021-08-10,-0.9328421635721748,1.2478865363589953,-0.3682328158043508,0.5987797189245726
2021-08-11,-0.8840378896007524,1.2827420961711686,-0.30916482730691075,0.6662013347641181
2021-08-12,-0.8909743346858255,1.2874206865271804,-0.3143990611616849,0.668918229969374
2021-08-13,-0.884072160487701,1.2852681176904799,-0.26098479149387216,0.6671960496438202
2021-08-16,-0.8737895240948549,1.2954706419301967,-0.20982548221447198,0.6840584893053298
2021-08-17,-0.904891313682804,1.23888971041889,-0.20098291903100482,0.5909419499304852
2021-08-18,-0.9672755319821551,1.1774562840006533,-0.33142692385230843,0.4943889839577575
2021-08-19,-0.974947129126059,1.1674307882620791,-0.31192321848817695,0.47648068758319123
2021-08-20,-0.9366868888124561,1.2148408003869766,-0.23426170931567475,0.5289913310780279
2021-08-23,-0.9059566271099383,1.2562433589711044,-0.27485218785731225,0.6039634561716993
2021-08-24,-0.8865962859914013,1.2976165821824899,-0.31735188216789123,0.6451093325571092
2021-08-25,-0.8618905857273835,1.3413833590307402,-0.2982885604482022,0.6980620180801013
2021-08-26,-0.9051130552823106,1.2950582317577672,-0.36344230851080356,0.654570233487083
2021-08-27,-0.8441493746972022,1.3695191320690114,-0.31611698155195733,0.7494100653564226
2021-08-30,-0.8566944114677605,1.363334450771213,-0.31194648587910045,0.7503821639246341
2021-08-31,-0.8567415901105021,1.3708715814987615,-0.2833457983025135,0.7426525639013799
2021-09-01,-0.8594656027527189,1.3775331879914485,-0.22578682288743923,0.7410048949190173
2021-09-02,-0.8206677375277769,1.4217859485510074,-0.1418184605761632,0.7846126302903983
2021-09-03,-0.8406549696419446,1.4008009935420058,-0.19728916119109582,0.759123600544722
2021-09-07,-0.906441189830051,1.3474349631104465,-0.319317518713437,0.6843928658376033
2021-09-08,-0.8964246645657012,1.3437918690967274,-0.21494980070567132,0.6682182145971468
2021-09-09,-0.9197712576319943,1.3208216753297068,-0.296953485414596,0.6509188904132898
2021-09-10,-0.956319587519273,1.2680097217079878,-0.3968471711981711,0.6037078443848876
2021-09-13,-0.9231176822904632,1.2748820588524072,-0.37809318046014273,0.6123252068471633
2021-09-14,-0.966819301579291,1.2200960484284433,-0.4363494442423113,0.5637140042525053
2021-09-15,-0.9120122938865458,1.2864448291047907,-0.3926783190063403,0.6050710375822368
2021-09-16,-0.9379881974696347,1.279766808711762,-0.43367287707852736,0.5931874445129254
2021-09-17,-0.9835552850925375,1.2241267833209197,-0.49887625455975343,0.49437291166926567
2021-09-20,-1.0627165984262563,1.122355150462174,-0.5828136964659391,0.3545372274156834
2021-09-21,-1.075148159374254,1.0993648963440767,-0.6200092146954177,0.3300010615698726
2021-09-22,-1.0138436345703299,1.1756799751628448,-0.5939057057655469,0.4362275992769381
2021-09-23,-0.9395362280622918,1.2709949469672235,-0.5596733382593171,0.5753517106359376
2021-09-24,-0.9305708289564495,1.269057278070808,-0.568949953034382,0.5912992389899406
2021-09-27,-0.9080817974731598,1.2542295450870835,-0.5864083002280986,0.577418936292995
2021-09-28,-0.9845312904343503,1.1471206602119175,-0.6830662124383483,0.4091796013345354
2021-09-29,-0.961803171061095,1.158814017980661,-0.5774599647330824,0.398547346752081
2021-09-30,-1.0541995347569768,1.04820777273343,-0.7421614480594126,0.27383915603475434
2021-10-01,-0.9840483803566833,1.128830536743873,-0.6990641050177254,0.38053117038939493
2021-10-04,-1.0110267599038583,1.0745008516228522,-0.6638911936196542,0.27976452470920626
2021-10-05,-0.9664022360858984,1.1229292587606632,-0.6442636724240599,0.3723462823770886
2021-10-06,-0.9548544390233575,1.1254080577849768,-0.5645936512830667,0.37087945749694684
2021-10-07,-0.9080268899437978,1.1826951211506473,-0.5325466665677745,0.45487078122969915
2021-10-08,-0.9014862272436827,1.1483127827588955,-0.5640089593053718,0.41750437959709497
2021-10-11,-0.9301544625485986,1.099824464673037,-0.6246991973662783,0.372519433160801
2021-10-12,-0.9300823191178057,1.1108848314889417,-0.6035256450935426,0.3618408110183833
2021-10-13,-0.9216915076575175,1.1209261355416635,-0.5630378652931933,0.38221785144050924
2021-10-14,-0.8225096104398815,1.2325670069338555,-0.43048721483415187,0.5489388613443736
2021-10-15,-0.8041814098943662,1.2484829962665316,-0.43358841322680375,0.6106771991181279
2021-10-18,-0.8136570524002099,1.2568448278573952,-0.48226390179986556,0.6300549931918968
2021-10-19,-0.7793131750058079,1.293901098781687,-0.41707557195530554,0.686930913640889
2021-10-20,-0.7342536006270981,1.3634403014473544,-0.2952320111831321,0.7281455396439244
2021-10-21,-0.7395721309027427,1.3800513622676547,-0.3039737727555867,0.7672314100295896
2021-10-22,-0.7154660536303057,1.40353882910088,-0.2485077698185188,0.7939590232156261
2021-10-25,-0.7078177871818921,1.4114100428547622,-0.2919373234977013,0.8226614015804348
2021-10-26,-0.7204677122009827,1.401862169565583,-0.2866456462755093,0.7953932316877785
2021-10-27,-0.7973404345116984,1.3045694354733175,-0.39693601506752796,0.6840073287584302
2021-10-28,-0.7429823154953332,1.386967214068466,-0.32787605317254975,0.7866243932077158
2021-10-29,-0.7570372108689712,1.3699955201810474,-0.34862103601366495,0.7849721165906272
2021-11-01,-0.7275298870487817,1.4165846419711874,-0.2857213067605371,0.8379501236773875
2021-11-02,-0.7116006132389863,1.4302651524367749,-0.2904554093322276,0.8924511276468791
2021-11-03,-0.6850839637246724,1.4672321697762856,-0.20609865444868158,0.9275816225233675
2021-11-04,-0.6949209071871096,1.4189342175763837,-0.258998318064303,0.9648575527897947
2021-11-05,-0.6399924186045156,1.4575221857196086,-0.20626594194322384,1.0248786960677125
2021-11-08,-0.6395140015429759,1.4803379486695065,-0.2718836267475247,1.034507315932433
2021-11-09,-0.6371095823037364,1.4645399924878262,-0.25841201279156395,1.0459645492948784
2021-11-10,-0.6671644748228341,1.441391882525291,-0.21484358304842438,0.9614553286615891
2021-11-11,-0.6585759213184783,1.4578143202466314,-0.22054437097108748,0.9903117070762422
2021-11-12,-0.6362662630029423,1.4859766759257749,-0.20477665369355083,1.068895544466253
2021-11-15,-0.6185422315029308,1.4908794734917012,-0.13271777902117807,1.0597047812569638
2021-11-16,-0.6188034590446864,1.4984381612438997,-0.16302366350221767,1.1079772355064041
2021-11-17,-0.6449364620037734,1.4589292739779938,-0.17108350139886083,1.0600761106635348
2021-11-18,-0.6666662358725927,1.429888786642717,-0.2288996266385841,1.042146690755887
2021-11-19,-0.704471065285022,1.3967386004569702,-0.2452917016582462,0.9967126379977264
2021-11-22,-0.6774326505199142,1.3889222548860753,-0.1738366435503271,0.9659793695929675
2021-11-23,-0.6334628819145864,1.3929525051571432,-0.12402727966718367,0.9728844478228836
2021-11-24,-0.6275994056035047,1.3934255779126863,-0.12954340862917002,0.9764240978162723
2021-11-26,-0.7848217332387434,1.2157121634564376,-0.2864167966014934,0.7388940511015258
2021-11-29,-0.747308699021228,1.269317022335974,-0.2197674271912047,0.8465770171144061
2021-11-30,-0.9007853305514317,1.094017588360684,-0.5380496582282143,0.618023295846376
2021-12-01,-0.9575607170159004,0.9838541848014868,-0.580563357433587,0.48945311119879936
2021-12-02,-0.8157870964722449,1.157494108345922,-0.42272552662753504,0.7073808095912816
2021-12-03,-0.8248544856484444,1.1067905924079757,-0.3491793393637191,0.648839320312151
2021-12-06,-0.7259653201912588,1.1960128798095546,-0.21546336622905368,0.7584667822955229
2021-12-07,-0.6435617705063954,1.3127171046387922,-0.13022127067314265,0.9383348246700857
2021-12-08,-0.6265162701396334,1.3514974920489766,-0.12354433167444726,0.957480913835349
2021-12-09,-0.6533470198335182,1.2763882611261077,-0.14462238405195166,0.8827888357942864
2021-12-10,-0.5986249435286296,1.3073205928820397,-0.061844025115117024,0.9314146524708852
2021-12-13,-0.6304535430812129,1.2554897983035682,0.010338741404914052,0.8571716833530008
2021-12-14,-0.6499523696221714,1.2045704084742854,-0.02600570828246077,0.7660880156982012
2021-12-15,-0.5870102408875465,1.2867971177137307,0.11235922250791555,0.8851177481973186
2021-12-16,-0.5830971730685953,1.2719108571513034,0.2204994229216542,0.8385112396722358
2021-12-17,-0.6612629995914484,1.2304540070011183,0.08653464647463603,0.7285932864899366
2021-12-20,-0.7361026170578365,1.1288064385167755,0.03474039309107372,0.5919377159014966
2021-12-21,-0.6290175746249599,1.2559762848535878,0.06141851447366766,0.7903036935299137
2021-12-22,-0.5756342190921798,1.3121039108979755,0.11160000132143763,0.8575858960120375
2021-12-23,-0.5372299552931424,1.3542311676832473,0.12976561303851508,0.938168238193629
2021-12-27,-0.4565186397169815,1.447875557261571,0.22634277963015564,1.068200818986448
2021-12-28,-0.4404860589568462,1.4515839150653806,0.29269543194169456,1.0741585650621908
2021-12-29,-0.41497460077889026,1.4793539638980409,0.3397599522413244,1.0912321866755414
2021-12-30,-0.4385506059380144,1.4815375972483267,0.35695145897289127,1.0664559263523414
2021-12-31,-0.42259177751671073,1.481609238472966,0.3762961885424451,1.065887026101265
2022-01-03,-0.43211784261821706,1.4873822554486213,0.34235663531063854,1.025554032740695
2022-01-04,-0.36158212182817173,1.524677913414829,0.3841253114992734,1.090245207789954
2022-01-05,-0.4329702825510791,1.3852780368271254,0.3557998496393841,0.9024829665234866
2022-01-06,-0.41749169790741936,1.4251388869052086,0.3321188656980214,0.8979767934186058
2022-01-07,-0.42710529567695665,1.397480163585352,0.3941954221097624,0.834140221222332
2022-01-10,-0.45711460963916833,1.3613759872273459,0.41584405014919484,0.7695943582423301
2022-01-11,-0.4060568257188113,1.4187653732664829,0.38161099951277705,0.8677541263426712
2022-01-12,-0.40041398297474823,1.4204867651270392,0.37412455170618236,0.8976382209065329
2022-01-13,-0.418667262430922,1.3858169835606162,0.40215495897642156,0.8185674073748422
2022-01-14,-0.4149173072742506,1.3532787304122338,0.4078706725190332,0.7537732970504718
2022-01-18,-0.5018528174858892,1.2161562420459209,0.2912885558814974,0.5807987646857558
2022-01-19,-0.5510156496971045,1.1226038378828733,0.24592435418774228,0.49487460146836004
2022-01-20,-0.6107728227151925,1.0273211098148145,0.15782728549964953,0.38589672781291257
2022-01-21,-0.6753758926773636,0.9216397612995226,0.11359431504045477,0.259785840359995
2022-01-24,-0.6397830305220554,0.9665630290380509,0.09221745106149722,0.3202760202352893
2022-01-25,-0.686431981217197,0.8919403232225014,0.044709547439975406,0.17596266067306607
2022-01-26,-0.7195176401955858,0.8342008882065496,-0.04387756222371112,0.11405039534995982
2022-01-27,-0.7415938236389937,0.7534824734284348,0.01232823659186367,0.051866961438161115
2022-01-28,-0.6339168044925659,0.8790864438511543,0.1844307346821941,0.19823148165195428
2022-01-31,-0.561245600684299,1.0092258806632517,0.227392526793037,0.3731938498595312
2022-02-01,-0.5318219133473467,1.0634637787492192,0.212369420979199,0.43440354453789237
2022-02-02,-0.4717677897571978,1.1154536227020166,0.3218107788806645,0.514982746540665
2022-02-03,-0.5229401149315794,1.0133161135195938,0.29937015233840586,0.31669195099412784
2022-02-04,-0.5376186937143091,1.0106158376790386,0.22230900777049076,0.2923686217790378
2022-02-07,-0.5298281758356632,1.0157304505626998,0.2325139232558606,0.2706198829185153
2022-02-08,-0.4784205435806435,1.0821407740728586,0.30572701535706653,0.36419659664736903
2022-02-09,-0.4031163179567859,1.2184395408569335,0.3592550783284561,0.5528915298184259
2022-02-10,-0.502317196121526,1.110446639794725,0.1688276332820225,0.39039730344306783
2022-02-11,-0.5458217071524559,0.9879034566376275,0.15843702073904747,0.18664711724458866
2022-02-14,-0.5950379617967754,0.9316207222908043,0.055201981770672565,0.14015589064175615
2022-02-15,-0.5224539163583625,1.0336517381181376,0.10380297151014882,0.30593375100152276
2022-02-16,-0.48782642986437325,1.038129757958043,0.15536527750740764,0.3175301491679649
2022-02-17,-0.5668514237197766,0.8920930154587057,0.08281584959756583,0.12485370690339673
2022-02-18,-0.5799940674065025,0.8648470084512384,0.06973874254934002,0.07826782512347828
2022-02-22,-0.6430880911047023,0.8064958058618005,0.04362649342120572,-0.005131919724270725
2022-02-23,-0.7269666461073233,0.6808702240973852,-0.05560514537010127,-0.17679032061923963
2022-02-24,-0.7078865251758345,0.7433087234115249,-0.07550692353685837,-0.052903972177260956
2022-02-25,-0.5318021877103698,0.9314010493259925,0.2676505728055445,0.1363589309890743
2022-02-28,-0.547821837431752,0.8202482352547843,0.2634079920510016,0.07278642718800167
2022-03-01,-0.6331419756690179,0.6734516526834444,0.16429819200174484,-0.10770437181039566
2022-03-02,-0.49443432166249907,0.8241907504688081,0.3341149377699145,0.08859096909168694
2022-03-03,-0.48681931068621903,0.8069548480730006,0.4493751064513269,0.04266795554623337
2022-03-04,-0.4877134460316831,0.7288574008629174,0.5651251994172337,-0.05817469722996453
2022-03-07,-0.6416932781699821,0.5019322614912356,0.4937659290028005,-0.37081937811894655
2022-03-08,-0.6980033484170649,0.4642120997176881,0.2741811763409124,-0.42203930015147156
2022-03-09,-0.5913653215814325,0.6196847624680826,0.33653766642320115,-0.19249400761328833
2022-03-10,-0.5875141277277095,0.5784491709526368,0.3599428799471183,-0.2560655640317411
2022-03-11,-0.6276860876883753,0.488374896475712,0.2892715703957482,-0.35641005618438965
2022-03-14,-0.6396584469102184,0.4903073188696317,0.2907564985788734,-0.4119119119529477
2022-03-15,-0.5450212389631501,0.6010793367660113,0.41810605095275283,-0.2567596231674767
2022-03-16,-0.4744632522737727,0.7564157270904173,0.4479499863852679,-0.01966001933429054
2022-03-17,-0.3944519339870135,0.8183036529602401,0.5409096832574807,0.08878270728776871
2022-03-18,-0.361623675676688,0.8738319084647227,0.5375964461443825,0.1812747881260137
2022-03-21,-0.3384329825853837,0.8297233968734937,0.6227374414935688,0.11989902527723424
2022-03-22,-0.3124934903938482,0.8927091479891841,0.647836685470732,0.19455589753329533
2022-03-23,-0.36444977040018506,0.7591607612463006,0.6078716312346408,0.041796778819032265
2022-03-24,-0.2867564048443313,0.8333423021424177,0.7107899620098046,0.142705839226214
2022-03-25,-0.21548867772983968,0.8756944345231594,0.8686976075435184,0.18075626775651915
2022-03-28,-0.20821096345962,0.8955538067851959,0.8702819280523565,0.22487776179803898
2022-03-29,-0.1412421601090231,1.0259372460071539,0.9542905785862694,0.37858796326371674
2022-03-30,-0.14389994998594077,0.9481314920785285,0.9791543333995467,0.2955903269594248
2022-03-31,-0.2143023783770408,0.8248836737045769,0.9134748643503171,0.15748446366209745
2022-04-01,-0.17597422781634195,0.850428161132087,1.0316205632263802,0.15921822386920736
2022-04-04,-0.19342798831308566,0.8541607569249526,0.9768641867038507,0.19080843486848276
2022-04-05,-0.23476207386840545,0.7832956297282034,0.9935332546747434,0.06771358547954308
2022-04-06,-0.2185742269497879,0.7391494331432408,1.1572545484357832,-0.024441755773812454
2022-04-07,-0.18221859660656461,0.7404559514270663,1.217971343018474,-0.014555436934424591
2022-04-08,-0.14790901839855355,0.7489231338839556,1.280967605544005,-0.036737142959398936
2022-04-11,-0.20931227543104805,0.6873072905051016,1.1972437580861237,-0.12116759089624309
2022-04-12,-0.20315897138511804,0.638794426122493,1.2224413450654705,-0.15961126361840666
2022-04-13,-0.13826181286203199,0.7126240004917366,1.2631713909438471,-0.056022414513073236
2022-04-14,-0.14737692258354604,0.6587927736223114,1.2693116095436945,-0.14704827308797155
2022-04-18,-0.14792361921259176,0.6255467085295187,1.2129388892205974,-0.16596769453259272
2022-04-19,-0.07138066322783014,0.7628554183321455,1.3389746212186966,0.014995495373284826
2022-04-20,0.007381653609441442,0.8056472160941545,1.4855320389883953,0.07026523899644714
2022-04-21,-0.06768737412636662,0.723024744299778,1.3741378024504705,-0.0414159015828794
2022-04-22,-0.2616279314069848,0.5425348245238175,1.1451491946502477,-0.26691963634638916
2022-04-25,-0.26212982512566163,0.5507040534557092,1.1151519686858207,-0.21191589391159923
2022-04-26,-0.37987156817170953,0.3739879809111186,0.9407820115030207,-0.4222315978888027
2022-04-27,-0.34433077817627744,0.35265137363102333,0.9652099676181813,-0.40752325485444135
2022-04-28,-0.24019305927504275,0.43975719888788656,1.115101441854188,-0.2402605415334254
2022-04-29,-0.4436918178533813,0.22410993204047652,0.8012010575457932,-0.48981961087256587
2022-05-02,-0.45181281562202374,0.23106446940932993,0.7051984535117615,-0.45948301582126905
2022-05-03,-0.40308575683199965,0.2839260300404403,0.7908246229661211,-0.4201784830872383
2022-05-04,-0.21890604300462174,0.43532542767795973,1.058415838842053,-0.19668434387362752
2022-05-05,-0.38851275729237045,0.23721148793778454,0.8861975613884211,-0.5014506190096842
2022-05-06,-0.3916152904034704,0.15495005870900375,0.9044173492395371,-0.6276756228127596
2022-05-09,-0.5734014948470986,-0.03912063290922236,0.749027906962319,-0.8413740531920452
2022-05-10,-0.578446154181814,-0.06923965427703706,0.6742756935238959,-0.8664084330385775
2022-05-11,-0.6161490424811623,-0.15467166519529812,0.6688071007972631,-0.9678362261729813
2022-05-12,-0.6157289737662734,-0.12335757823325888,0.6772511592160044,-0.9236669819266431
2022-05-13,-0.49817971465531624,0.0028459042521233446,0.8274093887384283,-0.7423770208032346
2022-05-16,-0.4793838110023211,-0.05040787647324139,0.8785585116310518,-0.8026010733983017
2022-05-17,-0.38415425829171473,0.0830652324813178,1.0097184265147596,-0.6089636494067557
2022-05-18,-0.618568782507334,-0.13193882614810626,0.6231521700053365,-0.909941812126497
2022-05-19,-0.6589456952705911,-0.13688250461755397,0.5740499099899802,-0.9276888815066617
2022-05-20,-0.6665224340878525,-0.12043670964634284,0.5779276317846185,-0.9174223010623052
2022-05-23,-0.5609403242431688,-0.04267912964492933,0.7349683091848906,-0.828679471899405
2022-05-24,-0.5455288204313528,-0.10515592503171166,0.8743254414601416,-0.9044431370385947
2022-05-25,-0.4878596217272437,-0.04409303820408511,0.8959704187009252,-0.8235422776550562
2022-05-26,-0.3815925965213095,0.07711000813418149,0.9779366910419905,-0.6445066629570134
2022-05-27,-0.24748316089452155,0.22808322618369598,1.1392955138293819,-0.4678250803472852
2022-05-31,-0.311545583684018,0.17675601425496187,1.0280907429685417,-0.5330755225813567
2022-06-01,-0.35113599838463694,0.09108281060140762,0.9322160888833937,-0.6254474494664051
2022-06-02,-0.27422727264856867,0.21756790710975868,0.9823293686096105,-0.4470056395187993
2022-06-03,-0.31974494811493576,0.12453611246421298,0.9065142687916705,-0.5701427841456688
2022-06-06,-0.29057618861563417,0.1227025380868985,0.9575418800300078,-0.5520500286519601
2022-06-07,-0.22771965880361894,0.17880977865309117,1.0690559267108593,-0.4791212671400365
2022-06-08,-0.3189070636487954,0.07956762610223642,0.8767664783358433,-0.6123613783252237
2022-06-09,-0.45716908777974974,-0.06804473026402968,0.6342964564360506,-0.7644475724197661
2022-06-10,-0.5934812905575465,-0.24244971938759954,0.5158576202306199,-1.0075161712185858
2022-06-13,-0.8214953974780732,-0.4743174754860427,0.11035570028367585,-1.290069580461062
2022-06-14,-0.8532133326745202,-0.5054253456798363,-0.0350966413300469,-1.3360739576586556
2022-06-15,-0.822288296588663,-0.42507921787576736,-0.0010421316697244768,-1.2444904010822175
2022-06-16,-1.0116261950466223,-0.6059017756462136,-0.21446977133028255,-1.5058465552169005
2022-06-17,-1.0368258375303647,-0.5641962189491811,-0.24361736055146332,-1.4759479687481831
2022-06-21,-0.8938362564247352,-0.4950760954127855,-0.02188783540614273,-1.38363845958486
2022-06-22,-0.9203818701809796,-0.4807008326262014,-0.009171457159405547,-1.3903253218995892
2022-06-23,-0.9020059566950777,-0.41661974422282094,0.14380406553713118,-1.340288279309196
2022-06-24,-0.7323475126649672,-0.2562544157359543,0.3998231353707154,-1.086870438328644
2022-06-27,-0.7084605663619824,-0.2700978259254003,0.4783088085604434,-1.1356986570696026
2022-06-28,-0.7765783077964755,-0.35932896084940563,0.3854776235616187,-1.2548591972909455
2022-06-29,-0.8007449210045141,-0.38082151602370345,0.40785114345381757,-1.2969068837888817
2022-06-30,-0.8212069389421919,-0.43030182935537625,0.406937288587705,-1.3446826277234025
2022-07-01,-0.7468954644911807,-0.3501610645967986,0.5823949254429484,-1.2775469767701
2022-07-05,-0.8192866313056976,-0.33842596202356995,0.3439377801473398,-1.264883704493777
2022-07-06,-0.8032210511002914,-0.3417380589985967,0.41926798574147917,-1.257113565566222
2022-07-07,-0.7325236865709494,-0.2724158103856116,0.4420305991286879,-1.149014828740087
2022-07-08,-0.7409992863484425,-0.3053974441658938,0.43041972720856,-1.1859513490728777
2022-07-11,-0.7684785434945647,-0.3610178106499094,0.4486986056629809,-1.2590506988267305
2022-07-12,-0.8117206294769025,-0.3778661992814887,0.3771768439609972,-1.294587305097537
2022-07-13,-0.8443339972067622,-0.41497021680433027,0.32616758870519735,-1.3381363266031963
2022-07-14,-0.8820092977021247,-0.4770385986654043,0.2713986572714384,-1.3767493626508964
2022-07-15,-0.797720034440714,-0.3429912751429801,0.3903153833182128,-1.2304583121176091
2022-07-18,-0.835735021555912,-0.3807889464235477,0.2831517607655103,-1.2561510483649276
2022-07-19,-0.6845133853513956,-0.21089291175123112,0.4403710286732052,-1.0086281010487268
2022-07-20,-0.6835516320126311,-0.17890286093955152,0.37090504454557993,-0.9394385397760008
2022-07-21,-0.6565956334080931,-0.11040003417677567,0.3925522846897199,-0.8731458927557826
2022-07-22,-0.6684276399245295,-0.1509798222476811,0.434126264739151,-0.9198118220239733
2022-07-25,-0.6207187140275067,-0.14669100861464787,0.5457846220959544,-0.931604694286141
2022-07-26,-0.6433311921632288,-0.1975763770091955,0.5707983013449688,-1.0103682108615448
2022-07-27,-0.5394071592426782,-0.09709600462468179,0.6150054999138269,-0.8547795653695643
2022-07-28,-0.4505510265045815,-0.02709850610478558,0.8238980842477132,-0.7163343091288841
2022-07-29,-0.3876585123432361,0.010705670061132981,0.9159566954284488,-0.6445458882784095
2022-08-01,-0.4184399367756316,0.00769035933609047,0.9217432613937048,-0.663038500271865
2022-08-02,-0.4543528348442959,-0.058132482736689986,0.8518472486059309,-0.7305797091698566
2022-08-03,-0.4070363741493154,0.011399298581932728,0.8902827937969345,-0.6319132702579945
2022-08-04,-0.4336920889951796,-0.0031686593542224616,0.8346123295958833,-0.6222752479657406
2022-08-05,-0.4114578056250849,-0.010350040980429173,0.8643830138831796,-0.6279306956166886
2022-08-08,-0.3995694244690796,0.003686208496475621,0.8988551600205591,-0.6074977809419957
2022-08-09,-0.3839068367955644,-0.041419295291601765,0.9687554379202579,-0.6990709953448602
2022-08-10,-0.2895392048488215,0.10602892902330728,1.0645688130976037,-0.49594630331575046
2022-08-11,-0.25657021573704764,0.1407626334097795,1.0654224173265445,-0.482911271432261
2022-08-12,-0.15885354134325236,0.23376365568365534,1.237076706394855,-0.35034870713751926
2022-08-15,-0.13827310816604144,0.24347130282184837,1.3023388612126328,-0.3431550066481724
2022-08-16,-0.10397814619263494,0.25732710087054295,1.3324655676501886,-0.31560284941597694
2022-08-17,-0.12595735100685002,0.19217361262889043,1.2678061400833618,-0.4124092581952995
2022-08-18,-0.0820932511011106,0.17684442611414664,1.3019096980890785,-0.37754082920739696
2022-08-19,-0.13419960336381562,0.08644058058809187,1.2895104754460245,-0.5111538796507035
2022-08-22,-0.24319923093896154,-0.06040643260204537,1.1370330473376908,-0.6958560629294549
2022-08-23,-0.24898883085507534,-0.09287854529629853,1.1054219098804692,-0.7093559358954071
2022-08-24,-0.2206356785943191,-0.07033791542980472,1.154923181362552,-0.6867360643246849
2022-08-25,-0.14141001449313223,0.02373015170054886,1.2415219135162954,-0.5572804889064353
2022-08-26,-0.31440019262392466,-0.18323444958813348,0.9754003760529626,-0.8327597406057455
2022-08-29,-0.32742170393812814,-0.22695262359444368,0.9664414546900066,-0.8989630347193167
2022-08-30,-0.41419606059360137,-0.2694148261670548,0.8183682069626623,-0.9667091713531789
2022-08-31,-0.45336071377049536,-0.3090310459826332,0.7245489454662777,-1.0183137429664166
2022-09-01,-0.43808067282856816,-0.29663772719192083,0.8030351674791399,-1.0094484110903563
2022-09-02,-0.48286880282973793,-0.34797817381064033,0.7022924665694736,-1.0832762656185413
2022-09-06,-0.5001102815814407,-0.3516807461538438,0.657623958894383,-1.091470567568346
2022-09-07,-0.3778101469793796,-0.22583749987469884,0.9147667923521664,-0.9256519844391381
2022-09-08,-0.3333590290833265,-0.15834557070249397,0.9169155876500424,-0.8668530118937279
2022-09-09,-0.26143612950541023,-0.07770842908562299,1.0017867285402655,-0.7484647101555205
2022-09-12,-0.20307820530895498,-0.018706559987865516,1.0692511594478464,-0.6781664115198892
2022-09-13,-0.4261596321494509,-0.26175813783260987,0.7113347566412274,-1.0090783745680774
2022-09-14,-0.40621070822841904,-0.28359812749919094,0.7472599755519805,-1.0416837150752478
2022-09-15,-0.4581415097563827,-0.31371086408593724,0.6031658504623405,-1.1089582527429513
2022-09-16,-0.49988428081797875,-0.39523859653191007,0.58232674014729,-1.207451057357698
2022-09-19,-0.44289584682527416,-0.36365656824783704,0.6745056149889999,-1.1404419595290787
2022-09-20,-0.5135938127143748,-0.48428407189227474,0.5236455173469078,-1.2683098447927825
2022-09-21,-0.6069304605451259,-0.584390519225523,0.4059626656538981,-1.3901750318930384
2022-09-22,-0.6739705813089997,-0.6762784532500143,0.36660517616800997,-1.509729000711227
2022-09-23,-0.7991848498505386,-0.741629177952282,0.20741427143805133,-1.609583687937304
2022-09-26,-0.8756543370570267,-0.8305312674188458,0.031142428024597192,-1.688994881674581
2022-09-27,-0.8902905659466691,-0.8603353403290699,-0.09328993661447786,-1.714526764386723
2022-09-28,-0.7680547812363249,-0.7344195504531473,0.06645640814406746,-1.5651180784059222
2022-09-29,-0.8581756286333333,-0.8448397190985126,-0.20784241686034238,-1.68968091549095
2022-09-30,-0.9208218752199959,-0.8945787601567549,-0.3427404656643704,-1.768961831574407
2022-10-03,-0.7441012054250363,-0.7685368429929331,-0.07270545733962876,-1.5737029042370445
2022-10-04,-0.5549165202679801,-0.6010483086950469,0.1663980766016842,-1.33712241360548
2022-10-05,-0.5594773470117516,-0.639295990619042,0.034022843234876386,-1.3589082262702556
2022-10-06,-0.6242572562174094,-0.7181575462623209,-0.18311241889371907,-1.4296545228907063
2022-10-07,-0.7381269804819421,-0.8629601970037,-0.3707785167182619,-1.6100798212971361
2022-10-10,-0.7534262859889594,-0.9088613227802975,-0.32551979726907965,-1.6704106298412493
2022-10-11,-0.7546227858254988,-0.9288435343140895,-0.303242719743743,-1.7211240632094646
2022-10-12,-0.7864925159480423,-0.9520618806716877,-0.4686178261646071,-1.7542068286094885
2022-10-13,-0.6382469431760565,-0.8258372037295261,-0.21827930587396266,-1.6046969685002865
2022-10-14,-0.79230620795132,-0.9226174571665681,-0.4055230792596721,-1.7452960933002215
2022-10-17,-0.6730069365809831,-0.8060300606135069,-0.2388269794158604,-1.570030053513431
2022-10-18,-0.5787453526161401,-0.7392315960647013,-0.06930987556514218,-1.4798734691298914
2022-10-19,-0.6066021823586294,-0.8483946848631941,-0.18378081010678096,-1.5519115218856332
2022-10-20,-0.6743083081360549,-0.918153163344265,-0.3178551570800848,-1.6367301997789916
2022-10-21,-0.5271456890990768,-0.8192263747079533,-0.12485736462330964,-1.4717281852217776
2022-10-24,-0.45205248035890044,-0.767620041642311,-0.007596701761601578,-1.4071155683310794
2022-10-25,-0.3840533340128909,-0.6377748020850165,0.17229841846993177,-1.2447057037912934
2022-10-26,-0.35167442882275973,-0.6388774317839537,0.22934747813173426,-1.2543840374358495
2022-10-27,-0.3163343046385192,-0.6703402461697261,0.29128347994023224,-1.249104915602718
2022-10-28,-0.16073934967407008,-0.5651751747337221,0.5297059281777369,-1.0977393687513033
2022-10-31,-0.17478482302241527,-0.591693739233989,0.4855487445550335,-1.1487932747407228
2022-11-01,-0.15873261193538568,-0.5825880882252849,0.514681432280323,-1.1417943308639649
2022-11-02,-0.2768745270944724,-0.7275775851732642,0.30342436499170283,-1.3311268381806822
2022-11-03,-0.27252031235957963,-0.7773502317937593,0.27995510720156597,-1.3990413711317453
2022-11-04,-0.19581231527200132,-0.693480158646226,0.3855818062560431,-1.2342131655476045
2022-11-07,-0.14204111774076003,-0.6603749907802782,0.3752565928326178,-1.1515295917279238
2022-11-08,-0.10849541289960535,-0.6289567713148069,0.46601318247917445,-1.1002816083152345
2022-11-09,-0.22621351413832427,-0.7240497943589898,0.33842740141204886,-1.2131624490961552
2022-11-10,0.01073782135449871,-0.3786483534621013,0.6947283185620858,-0.7451505459795419
2022-11-11,-0.014936239139220615,-0.2829071063853315,0.5583102530060489,-0.6076877444525386
2022-11-14,-0.05679952002350897,-0.3851379912675823,0.48852275794687655,-0.7063768020533401
2022-11-15,-0.0010142330595826322,-0.34394980613583737,0.5560841795753368,-0.6274163873602766
2022-11-16,-0.01588027754477142,-0.4293004116147486,0.5725845907598474,-0.717497300718969
2022-11-17,-0.024531016401449342,-0.48171436720892236,0.5199610496404854,-0.7714298228950452
2022-11-18,0.04090401196064916,-0.43637908502370815,0.6698999475759352,-0.7263165420694255
2022-11-21,0.05502445337799525,-0.4360356162418874,0.7442382577908557,-0.7362560863306626
2022-11-22,0.14178378388404078,-0.36561324661498157,0.8382078986502813,-0.6441197090475261
2022-11-23,0.15625623101758063,-0.3424352261704774,0.8815140110420332,-0.5964125496759719
2022-11-25,0.1802923633964502,-0.3208027675448421,0.9411579256815608,-0.5819238915127712
2022-11-28,0.09167399772173962,-0.4308913944413867,0.8259157555034895,-0.7353503995160093
2022-11-29,0.10370136650627802,-0.393082698512637,0.8124978357573164,-0.7050543413157002
2022-11-30,0.250969080733924,-0.24968408413042312,1.0511633776462088,-0.5006339229917263
2022-12-01,0.25008850661818594,-0.24508269352883394,1.0312083912763932,-0.4742278535118923
2022-12-02,0.2682152551350477,-0.26434831045274965,1.046487387581282,-0.48343691467850547
2022-12-05,0.15052449677491425,-0.3962233153251049,0.9128143005230985,-0.617853382164434
2022-12-06,0.09663970767783182,-0.4703255664993875,0.8699197991970709,-0.7130864933771074
2022-12-07,0.0882370888068666,-0.4809097501804269,0.89728657707279,-0.7322835070016461
2022-12-08,0.11366838181000781,-0.4383036836170134,0.9801774790571924,-0.6867916940219786
2022-12-09,0.044186554715636046,-0.4589132582104708,0.8938884629053805,-0.7444369823837677
2022-12-12,0.14250174274126604,-0.3863419810331532,1.0623850981181489,-0.6256814922016123
2022-12-13,0.15494666376577834,-0.3319450947318741,1.0567418660069836,-0.5414758180403224
2022-12-14,0.13526977560350065,-0.3860048992736747,1.029071771502536,-0.608831530390444
2022-12-15,0.00633989253008965,-0.5101830546919072,0.8575136610222409,-0.8229196595916841
2022-12-16,-0.051552857987505994,-0.5921633852150827,0.7233806854325706,-0.9014290235036393
2022-12-19,-0.08576105850772213,-0.6500280535411511,0.6654692053306335,-0.9769162641248201
2022-12-20,-0.0661288771812789,-0.6544198853914849,0.6614244503675403,-0.9798074720284559
2022-12-21,0.02221614688372361,-0.5727176776626086,0.807776877390845,-0.8608703417433632
2022-12-22,-0.04825339492519788,-0.6164108771080693,0.7492144662550948,-0.9476077441867298
2022-12-23,0.011906037203445581,-0.5870270924733821,0.8370428923272001,-0.9124787370307481
2022-12-27,0.034538330399902804,-0.5907582261257517,0.8714074543205724,-0.9103924384800866
2022-12-28,-0.0527066919873456,-0.6611643253313381,0.7363755220269876,-1.015014175943302
2022-12-29,0.019900988546611428,-0.5437317266610768,0.8217134379417608,-0.869624852680992
2022-12-30,-0.006528824173961679,-0.5690889700490313,0.7445945442244417,-0.9096373579407989
2023-01-03,-0.04832076649757376,-0.5491495788440365,0.7079845938479526,-0.878747387823466
2023-01-04,3.6787185495664644e-05,-0.42969307290994885,0.7839522788288976,-0.742687032853806
2023-01-05,-0.0626899459797871,-0.49650796975202743,0.6442440188201002,-0.8506367988209026
2023-01-06,0.10139011707287689,-0.3860698968555854,0.8797561561236188,-0.6448148044013966
2023-01-09,0.07035800793829107,-0.38203705997342735,0.8458224318573886,-0.6298924775231187
2023-01-10,0.10209742163951292,-0.3188589537444468,0.8380193296694517,-0.5658620423915938
2023-01-11,0.15431235394586554,-0.2293342666547003,0.9450979157032499,-0.4635732991742271
2023-01-12,0.16019667314020447,-0.21198831728546813,0.8976337240950281,-0.41797972263033234
2023-01-13,0.1757606876423987,-0.19972327500638254,0.873419026487876,-0.3947072581937097
2023-01-17,0.1539203018574952,-0.20505626388371423,0.850467550322362,-0.44048678131057456
2023-01-18,0.035699865836760214,-0.2902680712717574,0.579626004296477,-0.536164119698908
2023-01-19,-0.022455302698015003,-0.34675169331384975,0.525290258782878,-0.6417710222997566
2023-01-20,0.059658645427222066,-0.2419384435523026,0.6137908447803562,-0.48724051551723097
2023-01-23,0.10410394127870817,-0.15717297632677077,0.6452799417467086,-0.3895267210245233
2023-01-24,0.12415362065254593,-0.1905031152298528,0.6405727165193523,-0.4015332909277913
2023-01-25,0.13549289084308844,-0.17740287549417708,0.6694881333356473,-0.4032791738050849
2023-01-26,0.19142531115759948,-0.1343876815511509,0.6900284311027648,-0.34709903890245486
2023-01-27,0.1558025206127425,-0.10825473080829331,0.6963274450252567,-0.3162092965897542
2023-01-30,0.11684398097651004,-0.17740716208877685,0.6453934294986425,-0.3990049170817751
2023-01-31,0.20869136226158766,-0.07918132054354449,0.7716980809061362,-0.2436829375704881
2023-02-01,0.23537101965185026,-0.016896875401518047,0.8200750189109952,-0.13990258073833667
2023-02-02,0.2102633196741194,0.10679835212039566,0.7936810621232677,-0.025136306683395494
2023-02-03,0.17607680840655718,0.016700792380661657,0.6547391812830395,-0.11223668031256286
2023-02-06,0.17136079076796795,-0.05560487986980051,0.6877266144166898,-0.20913513043439766
2023-02-07,0.2233131007918041,0.0025682019274543633,0.6734730560576557,-0.13248300571981383
2023-02-08,0.18332003672299832,-0.04773154596677465,0.5509366216962892,-0.2191492665156475
2023-02-09,0.14861782875120563,-0.12593532868470492,0.44413471920379355,-0.29742306379097205
2023-02-10,0.21093500511750102,-0.13579013820430078,0.6063680114672002,-0.299990420506913
2023-02-13,0.2770437122757866,-0.07038131892570497,0.6850885088510674,-0.19384614755024634
2023-02-14,0.2438439529952953,-0.08701077435029318,0.602751769283549,-0.2025189083068323
2023-02-15,0.26964401360129264,-0.05664837109364124,0.6279480907098183,-0.15470029141461933
2023-02-16,0.21177239584185478,-0.12700509742983293,0.5507349301031628,-0.23895906316450857
2023-02-17,0.2176471755015907,-0.13598149042232052,0.6376041257246892,-0.25780946194350657
2023-02-21,0.11672447668854949,-0.28630372288731537,0.47831015567825697,-0.4682455861539921
2023-02-22,0.10830797957461301,-0.3106562220996658,0.4660245970522769,-0.4793152557059806
2023-02-23,0.1284602910513974,-0.29462172339669307,0.4678366818219564,-0.44469568711637425
2023-02-24,0.10154854253050376,-0.3666790803931397,0.41601204853388457,-0.5130365268185899
2023-02-27,0.10839542919071032,-0.3683018970029693,0.37117217903118804,-0.4820860001672496
2023-02-28,0.07265280181831299,-0.3696320236048549,0.25350249938421215,-0.48436369633280535
2023-03-01,0.0729541256063166,-0.4028881154643236,0.15319769940480782,-0.49607933259247206
2023-03-02,0.1310427611835722,-0.3732220055299688,0.25903955008447443,-0.42469716684277303
2023-03-03,0.20134316505870517,-0.2887767901263175,0.36006128171859414,-0.3195282115905066
2023-03-06,0.1975871584067977,-0.32920308686232574,0.35260857769124654,-0.3699947734813006
2023-03-07,0.11234136667750268,-0.45168327733265085,0.1879106507493982,-0.4982264219684048
2023-03-08,0.11293553526324887,-0.4375259729375246,0.21070373974336545,-0.46016266871880934
2023-03-09,0.001319105103638727,-0.5830195894634719,0.07703226679149029,-0.6146100536532682
2023-03-10,-0.10851462402008945,-0.714918259714102,-0.07806305895875038,-0.7661098701832372
2023-03-13,-0.15652792235006044,-0.8041391999715611,-0.006987431200666859,-0.8141597462635242
2023-03-14,-0.06173897931468354,-0.7403869787609864,0.08026350175528174,-0.6973625488933411
2023-03-15,-0.18161070705785673,-0.800374687579504,0.09247355303129562,-0.8277271784574034
2023-03-16,-0.09139413761798629,-0.742435075738259,0.14650625201848605,-0.7189339541687972
2023-03-17,-0.1947177606545664,-0.8468218991829081,-0.011273539801772363,-0.8375823054392332
2023-03-20,-0.0803184042872114,-0.7925709556240317,0.12988024985608826,-0.7463852900443829
2023-03-21,-0.01667389215945693,-0.7124403292031811,0.10615407600419752,-0.6467606646818973
2023-03-22,-0.13614969675709732,-0.8564463777648372,-0.10771509990984819,-0.8071543464360049
2023-03-23,-0.1667127489365049,-0.8859572154044795,-0.19353414349229395,-0.7920964141638223
2023-03-24,-0.10447474168993875,-0.8455071883889566,0.02775282616301665,-0.762559195312134
2023-03-27,-0.05432241890520834,-0.8071542597851531,0.08417659654398937,-0.719594897604946
2023-03-28,-0.027639095789622717,-0.809704017889213,0.1020357189412224,-0.7100362543465453
2023-03-29,0.0544565947699427,-0.7213824809320885,0.22637873237527167,-0.5923373779521696
2023-03-30,0.08427228092531396,-0.6920953411971097,0.2604620336199022,-0.5470179915233714
2023-03-31,0.16680615890186726,-0.6037723382370892,0.36706399274498747,-0.4047946738416909
2023-04-03,0.2133219443430984,-0.6331590039211844,0.3929181760773259,-0.42221998208041783
2023-04-04,0.1350662846223024,-0.6743068487332352,0.3780761471047689,-0.518783880312759
2023-04-05,0.14624415642227037,-0.6981022536146082,0.5372973622416582,-0.5791783865712181
2023-04-06,0.141091638724591,-0.6834854597097426,0.5668468681606876,-0.5761121293035305
2023-04-10,0.17828016333667934,-0.6529308966664088,0.5684012725042293,-0.5250816547881906
2023-04-11,0.20703489904662803,-0.6141101820928261,0.6241488866833683,-0.46826058832956957
2023-04-12,0.20613642954156414,-0.6605301552897297,0.5764598005383468,-0.49670260511315445
2023-04-13,0.24369273048890222,-0.6124225356729475,0.6143298996253572,-0.4222618078498678
2023-04-14,0.22432566634634551,-0.6485107303084893,0.5178107989945268,-0.43884445783699727
2023-04-17,0.26142643356220746,-0.6003192998612596,0.6064667730132215,-0.39535203939779756
2023-04-18,0.2817649947304318,-0.6096988042944285,0.5578715741995001,-0.37375189141283627
2023-04-19,0.255145296920529,-0.5859393131587106,0.5854280133572501,-0.36725786010554473
2023-04-20,0.2543922278046594,-0.652055257748895,0.540022415881143,-0.39556948012314636
2023-04-21,0.24896057462537213,-0.6464524209569044,0.5592846970276939,-0.3923155623412488
2023-04-24,0.27951282000967015,-0.6559057317915787,0.6071961911079476,-0.3941541558062402
2023-04-25,0.20305056557186965,-0.7862933890560437,0.5793048560819724,-0.5512575411608408
2023-04-26,0.1274803700747636,-0.8235432532129986,0.3972231281923022,-0.627618400502069
2023-04-27,0.2149426450009862,-0.7356219321870356,0.5322832993440599,-0.4970223567509515
2023-04-28,0.27491232489499673,-0.6492914541634752,0.5398512096759545,-0.4117636894141207
2023-05-01,0.29630542784041264,-0.6691464122444734,0.568227406297274,-0.4115652813696923
2023-05-02,0.20924211680242227,-0.7610075545423725,0.42221988426844304,-0.5015055600231695
2023-05-03,0.1597947988785414,-0.786100212454745,0.35714492194645164,-0.5493022059754293
2023-05-04,0.1202331145247129,-0.8528514361318748,0.3122826681855441,-0.607335343584052
2023-05-05,0.2242080713144611,-0.7652544857979036,0.4467367759074925,-0.4692913158271507
2023-05-08,0.2195576842275251,-0.7841063693638245,0.3843270926905791,-0.4778889931016438
2023-05-09,0.21405163599745522,-0.82775752932813,0.3310929592588552,-0.5045466100225894
2023-05-10,0.2134510410687057,-0.8351709305429549,0.3428971813322728,-0.5012749216695761
2023-05-11,0.18423897572372858,-0.8759700102347563,0.2763438612683371,-0.5176883706629443
2023-05-12,0.2043443094345479,-0.8912455294203705,0.3074608426075273,-0.512226826965401
2023-05-15,0.20828497719709038,-0.8485718108980073,0.2526399111024082,-0.45571214090469375
2023-05-16,0.12709615990948486,-0.9386841434870851,0.061923309229848324,-0.5499368095109375
2023-05-17,0.17749638500132078,-0.8501495799393163,0.08662892175027531,-0.43457825073872924
2023-05-18,0.21612532268574328,-0.8171707963896192,0.051613031558226274,-0.3468399507911878
2023-05-19,0.2144613726577293,-0.8341025492862004,0.04323016779708838,-0.37768733977188923
2023-05-22,0.1916153275094529,-0.8014322975127788,0.029550981876526577,-0.362083846016626
2023-05-23,0.10556008269799427,-0.8438167770101042,-0.020186063400235505,-0.4698893339661073
2023-05-24,0.054587588813637705,-0.9241429382777181,-0.11120136215274691,-0.5827008347882884
2023-05-25,0.05199163399970184,-0.943165197559149,-0.24704837428962248,-0.5487694695260349
2023-05-26,0.07048082949829101,-0.8913781584306415,-0.24730336845164308,-0.44416979371623005
2023-05-30,0.04648288767084108,-0.8992898718549843,-0.3150331332054631,-0.4426877521158473
2023-05-31,-0.004698768016811949,-0.9384626140525252,-0.28542348057599154,-0.521133504159195
2023-06-01,0.0489110700684578,-0.8999917318241774,-0.29169895712170807,-0.4512105470364984
2023-06-02,0.18896725289508856,-0.7843314163990783,-0.12126877607067649,-0.26699872524500795
2023-06-05,0.17101502614311645,-0.8041050839791136,-0.11808917647041157,-0.3116492287618514
2023-06-06,0.18932036760434612,-0.7482637653395906,-0.12536936647569183,-0.25728849074585947
2023-06-07,0.23383779364355972,-0.6832124892312699,-0.027204248718924382,-0.20971369956985794
2023-06-08,0.2536158122322059,-0.7063209378713334,-0.012321476137775119,-0.19680134205535607
2023-06-09,0.2526087749520278,-0.7148047609463442,-0.04732582810712486,-0.21285156858230692
2023-06-12,0.28609829728109104,-0.6931495947338172,-0.041617584089228096,-0.14034939341141828
2023-06-13,0.33955965912248565,-0.6387055673492343,-0.004201055507458469,-0.04353001359132065
2023-06-14,0.3209203057095491,-0.650484477629228,-0.045312625408131024,-0.02651584079628474
2023-06-15,0.4054695374316395,-0.5835921075515444,0.08081069580370023,0.06419219723599345
2023-06-16,0.4071126769564235,-0.5812350311840532,0.0947835628903112,0.04351811061746132
2023-06-20,0.34304008668758224,-0.6396037831394773,-0.006478384211652062,-0.030707429992280183
2023-06-21,0.37434829914466616,-0.6756946883543269,0.03964327085705675,-0.05690184178052433
2023-06-22,0.36977408643664206,-0.7183928835321157,-0.01797911592338155,-0.08545024029761696
2023-06-23,0.3113967123778273,-0.7641803121929983,-0.13213824797707308,-0.14582202074698997
2023-06-26,0.3399325113819579,-0.7217266664393149,-0.048228897257610114,-0.09746139812314032
2023-06-27,0.4072221032086328,-0.6548144984408777,-0.013062812692848582,0.043039709530221855
2023-06-28,0.38638963772459295,-0.6517723377419659,-0.14658753770362512,0.040819552619571056
2023-06-29,0.4465772735257832,-0.6057114219250501,-0.09924984968782313,0.10624225088684072
2023-06-30,0.5226883252919259,-0.5668317733924361,-0.007545576775989549,0.18099665299438236
2023-07-03,0.5219412052553642,-0.5343294156543608,0.06477276395730197,0.1898811019904606
2023-07-05,0.4965031433904396,-0.5582357183060956,0.06447889685834006,0.12529817148879474
2023-07-06,0.44874644215705095,-0.5986662255427325,0.0015896925214363058,0.053917034660511676
2023-07-07,0.44960698507012425,-0.585556095171043,-0.055773278482404966,0.0699292892355753
2023-07-10,0.5056928068289482,-0.5423681845764253,-0.08644521464434303,0.17981093434439652
2023-07-11,0.5665852910773916,-0.48249830150128864,0.03617332090130407,0.2673859401819754
2023-07-12,0.5760114522122922,-0.4511672407221872,0.07902004752405092,0.32186560336155834
2023-07-13,0.5955824956835974,-0.41903462805290165,0.125366728755569,0.3820389015833461
2023-07-14,0.5750026266948022,-0.4773267372397355,0.09173701307493443,0.3419602327756586
2023-07-17,0.6090073272992476,-0.4912269570698793,0.01594159923726567,0.37565618444783355
2023-07-18,0.6383744182282032,-0.4472919616294066,-0.005388297267419175,0.4379463062075424
2023-07-19,0.6492076276751537,-0.39249129995891957,0.12789783483818482,0.44025508471675906
2023-07-20,0.6850358218673096,-0.4057285667437484,0.260691545375282,0.38713390004149517
2023-07-21,0.7003773779035015,-0.3920720739968163,0.34151135382872033,0.3870631902012607
2023-07-24,0.7161392407962741,-0.3738730582685702,0.3714591286135407,0.39303797195589635
2023-07-25,0.7406286098421645,-0.40486043817174233,0.3640043863676558,0.4230638638237223
2023-07-26,0.7378917504147291,-0.3730633152593823,0.3511016445577168,0.4331223517132135
2023-07-27,0.6819765000985805,-0.4460522252873923,0.1998185116478281,0.3759213498642544
2023-07-28,0.7020993776734525,-0.4215430640994496,0.19921127602534305,0.4388628745035157
2023-07-31,0.7198093429168075,-0.416001660352808,0.17504386917121284,0.46697441199747297
2023-08-01,0.7138799664051616,-0.4498682421012347,0.09646509872063562,0.4397854241369893
2023-08-02,0.6813411095116597,-0.4973353660118058,0.08603732064848811,0.319840342592439
2023-08-03,0.659938874821614,-0.5243043706063506,-0.04577073675061821,0.2855451524753122
2023-08-04,0.6145890645248223,-0.5490686394064652,-0.13646096259602597,0.23022861717734655
2023-08-07,0.6920146710525104,-0.5106419650546383,-0.09781386874766763,0.31826540033696005
2023-08-08,0.6576362250670492,-0.5405221532138905,-0.14587056124202818,0.2714327351807691
2023-08-09,0.6628249815395699,-0.5728333554362898,-0.1158240667408902,0.2354078471466336
2023-08-10,0.649754362688983,-0.5736469124936754,-0.16468497224624273,0.22476876504325674
2023-08-11,0.6714272540201155,-0.5766106650798339,-0.12644450080928582,0.20205251187269907
2023-08-14,0.6758500813561894,-0.6037129564728662,-0.19355544634713712,0.24039256765578745
2023-08-15,0.5937990313155159,-0.6767158997138517,-0.35332015008425927,0.11465491226799478
2023-08-16,0.5688622669636083,-0.7309152375183843,-0.39045156246283014,0.04479328291375938
2023-08-17,0.5041834407944432,-0.758844493682134,-0.4252424429953722,-0.026113674991792835
2023-08-18,0.5293551323052129,-0.7719777751265283,-0.38619510804495993,-0.020334118547018835
2023-08-21,0.530652283306002,-0.7844688483486414,-0.4468259085900155,-0.014940893349191903
2023-08-22,0.5095005600136534,-0.8142082053430835,-0.4761863171937975,-0.022499531989516857
2023-08-23,0.5595372804775247,-0.7623002280581556,-0.4549178555617308,0.06778965176666557
2023-08-24,0.5023249892796382,-0.8035072186314314,-0.5130824213536715,-0.021481467178727478
2023-08-25,0.5433642947147408,-0.7822161451767181,-0.45466575764520334,0.030481983001912218
2023-08-28,0.5856782083999355,-0.7423333552338938,-0.42339123998786626,0.10101738148940796
2023-08-29,0.6416444507372439,-0.6758493468245796,-0.3670932378886841,0.21108610656033103
2023-08-30,0.6719413495640606,-0.6648684540080643,-0.395871293680814,0.24118786849470822
2023-08-31,0.6406999351222499,-0.6865211413335827,-0.5027497203052267,0.22959576114883296
2023-09-01,0.6778965780811181,-0.6887892505613167,-0.5529859698341661,0.27795380121925145
2023-09-05,0.5971615390987555,-0.753459791683366,-0.6798755254700665,0.17009041295213698
2023-09-06,0.58435201428718,-0.7875852749964326,-0.7164666003130366,0.16410728265287394
2023-09-07,0.5981825646243117,-0.8323845733272617,-0.685824880565844,0.12042130458151389
2023-09-08,0.6102776293310692,-0.8405026603045782,-0.6457731029055436,0.10800172872817837
2023-09-11,0.6226347223637475,-0.833488872623929,-0.633144638939057,0.141603601822816
2023-09-12,0.6156466420073051,-0.8260348587181882,-0.6355728144120786,0.10176937239514418
2023-09-13,0.6038685388869678,-0.8572310701766515,-0.6190657894215584,0.07719344037061712
2023-09-14,0.6795101783058135,-0.7835413702687897,-0.5024583981957869,0.15348892552810586
2023-09-15,0.6109025548822885,-0.8049432493898317,-0.5551783404032362,0.06903759585283195
2023-09-18,0.638616082951913,-0.843461458637325,-0.5823075884527357,0.05633163381853219
2023-09-19,0.6190998317734138,-0.850797576955126,-0.5920005382243648,0.037878448483011105
2023-09-20,0.6087919764885563,-0.8764973031840754,-0.5850260103929528,-0.010751529093556367
2023-09-21,0.4972172795374233,-0.9656069560187982,-0.6911270083895582,-0.1664823592074541
2023-09-22,0.48956941376383967,-1.0049008489217879,-0.7570718191018262,-0.17873910678064847
2023-09-25,0.5106265945389202,-0.9969271204092903,-0.7646404703561263,-0.15333016959843807
2023-09-26,0.41460074575816447,-1.0643670295620289,-0.922071624593755,-0.286447179345432
2023-09-27,0.4291466789764611,-1.074226996195082,-1.0025108936775993,-0.27519975868882507
2023-09-28,0.4745968967871639,-1.0296578881076508,-1.0347141892828888,-0.20786159981263821
2023-09-29,0.4124157226025897,-1.0214095811757564,-1.0423537248714076,-0.22003617762729338
2023-10-02,0.35087971250144395,-1.0862701226028477,-1.286654697954382,-0.2653534662899412
2023-10-03,0.28513841131286505,-1.1578349279145672,-1.2707028720628775,-0.3781195800629861
2023-10-04,0.3286505904223523,-1.126297261004763,-1.2420086972685913,-0.303925791068755
2023-10-05,0.30583297941629684,-1.136926852489259,-1.3038373431929113,-0.3328836326119017
2023-10-06,0.3648483044999418,-1.1109542662981933,-1.248038976190548,-0.24415447607358293
2023-10-09,0.44496923293562984,-1.0876117349842696,-1.1366129416562185,-0.21010717104721244
2023-10-10,0.4858958968791925,-1.0450841123325167,-1.0753693440962315,-0.15013086712944654
2023-10-11,0.5074816021959929,-1.0366757714116162,-1.0785170609649735,-0.12639968974327562
2023-10-12,0.44616014393341946,-1.1192312672540838,-1.2365721540205585,-0.22618647018803803
2023-10-13,0.4655091290518774,-1.1416729470940412,-1.1507841622646262,-0.2911423591943376
2023-10-16,0.5479930353021203,-1.0775463024449692,-1.0493081712467431,-0.18416119651011564
2023-10-17,0.5801002970931791,-1.0515168208312646,-1.0273570234301015,-0.15215746635054805
2023-10-18,0.508612795137313,-1.14485689289593,-1.106058633314689,-0.3281188263756217
2023-10-19,0.42395323779041777,-1.2153600365559716,-1.1818164249987255,-0.4156939450458083
2023-10-20,0.33791185940972046,-1.2648570146051847,-1.274704675750871,-0.4982946799509004
2023-10-23,0.30123041364159797,-1.307997537769873,-1.37400635937301,-0.5375864308712681
2023-10-24,0.3521823906332139,-1.2808809743399838,-1.2785815490712196,-0.5012017156340131
2023-10-25,0.3217436397977646,-1.3549473347959955,-1.2587867536977888,-0.6555237466860212
2023-10-26,0.3170961142511811,-1.359055188997766,-1.2607183180257127,-0.6595770197265756
2023-10-27,0.2454244547383982,-1.4400942802076044,-1.4198975757689156,-0.7184353129402488
2023-10-30,0.30584201998230887,-1.4070799273823982,-1.360780311547616,-0.6524029062889151
2023-10-31,0.36350561493179995,-1.3518483222681559,-1.2880307403999092,-0.5782481549822832
2023-11-01,0.41235953226071165,-1.3702255797174088,-1.2587458381066272,-0.537372943428097
2023-11-02,0.5417912923890273,-1.2513965182172122,-1.1151365124823591,-0.375149515809063
2023-11-03,0.5951188262890376,-1.1288346284012942,-1.0242802072432096,-0.24521639365950806
2023-11-06,0.5859406726727666,-1.1756290933408808,-1.0791443208121794,-0.28023321955286995
2023-11-07,0.5678915037796713,-1.182542838094001,-1.1025923124895949,-0.31334947909243926
2023-11-08,0.5496913694149779,-1.194087412364796,-1.1463265327372751,-0.28410895631100663
2023-11-09,0.530489339418769,-1.26537536776239,-1.2716843673180374,-0.34253535457656736
2023-11-10,0.6176046462363713,-1.2130663974287224,-1.217170026152231,-0.2288634779777859
2023-11-13,0.6277892794416076,-1.2436090001956734,-1.2460552086694792,-0.25089412646344467
2023-11-14,0.7413900002157908,-1.0582990185801888,-0.992838510450604,-0.00804074092311896
2023-11-15,0.7263993791614255,-0.9991971124657086,-0.960436562211506,0.027667637763753746
2023-11-16,0.7156615068912894,-1.0217043048370484,-0.9528064213881166,0.010735776093657194
2023-11-17,0.7417196067994467,-0.9993167621229153,-0.9468348978728841,0.050708921986850945
2023-11-20,0.7627820986234265,-0.9783871546167762,-0.9513746839264712,0.09428049618447279
2023-11-21,0.7704680595431787,-0.9869890459800672,-0.9360399771899333,0.06888803912372185
2023-11-22,0.8057917698854972,-0.9678084421810449,-0.87595310313661,0.10864656486502769
2023-11-24,0.8245180688617402,-0.9440864221301966,-0.8343969537292639,0.1275465614281312
2023-11-27,0.8119168492200837,-0.9623857315070792,-0.8843729339863061,0.11183865519417545
2023-11-28,0.7850872733288704,-0.9470680073794802,-0.8756613927261093,0.09849914065547734
2023-11-29,0.7743069542003076,-0.8949418371101415,-0.9245233531195663,0.14738208494846877
2023-11-30,0.8601809875687274,-0.8637860831234178,-0.8387826747970145,0.2161923734152063
2023-12-01,0.9208326706925124,-0.7520232276375239,-0.6846226897973192,0.3289089472592154
2023-12-04,0.9102640225897412,-0.7341554257175418,-0.669665928225626,0.3287350936110738
2023-12-05,0.8500274642435002,-0.7918402782104426,-0.7423967962781797,0.25806410146034425
2023-12-06,0.8315817785250222,-0.7684399330206678,-0.676609100789723,0.2589216477635295
2023-12-07,0.8416368738990672,-0.7341195432104848,-0.6427358853796039,0.3059130991475824
2023-12-08,0.8639979979467344,-0.7217548664405369,-0.6847616977635312,0.3389134246432604
2023-12-11,0.9471400001363993,-0.6979845184685378,-0.6171713784777758,0.4268442531101939
2023-12-12,0.9760296390754796,-0.7028591109413269,-0.6161990068479136,0.46589294168497747
2023-12-13,1.074467617339204,-0.545164976879477,-0.3225577850982268,0.6144323763548558
2023-12-14,1.047251616749811,-0.3791871406026941,-0.37681505270560994,0.7754118945968967
2023-12-15,1.0018303216356783,-0.4361296407902198,-0.5230896450326081,0.7464660974413392
2023-12-18,1.0357887394083858,-0.44801430004033777,-0.5292170917384061,0.7511421335794917
2023-12-19,1.0705876763652922,-0.39848589067382745,-0.4506803091843426,0.8155515308822185
2023-12-20,0.9551289525458344,-0.49445703846047856,-0.6290290393848332,0.6769905694799793
2023-12-21,1.0142012335850972,-0.41734347693711016,-0.5544127695364168,0.7961796977076229
2023-12-22,1.0414355005716813,-0.4071679096652989,-0.5011317738924012,0.8434736045880556
2023-12-26,1.0802437440146087,-0.36899930312536405,-0.4521576133555166,0.8952405386591294
2023-12-27,1.088613544477093,-0.35670507600278367,-0.4589526276226061,0.9112270961463316
2023-12-28,1.0959245077248347,-0.3398217983025137,-0.4156086548780923,0.922983030651901
2023-12-29,1.0965848022731346,-0.38074454503205374,-0.4246335494337513,0.8896034652876877
2024-01-02,1.1079923421732165,-0.3696221505436849,-0.25013433661130474,0.8036158018423003
2024-01-03,1.0694147284294053,-0.49986009323640834,-0.30982814471711706,0.6540561787035599
2024-01-04,1.0618695185675198,-0.49549596993196476,-0.3277215806573175,0.6438388777360706
2024-01-05,1.0676241406516978,-0.46455577199913195,-0.31787446992017426,0.6579639273943843
2024-01-08,1.1331209383534107,-0.3974190618337146,-0.26060631194374206,0.7577253949570275
2024-01-09,1.1072174380006372,-0.439932833981727,-0.3082006947020389,0.7153429882401121
2024-01-10,1.1255804740448312,-0.4297863729035574,-0.3556734167448459,0.7530790023794469
2024-01-11,1.1263025598958796,-0.46444420068013575,-0.48563109158946927,0.7484333401719272
2024-01-12,1.1469395689363029,-0.4934450950263561,-0.46193646183658976,0.7278962621328827
2024-01-16,1.1136459663339509,-0.5366853573037129,-0.5519190658283573,0.6717203155959902
2024-01-17,1.0821860876714866,-0.5977735081188837,-0.6287328682598889,0.6016332847127202
2024-01-18,1.1278386270833543,-0.5790578125294478,-0.6885476775069529,0.6806398902544177
2024-01-19,1.1774024475337375,-0.5201103797870182,-0.6914438023376963,0.7676079045109936
2024-01-22,1.2072410020088769,-0.4820623336032257,-0.7182063986788871,0.8255135160690759
2024-01-23,1.2128480340286087,-0.4870387361355992,-0.6619475171258259,0.8330300797433181
2024-01-24,1.181145476658826,-0.5301545789815757,-0.791545241368345,0.7842097461622113
2024-01-25,1.2437203911006551,-0.47420410062472645,-0.6983497478776333,0.8837340735800608
2024-01-26,1.243496070043543,-0.46816741688390423,-0.6734541899992438,0.8689842612218031
2024-01-29,1.2751086665230236,-0.4317628370520039,-0.6348685897330917,0.9287097066258639
2024-01-30,1.3156488753860263,-0.4462685079168782,-0.6051571688607149,0.9210938025602695
2024-01-31,1.2378202247088426,-0.5328874849361429,-0.6766867872995834,0.7813286429099756
2024-02-01,1.3274976648739552,-0.4869096976830514,-0.5382913074363629,0.8891707327189627
2024-02-02,1.3369844062146186,-0.5217942724878275,-0.661629409804208,0.9100508465411675
2024-02-05,1.2956907377796816,-0.5911001174555103,-0.8275735529991857,0.8284056429164888
2024-02-06,1.3211869421728717,-0.5423343472470324,-0.7610070785910327,0.8875518253065044
2024-02-07,1.3625131638578185,-0.5605066938689113,-0.7688325482180454,0.9593057131975888
2024-02-08,1.3750777203987579,-0.5410564740407311,-0.7990981605309865,0.9883692898700553
2024-02-09,1.3894879579371604,-0.5394343108596122,-0.7936656149691722,1.0285927485747275
2024-02-12,1.4142516458978698,-0.48898935661664317,-0.6821580974582325,1.0452094736117423
2024-02-13,1.341775011256569,-0.6138140601285034,-0.8402579709952408,0.8821385547857322
2024-02-14,1.391842005950662,-0.5398598946496018,-0.8256321243099537,0.9708433861641887
2024-02-15,1.4634544445933464,-0.45989966302808055,-0.6985752107440589,1.055823728619473
2024-02-16,1.4452566450540572,-0.4882486926694293,-0.6992221300871969,0.9869019890107694
2024-02-20,1.4372757410827806,-0.5028084299256071,-0.6774210543922903,0.9545525636981371
2024-02-21,1.4676906997592205,-0.49613069353138867,-0.5792749739992661,0.993206800947587
2024-02-22,1.5632694984599047,-0.4787248921599764,-0.594103541349083,1.1312553796124167
2024-02-23,1.591704102644556,-0.46617887218738957,-0.5521394617835534,1.1554610882990777
2024-02-26,1.57851217738682,-0.514910503496396,-0.6817827860994998,1.1177652781222631
2024-02-27,1.58701872482911,-0.4758115128316985,-0.6342817075718293,1.1360156238416872
2024-02-28,1.6047515723041137,-0.47492265575368964,-0.6738843289275627,1.1405445279444264
2024-02-29,1.6230112652230893,-0.4390368142285809,-0.6601457474823892,1.2033445612346585
2024-03-01,1.6481285295913617,-0.4110615541182991,-0.6725990768065266,1.2682665935475372
2024-03-04,1.6745169182661657,-0.3762296663878842,-0.6283414456438601,1.2817407813859403
2024-03-05,1.6450563737934254,-0.40120598384217554,-0.6469651454042074,1.194217405081223
2024-03-06,1.6979890744819006,-0.3770492464587352,-0.5570895624066887,1.2428366569472773
2024-03-07,1.7459453587361415,-0.3316048737005299,-0.5120074166837784,1.3281639453842167
2024-03-08,1.7209478544211216,-0.31771629908519433,-0.45750117568493653,1.2893056552689417
2024-03-11,1.7446436212305754,-0.3027572372524664,-0.386075158732379,1.282225252110452
2024-03-12,1.7934043970910931,-0.3145583216947135,-0.44887615280928184,1.3332845703477565
2024-03-13,1.805260109195365,-0.3057236003638941,-0.4575158161347675,1.3271905458326227
2024-03-14,1.766307671791095,-0.3838841354388919,-0.5622625370245614,1.2413886033107926
2024-03-15,1.7638220219015308,-0.3871130584250928,-0.5465597619866045,1.1988742731216606
2024-03-18,1.7961165058172652,-0.38950654828515624,-0.5035829277944949,1.2141118056260034
2024-03-19,1.8554363521845598,-0.3601929244479472,-0.4473866532687424,1.257569037374349
2024-03-20,1.905609444435057,-0.3009307189185387,-0.4440857181808495,1.3530915676263573
2024-03-21,1.9376727618119425,-0.24029843114478722,-0.4204115611992315,1.4334992480447533
2024-03-22,1.9113265316272747,-0.29676756677904703,-0.4561669600785286,1.357321619050733
2024-03-25,1.882432480648814,-0.30792202293871096,-0.4643986997981455,1.3104917519048278
2024-03-26,1.8803750745799455,-0.3318237906110236,-0.4932583395363871,1.319497211087186
2024-03-27,1.9819675341895642,-0.21212937921557407,-0.2629921728412142,1.452213449285248
2024-03-28,2.007269406748238,-0.1784842241566188,-0.18657047532861562,1.4877030936627942
2024-04-01,1.9668362037865987,-0.23303851954099689,-0.2562050855809862,1.4183692578920564
2024-04-02,1.9161767821055486,-0.29590504493877673,-0.3147807123873526,1.3249113047285956
2024-04-03,1.920284518051275,-0.2976146153551693,-0.38103340141247444,1.3471184491662875
2024-04-04,1.8283846680968223,-0.3543852162753262,-0.39833050990513785,1.219552698463097
2024-04-05,1.9040266956414411,-0.3271217066342318,-0.4024789780327553,1.281890863312623
2024-04-08,1.8975100422136637,-0.28687220960710896,-0.367066773813432,1.3038545547877824
2024-04-09,1.8787779909021711,-0.22754283144672302,-0.2827744271283107,1.351382121319494
2024-04-10,1.8059399007969452,-0.3629183151304107,-0.4828752353567873,1.160633964081386
2024-04-11,1.763990828518601,-0.36507453214612456,-0.5422057842726833,1.1826200005867489
2024-04-12,1.6779924665863946,-0.46417471058438936,-0.6793265969049679,1.0206239310334069
2024-04-15,1.6100232251311566,-0.5177533767592204,-0.7021190703889927,0.9368091701554735
2024-04-16,1.592675175929594,-0.5748677599594979,-0.8045651374189309,0.9041343727983713
2024-04-17,1.5757930980501431,-0.5983166439149648,-0.7247015069135236,0.868349589678007
2024-04-18,1.5692574938355828,-0.5913651212592116,-0.6625127266186737,0.8531544517430476
2024-04-19,1.61730533854239,-0.5543534669808019,-0.518041009745149,0.8461441383194792
2024-04-22,1.6734383121603864,-0.5058847617271782,-0.44291631534174386,0.9306661548879746
2024-04-23,1.728069047286185,-0.44688447516199625,-0.41874640043130124,1.0063255393350725
2024-04-24,1.7519363635728482,-0.4348007462062531,-0.3627691805482374,0.9807728102019573
2024-04-25,1.7381265001271526,-0.47030806561877864,-0.4007656640854899,0.9666698373555186
2024-04-26,1.7183721715822762,-0.45968755044228354,-0.45653589411703477,1.0059030207210975
2024-04-29,1.7691719618282822,-0.4164708295919418,-0.34473505938421384,1.0445516625563656
2024-04-30,1.6561373396217676,-0.4977475143765828,-0.4288748831671072,0.9164810581766257
2024-05-01,1.6332551942887408,-0.5089328908509735,-0.4068538116763948,0.8895032910392244
2024-05-02,1.6533359825949394,-0.47951492862798695,-0.3236763315549751,0.9652315267614592
2024-05-03,1.7080004036638652,-0.44068542996870974,-0.304812616620487,1.0370402986586311
2024-05-06,1.776754672977799,-0.4072374013249049,-0.3004553360143333,1.1234501723501293
2024-05-07,1.8183007786794874,-0.4050536324093183,-0.20718893980004918,1.150819862008073
2024-05-08,1.8167263095142223,-0.4012163605331497,-0.19731364848824867,1.1403107999248197
2024-05-09,1.8837589813570306,-0.3606576075644555,-0.10260143138720124,1.2323811232193977
2024-05-10,1.9113286676599128,-0.33084930057281153,-0.08264253212190895,1.2377709812534115
2024-05-13,1.878561075550342,-0.32159416432430193,-0.05244585229823709,1.230788136563313
