,barycenter_0,barycenter_1,barycenter_2,barycenter_3
2021-05-14,-0.5889298396753346,-0.0895387393440225,-1.6659517628203016,0.32906728392837065
2021-05-17,-1.843528551273972,-0.6973487024406596,-1.0147232955811576,0.812717042589748
2021-05-18,-1.019402787819437,0.07963109542375589,-0.5210359071203552,1.3829538071802494
2021-05-19,-1.2085424381122993,1.3325150375164743,-0.024365674157638798,1.196382138981373
2021-05-20,-1.36805143662814,0.6795174014781645,0.560248564315402,1.5791184953298516
2021-05-21,-1.543248234355371,0.41523688627243305,-0.242585059913559,1.513378179588682
2021-05-24,-1.2679015423886992,0.554767194367245,-0.1061048813453143,1.6880063034396595
2021-05-25,-1.4233600279935599,0.8680516866846822,-0.34053040554733405,1.6176260246982364
2021-05-26,-1.732585503645699,0.21525923085923854,-0.4359160033204723,1.8234441799659162
2021-05-27,-1.3413259227606924,-0.2810582780985872,-0.430984407482894,1.676501904763584
2021-05-28,-1.0983214114789008,0.10781728809892244,-0.46440525705106733,2.1122917664933096
2021-06-01,-1.3727741258697808,0.3333171725671614,-0.43335847484594464,1.7667261374171863
2021-06-02,-1.1855075357690332,0.4894909347980686,-0.41348651385953955,1.5312632854198112
2021-06-03,-0.9845189718021465,0.45298313702591636,-0.45720188704927844,1.1530700394263813
2021-06-04,-1.1387592018798967,0.49333277482414845,-0.7007313906726926,1.3619617548429992
2021-06-07,-1.0066221928858676,0.5960904643042074,-0.4676332830295509,1.1770438922376272
2021-06-08,-0.8703538722955794,0.4577347507712791,-0.4203767207740735,0.921220690820701
2021-06-09,-0.9505881580337212,0.24727298035445616,-0.32117979327901525,0.4836993504455894
2021-06-10,-0.8151821867964503,0.4661382012224105,-0.003510300542405409,0.9390644905691651
2021-06-11,-0.6482745226952055,0.6776639661044765,-0.39861854130018964,1.1274504377929444
2021-06-14,-0.7251630360339448,0.5730997403352488,-0.5609800545084225,1.3389473372774021
2021-06-15,-0.8047191170847007,0.6046300655065421,-0.776693058128652,1.2307559825550087
2021-06-16,-0.7229144294973658,0.6034582438122692,-1.1029968693991066,1.3822141786535946
2021-06-17,-0.737919883499433,0.6034582438122692,-0.710338160206965,1.5384372813521552
2021-06-18,-0.7330072096439669,0.6034582438122692,-0.6132479216655912,1.485283698893527
2021-06-21,-0.7338619480282316,0.6034582438122692,-0.49461362138785975,1.4952391998623193
2021-06-22,-0.7336909932132116,0.6034582438122692,-0.6494642013358596,1.4937191457392427
2021-06-23,-0.7336909932132116,0.6034582438122692,-0.9608969483320243,1.4944754297841898
2021-06-24,-0.7336909932132116,0.6034582438122692,-1.5433871219874047,1.4943583174488753
2021-06-25,-0.7336909932132116,0.6034582438122692,-1.0233807434252795,1.4943583174488753
2021-06-28,-0.7336909932132116,0.6034582438122692,-0.6402237311016177,1.4943583174488753
2021-06-29,-0.7336909932132116,0.6034582438122692,-0.8291189648677192,1.4943583174488753
2021-06-30,-0.7336909932132116,0.6034582438122692,-0.6089685998698582,1.4943583174488753
2021-07-01,-0.7336909932132116,0.6034582438122692,-0.47889822794507614,1.4943583174488753
2021-07-02,-0.7336909932132116,0.6034582438122692,-0.3457789881929385,1.4943583174488753
2021-07-06,-0.7336909932132116,0.6034582438122692,-0.4319098382917657,1.4943583174488753
2021-07-07,-0.7336909932132116,0.6034582438122692,-0.4595367380419515,1.4943583174488753
2021-07-08,-0.7336909932132116,0.6034582438122692,-0.4273236355852882,1.4943583174488753
2021-07-09,-0.7336909932132116,0.6034582438122692,-0.43343937090800344,1.4952463618911782
2021-07-12,-0.7336909932132116,0.6034582438122692,-0.5670297242456364,1.4948041055683878
2021-07-13,-0.7336909932132116,0.6034582438122692,-0.41424172365782536,1.461449483461521
2021-07-14,-0.7336909932132116,0.6034582438122692,-0.3136928090437945,1.4966546278932293
2021-07-15,-0.7336909932132116,0.6034582438122692,-0.2922965416899331,1.4959574672595286
2021-07-16,-0.7336909932132116,0.6034582438122692,-0.31742175283396473,1.4959574672595286
2021-07-19,-0.7336909932132116,0.6034582438122692,-0.3120557148288657,1.4959574672595286
2021-07-20,-0.7336909932132116,0.6034582438122692,-0.34010393076064155,1.4959574672595286
2021-07-21,-0.7336909932132116,0.6034582438122692,-0.2999933264791089,1.4959574672595286
2021-07-22,-0.7336909932132116,0.6034582438122692,-0.30631351997800943,1.4959574672595286
2021-07-23,-0.7336909932132116,0.6034582438122692,-0.1933039096408781,1.4959574672595286
2021-07-26,-0.7336909932132116,0.6034582438122692,-0.2044947787064841,1.4959574672595286
2021-07-27,-0.7336909932132116,0.6034582438122692,-0.2046965162305391,1.4959574672595286
2021-07-28,-0.7336909932132116,0.6034582438122692,-0.20434473556306415,1.4959574672595286
2021-07-29,-0.7336909932132116,0.6034582438122692,-0.20959084577419188,1.4961108385929027
2021-07-30,-0.7336909932132116,0.6034582438122692,-0.20508759176403304,1.4918510627054116
2021-08-02,-0.7336909932132116,0.6034582438122692,-0.20469550021890218,1.5439103339692524
2021-08-03,-0.7336909932132116,0.6034582438122692,-0.1472851707816833,1.715603093798869
2021-08-04,-0.7336909932132116,0.6034582438122692,-0.21966723785809983,1.5571186988727734
2021-08-05,-0.7336909932132116,0.6034582438122692,-0.20621737273022922,1.5070954776092367
2021-08-06,-0.7336909932132116,0.6034582438122692,-0.20768503306638342,1.505278737325701
2021-08-09,-0.7336909932132116,0.6034582438122692,-0.20768503306638342,1.5091952036052385
2021-08-10,-0.7336909932132116,0.6034582438122692,-0.20768503306638342,1.509412162590824
2021-08-11,-0.7336909932132116,0.6034582438122692,-0.20768503306638342,1.5093052534696152
2021-08-12,-0.7336909932132116,0.6034582438122692,-0.20768503306638342,1.5093052534696152
2021-08-13,-0.7336909932132116,0.6034582438122692,-0.20768503306638342,1.5093052534696152
2021-08-16,-0.7336909932132116,0.6034582438122692,-0.2076992949272131,1.5093052534696152
2021-08-17,-0.7336909932132116,0.6034582438122692,-0.20749857608711686,1.5093052534696152
2021-08-18,-0.7336909932132116,0.6034582438122692,-0.24428984472067186,1.5093052534696152
2021-08-19,-0.7336909932132116,0.6034582438122692,-0.12161517059854253,1.5093052534696152
2021-08-20,-0.7336909932132116,0.6034582438122692,0.011760394498274906,1.5093052534696152
2021-08-23,-0.7336909932132116,0.6034582438122692,-0.03384772929552749,1.5093052534696152
2021-08-24,-0.7336909932132116,0.6034582438122692,0.35939663475607814,1.5093052534696152
2021-08-25,-0.7336909932132116,0.6034582438122692,0.01260053351442278,1.5093052534696152
2021-08-26,-0.7336909932132116,0.6034582438122692,-0.2212865527606992,1.508211699163172
2021-08-27,-0.7336909932132116,0.6034582438122692,-0.04758728878484081,1.5095119707139422
2021-08-30,-0.7336909932132116,0.6034582438122692,-0.005639434696431249,1.51165787446076
2021-08-31,-0.7336909932132116,0.6034582438122692,-0.015884583999579843,1.500092258441053
2021-09-01,-0.7336909932132116,0.6034582438122692,0.23982987518309065,1.3648625708607252
2021-09-02,-0.7336909932132116,0.6034582438122692,0.7637351531287648,1.4783284672794887
2021-09-03,-0.7336909932132116,0.6034582438122692,0.30877754288777765,1.5077284412014238
2021-09-07,-0.7336909932132116,0.6034582438122692,0.047692124236542295,1.5668289116015774
2021-09-08,-0.7336909932132116,0.6034582438122692,-0.16376425104098682,1.67757634794214
2021-09-09,-0.7336909932132116,0.6034582438122692,-0.14606479087661794,1.8275441693852033
2021-09-10,-0.7336909932132116,0.6034582438122692,-0.1435394492232708,2.1905185130701827
2021-09-13,-0.7336909932132116,0.6034582438122692,-0.14871911291926343,1.7449576494060859
2021-09-14,-0.7336909932132116,0.6034582438122692,-0.2849014985726358,1.9410628133749857
2021-09-15,-0.7336909932132116,0.6034582438122692,-0.13589830542538722,1.6359001205796726
2021-09-16,-0.7336909932132116,0.6034582438122692,-0.12895011331002515,1.6880454628017958
2021-09-17,-0.7336909932132116,0.6034582438122692,-0.13624916026302514,1.4955074912903752
2021-09-20,-0.7336909932132116,0.6034582438122692,-0.13635989792705008,1.5523202398016651
2021-09-21,-0.7336909932132116,0.6034582438122692,-0.13635989792705008,1.5403366234431723
2021-09-22,-0.7336909932132116,0.6034582438122692,-0.13635989792705008,1.537840897453216
2021-09-23,-0.7336909932132116,0.6034582438122692,-0.13635989792705008,1.5403214729432253
2021-09-24,-0.7336909932132116,0.6034582438122692,-0.13635989792705008,1.5404911631870164
2021-09-27,-0.7336909932132116,0.6034582438122692,-0.13635989792705008,1.5404911631870164
2021-09-28,-0.7336909932132116,0.6034582438122692,-0.13635989792705008,1.5404911631870164
2021-09-29,-0.7336909932132116,0.6034582438122692,-0.13635989792705008,1.5404911631870164
2021-09-30,-0.7336909932132116,0.6034582438122692,-0.13635989792705008,1.5404911631870164
2021-10-01,-0.7336909932132116,0.6034582438122692,-0.13635989792705008,1.5404911631870164
2021-10-04,-0.7336909932132116,0.6034582438122692,-0.13635989792705008,1.5404911631870164
2021-10-05,-0.7336909932132116,0.6034582438122692,-0.13635989792705008,1.5404911631870164
2021-10-06,-0.7336909932132116,0.6034582438122692,-0.13635989792705008,1.5404911631870164
2021-10-07,-0.7336909932132116,0.604376572764548,-0.13635989792705008,1.5404911631870164
2021-10-08,-0.7336909932132116,0.6018159076203891,-0.13635989792705008,1.5404911631870164
2021-10-11,-0.7336909932132116,0.6185485236275318,-0.13635989792705008,1.5404911631870164
2021-10-12,-0.7336909932132116,0.5411870510695367,-0.13635989792705008,1.5404911631870164
2021-10-13,-0.7336909932132116,0.6677298810345403,-0.13635989792705008,1.5404911631870164
2021-10-14,-0.7336909932132116,0.7835849230083264,-0.13635989792705008,1.5404911631870164
2021-10-15,-0.7336909932132116,0.7388468300911939,-0.13635989792705008,1.5404911631870164
2021-10-18,-0.7336909932132116,0.9461221355830013,-0.13635989792705008,1.5404911631870164
2021-10-19,-0.7336909932132116,1.240428375002016,-0.13635989792705008,1.5404911631870164
2021-10-20,-0.7336909932132116,0.8740441849308371,-0.13635989792705008,1.5404911631870164
2021-10-21,-0.7336909932132116,0.5549153153398727,-0.13635989792705008,1.5404911631870164
2021-10-22,-0.7336909932132116,0.7672464667023834,-0.13635989792705008,1.5404911631870164
2021-10-25,-0.7336909932132116,0.7072151847009571,-0.13635989792705008,1.5404911631870164
2021-10-26,-0.7336909932132116,0.8339505217368521,-0.13635989792705008,1.5404911631870164
2021-10-27,-0.7336909932132116,0.8132365768888663,-0.13635989792705008,1.5404911631870164
2021-10-28,-0.7336909932132116,1.0324563987438522,-0.13635989792705008,1.5404911631870164
2021-10-29,-0.7336909932132116,0.9269080576446473,-0.13635989792705008,1.5404911631870164
2021-11-01,-0.7336909932132116,1.216903006277216,-0.13635989792705008,1.5404911631870164
2021-11-02,-0.7336909932132116,1.4296178876160017,-0.13635989792705008,1.5404911631870164
2021-11-03,-0.7336909932132116,1.864113604346865,-0.13635989792705008,1.5404911631870164
2021-11-04,-0.7336909932132116,1.340656299897016,-0.13635989792705008,1.5397844689329387
2021-11-05,-0.7336909932132116,1.0560059665243189,-0.13635989792705008,1.5464394665968937
2021-11-08,-0.7336909932132116,0.7931909188950518,-0.13635989792705008,1.515054902142463
2021-11-09,-0.7336909932132116,0.8347373624465122,-0.13635989792705008,1.5758151962458495
2021-11-10,-0.7336909932132116,0.6112976694123484,-0.13635989792705008,1.3853817386661984
2021-11-11,-0.7336909932132116,0.7943557519833363,-0.13635989792705008,1.167632527450667
2021-11-12,-0.7336909932132116,0.7818936659432698,-0.13635989792705008,1.3544349184984013
2021-11-15,-0.7336909932132116,0.888371891905568,-0.13635989792705008,1.4290232991453913
2021-11-16,-0.7336909932132116,1.2002210591716733,-0.13635989792705008,1.4379524253896503
2021-11-17,-0.7336909932132116,0.8242690438862741,-0.13635989792705008,1.4259030380275404
2021-11-18,-0.7336909932132116,0.85449349092753,-0.13514260833756442,1.427036354719853
2021-11-19,-0.7335721814009503,0.677915655322611,-0.13529651333415943,1.427036354719853
2021-11-22,-0.7342654645847224,0.5676180216991624,-0.14502180665709138,1.427036354719853
2021-11-23,-0.7179378741094792,0.4712940563940442,-0.13826091636883514,1.4266345546890642
2021-11-24,-0.7487172741403401,0.5261063969439977,-0.030289137972208967,1.42441097970746
2021-11-26,-0.6744535184508792,0.5232275784529173,-0.19062447765866855,1.469042347219276
2021-11-29,-0.7464225752406423,0.5239657634958621,-0.37850085698243496,1.6423835150976265
2021-11-30,-0.8190198848490449,0.5240454460760431,-0.8250586899775655,1.433861009909133
2021-12-01,-0.9951758246821251,0.5240674528922863,-0.29089689704602967,1.4254031421185027
2021-12-02,-0.8238246458499585,0.5234394977014569,-0.48573901168359,1.4270645452721091
2021-12-03,-0.7575081611565435,0.5234548131548223,-0.20628789652371626,1.4269021306141836
2021-12-06,-0.7103943915123572,0.5233521972111375,-0.1668752891431768,1.4269021306141836
2021-12-07,-0.7263694641392673,0.5233521972111375,-0.16727764765259295,1.4269021306141836
2021-12-08,-0.7246442847806189,0.5233521972111375,-0.16867069963049916,1.4269021306141836
2021-12-09,-0.7243774313674348,0.5233521972111375,-0.16867069963049916,1.4269021306141836
2021-12-10,-0.7233740340915247,0.5233521972111375,-0.16867069963049916,1.427385217669992
2021-12-13,-0.7390482893736204,0.5233521972111375,-0.16867069963049916,1.4270057851578188
2021-12-14,-0.6671491692458209,0.5233521972111375,-0.1674093752666371,1.4280203698610863
2021-12-15,-0.6327128296407881,0.5233521972111375,-0.16335429216915048,1.4282951684637386
2021-12-16,-0.6376562899961323,0.524727205254839,0.008787472876877412,1.4169656740360956
2021-12-17,-0.6375221816582637,0.5208093194950844,-0.16562606124343746,1.4623895737432877
2021-12-20,-0.6375368413234714,0.41633665796834224,-0.17981551003802126,1.3418633064623078
2021-12-21,-0.6379952996982736,0.525192920594986,-0.16884854474491395,1.2457848268765188
2021-12-22,-0.6138133007714957,0.5267741898237721,-0.16884854474491395,1.1523759503530506
2021-12-23,-0.6379040348612859,0.5256836914647679,-0.16884854474491395,1.0232616502025242
2021-12-27,-0.6364471937211421,0.6258088767781357,-0.16884854474491395,0.8402874103774012
2021-12-28,-0.6368152643819677,0.5224000381170208,-0.16884854474491395,0.6217270795315295
2021-12-29,-0.6368152643819677,0.523975777463392,-0.16884854474491395,1.0882519607624728
2021-12-30,-0.6368152643819677,0.5274863725939825,-0.16884854474491395,0.9528449457858486
2021-12-31,-0.6368152643819677,0.5262042630687689,-0.16884854474491395,0.8300843811967759
2022-01-03,-0.6368152643819677,0.5244977217346181,-0.16884854474491395,0.7293092523674641
2022-01-04,-0.6368152643819677,0.5545776708896146,-0.16884854474491395,0.6192882679162279
2022-01-05,-0.6368152643819677,0.455727995098534,-0.16884854474491395,0.46319827827786497
2022-01-06,-0.6368152643819677,0.4692231072326685,-0.16884854474491395,0.2883466689504425
2022-01-07,-0.6368152643819677,0.35900239927549044,-0.16884854474491395,0.04199228670536594
2022-01-10,-0.6368152643819677,0.25323149105120113,-0.16884854474491395,0.818473174761137
2022-01-11,-0.6368152643819677,0.3487818792654179,-0.16884854474491395,0.5773478858188957
2022-01-12,-0.637066310255751,0.4069671017895862,-0.16884854474491395,0.44064634536405134
2022-01-13,-0.637094759957213,0.34601747725948473,-0.16884854474491395,0.2937402139182976
2022-01-14,-0.6343456977565821,0.34893675811312075,-0.16884854474491395,0.16902679427246253
2022-01-18,-0.6533461780286987,0.3496417638471662,-0.16884854474491395,0.08454457754169353
2022-01-19,-0.5856517822591433,0.3422217927643469,-0.16884854474491395,-0.0033552936328206644
2022-01-20,-0.49580219343622944,0.37627997540124153,-0.16884854474491395,-0.08796875123941408
2022-01-21,-0.28427739893852083,0.28253408314172906,-0.16884854474491395,-0.18550858570292034
2022-01-24,-0.4925373224790797,0.22381771460115937,-0.16884854474491395,-0.26935298026224436
2022-01-25,-0.5873874242013503,0.07492983226778178,-0.16884854474491395,-0.3813559860682096
2022-01-26,-0.6165954972797107,-0.27261153329070703,-0.16884854474491395,-0.260916094843894
2022-01-27,-0.6065543672362197,0.1054097263522133,-0.16884854474491395,-0.41151928213475436
2022-01-28,-0.6067895172250731,0.2770314227083897,-0.16884854474491395,-0.6837998564056379
2022-01-31,-0.6050997560754712,0.443497455970782,-0.16884854474491395,-0.39203041680325024
2022-02-01,-0.6055633601578004,0.8315421608479958,-0.16884854474491395,-0.1823841913673305
2022-02-02,-0.6055633601578004,0.5136551427251562,-0.16884854474491395,-0.30936762062134954
2022-02-03,-0.6055633601578004,0.24618672545524312,-0.16884854474491395,-0.3675657422899358
2022-02-04,-0.6055633601578004,0.33644134364996375,-0.16884854474491395,-0.3026849054774472
2022-02-07,-0.6055633601578004,0.15865160447294363,-0.16884854474491395,-0.3332794020062378
2022-02-08,-0.6055633601578004,-0.04897464308270601,-0.16884854474491395,-0.3244493994229072
2022-02-09,-0.6055633601578004,0.07317960542806115,-0.16884854474491395,-0.3270116094685414
2022-02-10,-0.6055633601578004,-0.12164883156065891,-0.16884854474491395,-0.3267094662821531
2022-02-11,-0.6055633601578004,-0.2820847717202325,-0.16884854474491395,-0.3264452772775249
2022-02-14,-0.6055633601578004,-0.4071667351396496,-0.16884854474491395,-0.3264452772775249
2022-02-15,-0.6055633601578004,-0.17338668514737665,-0.16884854474491395,-0.3264452772775249
2022-02-16,-0.6055633601578004,-0.27976057482987937,-0.16884854474491395,-0.3264452772775249
2022-02-17,-0.6055633601578004,-0.3151856014048885,-0.16884854474491395,-0.3264452772775249
2022-02-18,-0.6055633601578004,-0.4026308468098392,-0.16884854474491395,-0.3265415775938046
2022-02-22,-0.6055633601578004,-0.5520043643986852,-0.16628890403640958,-0.32603030605832534
2022-02-23,-0.6055633601578004,-0.8844533286494125,-0.16955538308143905,-0.32926225944606663
2022-02-24,-0.6055633601578004,-0.5580488590167725,-0.3110200963946448,-0.3110202393269582
2022-02-25,-0.6055633601578004,-0.39604498810590005,-0.08219977661963773,-0.45075767352822677
2022-02-28,-0.6055633601578004,-0.24013932890335313,0.035718840785805166,-0.6108556752251552
2022-03-01,-0.6055633601578004,-0.29717696610841804,0.15251782357767069,-0.48295385268509605
2022-03-02,-0.6055633601578004,-0.2859767474096895,0.28833737426129996,-0.8792739667037727
2022-03-03,-0.6055633601578004,-0.2885666240870788,0.4538616927158653,-1.3813913405999279
2022-03-04,-0.6055633601578004,-0.2880761179662443,0.6105468464855031,-0.6088453893005418
2022-03-07,-0.6055470753216182,-0.2880761179662443,0.8153936061326439,-0.7078397097974708
2022-03-08,-0.6112854528639916,-0.2880761179662443,0.3298953254647251,-0.9698511622801366
2022-03-09,-0.5937129487159579,-0.2880761179662443,0.6374891051857556,-0.6439791983287058
2022-03-10,-0.6493361932625681,-0.2880761179662443,1.0380378235168817,-0.40747336110650956
2022-03-11,-0.8241694199912101,-0.2880761179662443,0.692488361857103,-0.4338671414713964
2022-03-14,-0.6652518007683023,-0.2880761179662443,0.9118528951811216,-0.34543675521417283
2022-03-15,-0.5998318774384672,-0.28857107278701616,1.1409359023146952,-0.5529691686485108
2022-03-16,-0.5962195858656947,-0.2781897478072738,1.0280709331670714,-0.391117090919343
2022-03-17,-0.5892600116770366,-0.3450603194610911,1.276874981685696,-0.3058179202619254
2022-03-18,-0.6027483048656938,-0.2931652565569069,1.2276408624809185,-0.2323337170267773
2022-03-21,-0.6026847665085332,-0.2933608355662025,1.446074760713599,-0.18964352673961823
2022-03-22,-0.6026569967084515,-0.29176314428929156,1.3928940197439441,-0.18658664136808825
2022-03-23,-0.6026569967084515,-0.30176531568387494,1.50601575820904,-0.20283320578658515
2022-03-24,-0.6026569967084515,-0.3001426012200246,1.7050442005128057,-0.19685656563766424
2022-03-25,-0.6026569967084515,-0.18429498481674897,1.4788484230604058,-0.19754079847860143
2022-03-28,-0.6026569967084515,-0.010905681036684512,1.5075173018779406,-0.18985886162904062
2022-03-29,-0.6026569967084515,0.3509583142175174,1.5096345628535957,-0.031088590170248433
2022-03-30,-0.6029930565117978,0.021795064930838375,1.5028383148792028,-0.18326744655274946
2022-03-31,-0.6027264397751032,-0.1721303564072472,1.5527823304978374,-0.1983647522444395
2022-04-01,-0.6007955569668868,-0.35591649220712585,1.2986725862416912,-0.19776399691018315
2022-04-04,-0.6187614752030784,-0.13218329203337917,1.567094344827205,-0.19764028760399482
2022-04-05,-0.5319769940368769,-0.27066671776053686,1.7567012258959827,-0.19788484513927265
2022-04-06,-0.5614712465308558,-0.47381889094499763,2.0081831381893087,-0.1973464418957423
2022-04-07,-0.4562916833510543,-0.3579292242131203,1.8883873456557456,-0.19752199008253626
2022-04-08,-0.29486354590888086,-0.521124079488436,2.4798025886747284,-0.1991838079291294
2022-04-11,-0.393275661449999,-0.6404021654494462,2.0552672883503798,-0.1991838079291294
2022-04-12,-0.45999306872147266,-0.7385567342745731,1.6922892477486888,-0.1991838079291294
2022-04-13,-0.2320638901357761,-0.5313255938659669,1.7429966582063645,-0.1991838079291294
2022-04-14,-0.0010610309270419264,-0.6428513049825448,1.5283737156640742,-0.1991838079291294
2022-04-18,-0.1859018714007888,-0.8587433605496886,1.5658583702175208,-0.1991838079291294
2022-04-19,0.263843298480975,-0.8148348770836982,1.561745941068842,-0.19970638858731593
2022-04-20,0.7640666911010641,-0.931662257243888,1.5616127586776931,-0.1968494098739084
2022-04-21,0.10854073931128491,-0.8992325527118036,1.5616363650174818,-0.20274481111289044
2022-04-22,-0.24041232234648552,-0.9157599437319354,1.5616363650174818,-0.33137478125688224
2022-04-25,-0.17598243222576107,-0.910287283168528,1.5616363650174818,-0.20873729304105829
2022-04-26,-0.3483278839362945,-1.071229036365608,1.5616363650174818,-0.19279479123634186
2022-04-27,-0.4864231533724665,-0.903895122037069,1.5616363650174818,-0.19309629684209617
2022-04-28,-0.42273148972697144,-0.7240752169555823,1.5616363650174818,-0.19309629684209617
2022-04-29,-0.4738401904331757,-0.9011638127491384,1.5616363650174818,-0.1914192304987074
2022-05-02,-0.6504571047853827,-0.9079740498006693,1.5616363650174818,-0.11266434441251508
2022-05-03,-0.3398551997129293,-0.9101722445469246,1.5616363650174818,-0.163393802381705
2022-05-04,-0.04817507344318279,-0.910049768867634,1.5814846827979807,0.17767535516007874
2022-05-05,-0.41275656381894316,-0.8925763794886127,1.523829398829752,-0.07852101873444768
2022-05-06,-0.3638317923971919,-0.9843662478342908,1.5513396334719307,-0.19217900599948826
2022-05-09,-0.5792499706007224,-1.127205028083499,1.5613269035899107,-0.2539545972265254
2022-05-10,-0.5575251408632579,-1.0969388499250745,1.2912386977907384,-0.19540485739289917
2022-05-11,-0.5478107749307517,-1.4977414774912476,1.4961852726212905,-0.20522012405392856
2022-05-12,-0.5730357665572791,-1.2065268715630117,1.601979060940079,-0.20485432348896926
2022-05-13,-0.49937422654062186,-1.0363455915061208,1.5854903604043946,-0.20485432348896926
2022-05-16,-0.5926214790921991,-0.9014564787623892,1.5867353996438964,-0.20485432348896926
2022-05-17,-0.5954485848641385,-0.9150371128860906,1.587182616916119,-0.20485432348896926
2022-05-18,-0.5989753317955481,-0.9156529570795202,1.5892242067164362,-0.20485432348896926
2022-05-19,-0.6530436170789671,-0.9088614297713222,1.5856373225916747,-0.20485432348896926
2022-05-20,-0.7504955553736449,-0.9111346123957458,1.5708156772285853,-0.20485432348896926
2022-05-23,-0.6553115594142179,-0.9111143309290456,1.7244349170398843,-0.20485432348896926
2022-05-24,-0.6486376306960218,-0.9111143309290456,1.9789769892301083,-0.20485432348896926
2022-05-25,-0.6527411882394548,-0.9111143309290456,1.6617340366382913,-0.20485432348896926
2022-05-26,-0.6525174933041571,-0.9111143309290456,1.5026722291615413,-0.20485432348896926
2022-05-27,-0.6526045677929064,-0.9084292916132352,1.5133076136986634,-0.20485432348896926
2022-05-31,-0.652269865064984,-0.9088764254546269,1.5132094130849658,-0.20485432348896926
2022-06-01,-0.652269865064984,-0.9336378419828174,1.5138327853728228,-0.20485432348896926
2022-06-02,-0.652269865064984,-0.8356534273376839,1.5153883094693814,-0.20485432348896926
2022-06-03,-0.652269865064984,-0.8986510219380319,1.5196184722386337,-0.20485432348896926
2022-06-06,-0.652269865064984,-0.6936323269183209,1.4807123871840735,-0.20485432348896926
2022-06-07,-0.652269865064984,-0.31263534180532343,1.498901172480464,-0.20485432348896926
2022-06-08,-0.652269865064984,-0.6394733711800364,1.2833292300083465,-0.20485432348896926
2022-06-09,-0.652269865064984,-0.8303792579901007,1.1084413091954342,-0.20485432348896926
2022-06-10,-0.6515490438226892,-0.915587964082225,1.1563078982590655,-0.20485432348896926
2022-06-13,-0.6544842204116518,-0.9107190617607954,0.9859448264201831,-0.20485432348896926
2022-06-14,-0.6138779416127355,-0.9108398870712379,0.9668460488335419,-0.20485432348896926
2022-06-15,-0.7118140610818146,-0.9113817602345503,1.02832087448492,-0.20485432348896926
2022-06-16,-0.8406611723308143,-1.0097089488232494,0.8069961718941734,-0.20485432348896926
2022-06-17,-1.0355027347009227,-0.9044527833109073,0.4022723921105181,-0.20485432348896926
2022-06-21,-0.7913827526531217,-0.8873793929127165,0.7767818603090907,-0.20485432348896926
2022-06-22,-0.6938441695199199,-0.9115532774252498,0.9329153582321298,-0.20485432348896926
2022-06-23,-0.6456970640720476,-0.9083472493611452,0.99341141341173,-0.20485432348896926
2022-06-24,-0.610088777249299,-0.9083472493611452,1.083529849771888,-0.20485432348896926
2022-06-27,-0.6490902672704618,-0.9083472493611452,1.4278304646466362,-0.20485432348896926
2022-06-28,-0.6436549975715412,-0.9083472493611452,1.1440113123800244,-0.20485432348896926
2022-06-29,-0.6440343836961102,-0.9083472493611452,0.9390166479711721,-0.20485432348896926
2022-06-30,-0.643890097723118,-0.9083472493611452,0.9801861863250025,-0.20485432348896926
2022-07-01,-0.6439821023043995,-0.9083472493611452,0.9703037725576888,-0.20485432348896926
2022-07-05,-0.6439821023043995,-0.9083472493611452,0.9520104132065091,-0.20485432348896926
2022-07-06,-0.6439821023043995,-0.9083472493611452,1.0585910775496592,-0.20485432348896926
2022-07-07,-0.6439821023043995,-0.9083472493611452,0.9733827362886032,-0.20485432348896926
2022-07-08,-0.6439821023043995,-0.9083472493611452,0.9740751410681966,-0.20485432348896926
2022-07-11,-0.6439821023043995,-0.9083472493611452,0.9740751410681966,-0.20485432348896926
2022-07-12,-0.6439821023043995,-0.9083472493611452,0.9745927470488748,-0.20485432348896926
2022-07-13,-0.6439821023043995,-0.9083472493611452,0.9757050263846061,-0.20485432348896926
2022-07-14,-0.6439821023043995,-0.9083472493611452,0.97777485470083,-0.20485432348896926
2022-07-15,-0.6439821023043995,-0.9083472493611452,0.9905964038281582,-0.20485432348896926
2022-07-18,-0.6439821023043995,-0.9083472493611452,0.8624433165533762,-0.20485432348896926
2022-07-19,-0.6439821023043995,-0.9083472493611452,0.765540386099357,-0.20485432348896926
2022-07-20,-0.6439821023043995,-0.9083472493611452,0.5454867248865063,-0.20485432348896926
2022-07-21,-0.6439821023043995,-0.9083472493611452,0.7652498755883099,-0.20485432348896926
2022-07-22,-0.6439821023043995,-0.9083472493611452,0.7803109289007178,-0.20485432348896926
2022-07-25,-0.6439821023043995,-0.9083472493611452,0.7771715914823032,-0.20485432348896926
2022-07-26,-0.6439821023043995,-0.9083472493611452,0.7771715914823032,-0.20485432348896926
2022-07-27,-0.6439821023043995,-0.9083472493611452,0.7765257207324584,-0.20485432348896926
2022-07-28,-0.6439821023043995,-0.9083472493611452,0.7930064159835694,-0.20485432348896926
2022-07-29,-0.6439821023043995,-0.9083472493611452,0.7761363362019132,-0.20485432348896926
2022-08-01,-0.6439821023043995,-0.9083472493611452,0.7778879425993573,-0.20485432348896926
2022-08-02,-0.6439821023043995,-0.9083472493611452,0.7778879425993573,-0.20485432348896926
2022-08-03,-0.6439821023043995,-0.9083472493611452,0.7778879425993573,-0.20485432348896926
2022-08-04,-0.6439821023043995,-0.9083472493611452,0.7778879425993573,-0.20485432348896926
2022-08-05,-0.6439821023043995,-0.9083472493611452,0.7778879425993573,-0.20485432348896926
2022-08-08,-0.6439821023043995,-0.9083472493611452,0.7778879425993573,-0.20485432348896926
2022-08-09,-0.6439821023043995,-0.9089740437168579,0.7778879425993573,-0.20485432348896926
2022-08-10,-0.6439821023043995,-0.8912786903200735,0.7778879425993573,-0.20485432348896926
2022-08-11,-0.6440990908953483,-0.9661623592078838,0.7778879425993573,-0.20485432348896926
2022-08-12,-0.6436110753584102,-0.9062471227820564,0.7778879425993573,-0.20485432348896926
2022-08-15,-0.6437330485127479,-0.8023444591021953,0.7778879425993573,-0.20485432348896926
2022-08-16,-0.632887049438763,-0.5575250064043576,0.7778879425993573,-0.20485432348896926
2022-08-17,-0.6590887358775466,-0.8339372333146519,0.7778879425993573,-0.20485432348896926
2022-08-18,-0.5243020341016248,-0.904028174323604,0.7778879425993573,-0.20485432348896926
2022-08-19,-0.2964732152603044,-0.8983175781295422,0.7778879425993573,-0.20485432348896926
2022-08-22,-0.5132495802384824,-0.9004720352031914,0.7778879425993573,-0.20494719430803676
2022-08-23,-0.6388710002985685,-0.8988716401549921,0.7778879425993573,-0.20455739976644044
2022-08-24,-0.6250665004490085,-0.8979863349967555,0.7778879425993573,-0.21644474948601838
2022-08-25,-0.6360851827818773,-0.8904160749724167,0.7778879425993573,-0.20530751849964507
2022-08-26,-0.6349646105813295,-0.9868393103757744,0.7778879425993573,-0.20529274892418303
2022-08-29,-0.634856957765685,-1.0788491970498697,0.7778879425993573,-0.20539822420036996
2022-08-30,-0.6349533821171778,-1.122007636573608,0.7778879425993573,-0.20711368698472524
2022-08-31,-0.6350247178824908,-1.2300407180617035,0.7778879425993573,-0.2088650759389075
2022-09-01,-0.6385167562647589,-1.2312096656998661,0.7778879425993573,-0.1634603154487987
2022-09-02,-0.6322179266681576,-1.2170867418924605,0.7778879425993573,-0.21657802621634373
2022-09-06,-0.7003802895409024,-1.2099853045707918,0.7778879425993573,-0.3334185683041237
2022-09-07,-0.636725166329922,-1.217408883330058,0.7778879425993573,-0.6098153641355305
2022-09-08,-0.638012230606708,-1.34220733919534,0.7778879425993573,-0.2646428894118521
2022-09-09,-0.6390387245863673,-1.2266902387989151,0.7778879425993573,-0.30114811512199424
2022-09-12,-0.600517681673749,-1.1111208004822846,0.7778879425993573,-0.1857593610956592
2022-09-13,-0.6375117509542666,-1.2584582831615625,0.7778879425993573,-0.20229973809823104
2022-09-14,-0.6353531771308257,-1.237120248538874,0.7778879425993573,-0.1963077031744511
2022-09-15,-0.6364496165449401,-1.3930569647491438,0.7778879425993573,-0.19642632707033708
2022-09-16,-0.6352864014546724,-1.4254398922213283,0.7778879425993573,-0.19642632707033708
2022-09-19,-0.6347000004091368,-1.3641315980571977,0.7778879425993573,-0.19642632707033708
2022-09-20,-0.6342429012616153,-1.4518299404215373,0.7778879425993573,-0.19642632707033708
2022-09-21,-0.6342020443765303,-1.594105022711646,0.7778879425993573,-0.19642632707033708
2022-09-22,-0.636102292108787,-1.487457111820887,0.7778879425993573,-0.19642632707033708
2022-09-23,-0.6221384400269928,-1.7358442546935584,0.7778879425993573,-0.19642632707033708
2022-09-26,-0.7171902020698209,-2.090760361006402,0.7778879425993573,-0.19642632707033708
2022-09-27,-0.860923744025618,-1.7322537395063482,0.7778879425993573,-0.19642632707033708
2022-09-28,-0.7765828408723929,-1.5108017650434848,0.7778879425993573,-0.19642632707033708
2022-09-29,-0.981782949495897,-1.5808814939697977,0.7778879425993573,-0.19642632707033708
2022-09-30,-1.2800737773270061,-1.3516271587860669,0.7778879425993573,-0.19642632707033708
2022-10-03,-1.003657698984225,-1.3879661077302323,0.7798373740377013,-0.19642632707033708
2022-10-04,-0.8595740890091721,-1.3576036180414803,0.7599327227195786,-0.19642632707033708
2022-10-05,-0.6983119423129063,-1.3615127289094993,0.9100602191197049,-0.19642632707033708
2022-10-06,-0.9153677741949768,-1.3616825706945244,0.5481364664662661,-0.19642632707033708
2022-10-07,-1.151098347034403,-1.3632456672261732,0.6158713285721241,-0.19642632707033708
2022-10-10,-1.6031876463695,-1.3634245792289748,0.05433874391503917,-0.19642632707033708
2022-10-11,-1.0694426406324484,-1.3634245792289748,0.42364861417703015,-0.19642632707033708
2022-10-12,-1.2344036508972238,-1.3634245792289748,0.6381220847715554,-0.19642632707033708
2022-10-13,-0.8880429166614252,-1.3634245792289748,0.7448880470087762,-0.19642632707033708
2022-10-14,-0.9697664292155022,-1.3634245792289748,0.7213226571208877,-0.19642632707033708
2022-10-17,-0.7667513477937404,-1.3634245792289748,0.725492126568818,-0.19642632707033708
2022-10-18,-0.6128086300863209,-1.3634245792289748,0.725630586156619,-0.19642632707033708
2022-10-19,-0.8287695092816624,-1.3634245792289748,0.7220372848770861,-0.19642632707033708
2022-10-20,-0.6686000245575362,-1.3634245792289748,0.7253699856829542,-0.19642632707033708
2022-10-21,-0.6720107969563828,-1.3634245792289748,0.7127608609767402,-0.19642632707033708
2022-10-24,-0.69394289643629,-1.3634245792289748,0.7792068892951304,-0.19642632707033708
2022-10-25,-0.6392639242335831,-1.3634245792289748,0.767475663851574,-0.19642632707033708
2022-10-26,-0.6161043896105282,-1.3677201577846423,0.9273508014469823,-0.19642632707033708
2022-10-27,-0.6258196084641402,-1.360442666156507,0.9609622768889522,-0.19642632707033708
2022-10-28,-0.6262062289432937,-1.2314951342332259,1.0499257194357114,-0.19642632707033708
2022-10-31,-0.6298916093053097,-1.3665440404524696,0.9483866096488589,-0.19950943913642666
2022-11-01,-0.5938428690908378,-1.3752384558325386,0.9535828589423403,-0.15712502159680183
2022-11-02,-0.5059020149279692,-1.3722604874098963,0.88510904527932,-0.2032817757727583
2022-11-03,-0.713802413700904,-1.3688721761542448,0.9503671394123895,-0.19838942086002137
2022-11-04,-0.5737055529574413,-1.4820160667166942,0.9506109908737705,-0.19763278392261294
2022-11-07,-0.4367730407891107,-1.3653511141428125,0.9506109908737705,-0.19834230319123253
2022-11-08,-0.4465391699577331,-1.3771644004940018,0.9506109908737705,-0.1979509624609727
2022-11-09,-0.464401664474284,-1.331774544665363,0.9506109908737705,-0.1979509624609727
2022-11-10,-0.31444730611843663,-1.2315973509631055,0.9506109908737705,-0.1979509624609727
2022-11-11,-0.40444965818163664,-1.0764037522866778,0.9506109908737705,-0.1979509624609727
2022-11-14,-0.4233333558073551,-0.7504365874983455,0.9506109908737705,-0.1979509624609727
2022-11-15,-0.47336075877490086,-1.0397405321306685,0.9506109908737705,-0.1979509624609727
2022-11-16,-0.41272170971057526,-1.1605645160850377,0.9506109908737705,-0.1979509624609727
2022-11-17,-0.5430241167572235,-1.3109464936817667,0.9506109908737705,-0.1979509624609727
2022-11-18,-0.37814937573804214,-1.3419623340766658,0.9506109908737705,-0.1979509624609727
2022-11-21,-0.2846986778675951,-1.3387029050609354,0.9506109908737705,-0.1979509624609727
2022-11-22,-0.207343591114252,-1.3921779527912557,0.9506109908737705,-0.1979509624609727
2022-11-23,-0.14484577917411592,-1.334752801302745,0.9506109908737705,-0.1979509624609727
2022-11-25,-0.06941938344487222,-1.33627228409854,0.9599968834528831,-0.1979509624609727
2022-11-28,-0.14137477566889373,-1.3335083296967225,0.9150315274938047,-0.1979509624609727
2022-11-29,-0.216601267126121,-1.3378678539931275,1.139071513561416,-0.1979509624609727
2022-11-30,-0.025356470835525165,-1.240656943703098,1.337222163819715,-0.1979509624609727
2022-12-01,0.15182711061259796,-1.3315701266942028,1.692502657908131,-0.1979509624609727
2022-12-02,0.44521490093393856,-1.4157813688146554,1.4683194049677524,-0.1979509624609727
2022-12-05,0.18124705592226525,-1.4410055287298973,2.0890088959798576,-0.1979509624609727
2022-12-06,0.014499029572457484,-1.529648685929837,1.526946641918902,-0.19352253990989546
2022-12-07,-0.12805912520400822,-1.6731319282887462,1.254200350677036,-0.2460565896211174
2022-12-08,-0.09576278144391603,-1.5640144239710885,0.9021658373548653,-0.13525904282123166
2022-12-09,-0.18954829846704205,-1.564735637480859,1.0528349402373636,-0.004319611061224103
2022-12-12,-0.1806980155050184,-1.5793540828591215,1.012244875122663,-0.07374809054377737
2022-12-13,-0.18155603455714206,-1.485511416473408,1.0197104746019428,0.18384927444022287
2022-12-14,-0.1831999606262001,-1.6777237327762042,1.0212856999239344,0.7111346800269345
2022-12-15,-0.17071690593341882,-1.8614132497930154,1.0204613608457231,0.06756798427227177
2022-12-16,-0.19465072109025583,-2.2010896302218455,1.0201615835389415,0.16479291670301002
2022-12-19,-0.3229674333505356,-1.830297337478909,1.0201615835389415,-0.10074525163655905
2022-12-20,-0.20043433867951574,-1.617643365961746,1.0201615835389415,0.29217012245959684
2022-12-21,-0.1685809310203976,-1.6395339514588327,1.0201615835389415,0.0031576762416514093
2022-12-22,-0.17600674638813207,-1.5633024101462185,1.0201615835389415,-0.13721622981271386
2022-12-23,-0.17651381574602534,-1.5303283214351984,1.0201615835389415,-0.1253683114855168
2022-12-27,-0.17651381574602534,-1.578864387936336,1.0201615835389415,-0.2368771914381695
2022-12-28,-0.17651381574602534,-1.6852660905655017,1.0201615835389415,-0.195050956299342
2022-12-29,-0.17645504040594626,-1.517823736435238,1.0201615835389415,-0.1984282605521546
2022-12-30,-0.17640464300547137,-1.4295065815483508,1.0201615835389415,-0.19787425888826995
2023-01-03,-0.17634331310353576,-1.4921051967082195,1.00343647090077,-0.198188698711512
2023-01-04,-0.1775208830021078,-1.48405238417953,1.075825077782928,-0.198188698711512
2023-01-05,-0.15999867960745848,-1.4833656754197273,1.0237480696009484,-0.198188698711512
2023-01-06,-0.005431642406168239,-1.4847847993323693,1.3598782106977374,-0.198188698711512
2023-01-09,-0.1557133244758695,-1.4847847993323693,0.9941576133088301,-0.198188698711512
2023-01-10,-0.19434951127188418,-1.4847847993323693,0.8432543225587074,-0.198188698711512
2023-01-11,-0.17091142892567923,-1.4847847993323693,0.7226565868750392,-0.198188698711512
2023-01-12,-0.17143336272265086,-1.4847847993323693,0.8982580574916106,-0.198188698711512
2023-01-13,-0.17143006841483838,-1.4847847993323693,0.8351750920386563,-0.198188698711512
2023-01-17,-0.17143006841483838,-1.4845993616529183,0.8221519647790413,-0.198188698711512
2023-01-18,-0.17143006841483838,-1.4815423543550759,0.6168871148856673,-0.198188698711512
2023-01-19,-0.17143006841483838,-1.5185057347661437,0.4844595775169839,-0.198188698711512
2023-01-20,-0.17143006841483838,-1.4616634251636347,0.28650221414648946,-0.198188698711512
2023-01-23,-0.17143006841483838,-1.2935813554744744,0.09733430462993803,-0.198188698711512
2023-01-24,-0.17143006841483838,-1.332302637030856,0.3107382360752183,-0.198188698711512
2023-01-25,-0.17143006841483838,-1.4017020474204351,0.4922376157853901,-0.198188698711512
2023-01-26,-0.17143006841483838,-1.2445139258395834,0.19207203404811574,-0.198188698711512
2023-01-27,-0.17143006841483838,-1.2302534465397492,-0.04554369861116287,-0.198188698711512
2023-01-30,-0.17143006841483838,-1.2551507778168132,-0.24935725520388508,-0.198188698711512
2023-01-31,-0.17143006841483838,-1.2496077458243218,-0.07801646132041407,-0.198188698711512
2023-02-01,-0.17292241475266623,-1.2532726176325064,-0.04006946283971653,-0.198188698711512
2023-02-02,-0.15447499677666135,-1.178820790693779,0.10040251612816052,-0.198188698711512
2023-02-03,-0.16415881878845456,-1.2461666992874971,-0.03946697336718165,-0.198188698711512
2023-02-06,-0.1683837159268707,-1.327671804418046,-0.056977544864737856,-0.198188698711512
2023-02-07,-0.2646518574456991,-1.2462922060787853,-0.04540148704785433,-0.198188698711512
2023-02-08,-0.4041509491889142,-1.2518313461172226,-0.045620187553986995,-0.198188698711512
2023-02-09,-0.7710564049951272,-1.247585700125495,-0.045620187553986995,-0.1980192604420044
2023-02-10,-0.5164662212043353,-1.2737603518020344,-0.045620187553986995,-0.19862450923634214
2023-02-13,-0.2979074731096555,-1.112068596984518,-0.045620187553986995,-0.19848084875866154
2023-02-14,-0.15266599322531987,-1.1324496617440034,-0.045620187553986995,-0.19717935139081286
2023-02-15,-0.3661149549998974,-1.01557204514211,-0.045620187553986995,-0.19789743330948056
2023-02-16,-0.23349879634370252,-1.1105537534288066,-0.045620187553986995,-0.20950251604665945
2023-02-17,-0.1527998309580238,-1.0951787495456142,-0.045620187553986995,-0.19972617111790764
2023-02-21,-0.07119430004247755,-1.1558131087605839,-0.045620187553986995,-0.1467858493515292
2023-02-22,0.006478830853529067,-1.1046490611177857,-0.045620187553986995,-0.19872588638327798
2023-02-23,0.086579485906642,-1.0928090249866955,-0.045620187553986995,-0.2539741875957617
2023-02-24,0.07711221530195961,-1.1040033447246385,-0.045620187553986995,-0.24052388121886437
2023-02-27,0.13314091804516237,-0.943636757468463,-0.045620187553986995,-0.2916385630400108
2023-02-28,0.0749507852872438,-0.9760401383018813,-0.045620187553986995,-0.33844555561978434
2023-03-01,0.009884839542446774,-0.8500320283720966,-0.045620187553986995,-0.5133413739584914
2023-03-02,0.1841547986282806,-0.728874577473049,-0.045620187553986995,-0.37314099806346485
2023-03-03,0.33977392997793815,-0.5204153415562923,-0.05274311531996759,-0.2998209246233099
2023-03-06,0.1873690276115004,-0.7056551167077035,0.022713065662617056,-0.27994374127367805
2023-03-07,-0.03762686543935689,-0.85026212313888,-0.18508374345099673,-0.2907248501302238
2023-03-08,0.09607788515895793,-0.7926808142480836,-0.5107123507596618,-0.2907248501302238
2023-03-09,0.14155198997963045,-0.9601130423748945,-1.0602711899754704,-0.2945914342757149
2023-03-10,0.08012534735922792,-1.146748849076753,-0.3741643485370525,-0.290907213005424
2023-03-13,0.19611322899952713,-0.9416616968467384,-0.4173303803923823,-0.2908636765123388
2023-03-14,0.2836716483732932,-0.8521105197350012,0.10198823903860935,-0.2908636765123388
2023-03-15,0.3500887339441146,-0.8491162505031643,-0.31653625337294666,-0.2908636765123388
2023-03-16,0.4595552291853145,-0.8211715198133237,-0.2514388755229915,-0.2908636765123388
2023-03-17,0.38500214569844476,-0.9185267130327712,-0.6557014827897373,-0.2908636765123388
2023-03-20,0.4432103734278287,-0.8096167350711453,-0.4906976586792838,-0.2908636765123388
2023-03-21,0.5531211371172062,-0.7031700705546428,-0.9602530028039739,-0.2908636765123388
2023-03-22,0.3252149415015093,-0.7699246503847756,-1.643424076386572,-0.2908636765123388
2023-03-23,0.41169628605130265,-0.731398435022905,-0.8921597163434177,-0.2908636765123388
2023-03-24,0.4943747372645355,-0.6501797094448718,-0.5168393422255273,-0.2908636765123388
2023-03-27,0.4668902441133075,-0.4937609158623615,-0.21430457193440652,-0.2908636765123388
2023-03-28,0.5571447619743645,-0.5848173003621908,-0.31646585369021174,-0.2908636765123388
2023-03-29,0.6485070253997705,-0.5201021330611814,-0.10777514143426818,-0.2908636765123388
2023-03-30,0.7470043434780009,-0.36196190414832374,0.025012649924713835,-0.2908636765123388
2023-03-31,0.6764283640976999,-0.09893536535721745,-0.05418014709086877,-0.2908636765123388
2023-04-03,0.6750075698461372,-0.43562470438217127,-0.04590984678651319,-0.2908636765123388
2023-04-04,0.67692425899016,-0.3442422907400161,-0.04742068053480935,-0.2908636765123388
2023-04-05,0.6774262800379076,-0.5175873496543019,-0.04742068053480935,-0.2908636765123388
2023-04-06,0.6774262800379076,-0.642615599828464,-0.04742068053480935,-0.2908636765123388
2023-04-10,0.6774262800379076,-0.9020391135628658,-0.04742068053480935,-0.2908636765123388
2023-04-11,0.6774262800379076,-0.6625074133256017,-0.04742068053480935,-0.28930833334488976
2023-04-12,0.6774262800379076,-0.5350597474977867,-0.04742068053480935,-0.2974225353645848
2023-04-13,0.6774262800379076,-0.5076931620732983,-0.04742068053480935,-0.2874758033775977
2023-04-14,0.6774262800379076,-0.5280811816474403,-0.04742068053480935,-0.19274586806737848
2023-04-17,0.6774262800379076,-0.5383866705979762,-0.04742068053480935,-0.2879062133216901
2023-04-18,0.6784560586304458,-0.5258688087631073,-0.04742068053480935,-0.2905823377773254
2023-04-19,0.6769453519501186,-0.5271710299813746,-0.04742068053480935,-0.28686121457706776
2023-04-20,0.6834471547519516,-0.5262396672682763,-0.04742068053480935,-0.28713336365614317
2023-04-21,0.6185635069261527,-0.4421362562802189,-0.04742068053480935,-0.2876536195244895
2023-04-24,0.6840834023977019,-0.5327036850560896,-0.04742068053480935,-0.2876536195244895
2023-04-25,0.6767020687273017,-0.6359994993745213,-0.04108692612949289,-0.28921322242688946
2023-04-26,0.7679085075874715,-0.4991089508869356,-0.10423266224320668,-0.2872859181123018
2023-04-27,1.0367495824917599,-0.41129611967864055,-0.004490190593475382,-0.2860086742076682
2023-04-28,0.7876186266762323,-0.35514793690024204,0.17463871022051022,-0.3113373620529039
2023-05-01,0.6872936037858913,-0.28024473046716786,0.060832952623925296,-0.21320521944051585
2023-05-02,0.6769273779804424,-0.31994872459495816,0.5195872898152312,-0.3304357057697978
2023-05-03,0.6740429925950969,-0.3620634656256939,0.1343225531426106,-0.436982889309402
2023-05-04,0.6779982699821995,-0.2577638705997929,-0.14254749228801644,-0.3963212369728456
2023-05-05,0.6779795880791428,-0.09267793964901203,-0.062063029596580464,-0.49124577474443526
2023-05-08,0.6779795880791428,-0.15704516208198688,-0.04287622169549744,-0.5676952070839546
2023-05-09,0.6779795880791428,-0.14771429116710824,-0.069394388601348,-0.5067032637361261
2023-05-10,0.6779795880791428,-0.14696669512170485,-0.06732723504007379,-0.5124593744864099
2023-05-11,0.6779795880791428,-0.14537993653244763,-0.06732723504007379,-0.5124593744864099
2023-05-12,0.6779795880791428,-0.21136546742451406,-0.06732723504007379,-0.5124593744864099
2023-05-15,0.6779795880791428,-0.13791462052423747,-0.06732723504007379,-0.5124593744864099
2023-05-16,0.6779795880791428,-0.06084415911179615,-0.06732723504007379,-0.5124593744864099
2023-05-17,0.6779795880791428,0.12515156923685378,-0.06732723504007379,-0.5124593744864099
2023-05-18,0.6779795880791428,0.42791421508962246,-0.06732723504007379,-0.5124593744864099
2023-05-19,0.6779795880791428,0.07877906792970961,-0.06732723504007379,-0.5124593744864099
2023-05-22,0.6779795880791428,-0.06351575307286389,-0.06732723504007379,-0.5124593744864099
2023-05-23,0.6779795880791428,-0.3310614456028767,-0.06732723504007379,-0.5124593744864099
2023-05-24,0.6779795880791428,-0.047130570418732254,-0.06732723504007379,-0.5124593744864099
2023-05-25,0.6779795880791428,0.04961116725133647,-0.06743779509322599,-0.5124593744864099
2023-05-26,0.6779795880791428,0.2654775241376195,-0.06721196675714684,-0.5124593744864099
2023-05-30,0.6779795880791428,0.8537562785636236,-0.060616902442224535,-0.5124593744864099
2023-05-31,0.6779795880791428,0.30667591572033437,-0.13401623914170052,-0.5115623019383388
2023-06-01,0.6779795880791428,0.07912797390613291,-0.4170084594149885,-0.5107499519081234
2023-06-02,0.6779795880791428,-0.06725443528947309,-0.0809093940701132,-0.5117942908778317
2023-06-05,0.6779795880791428,-0.10569026610145173,-0.061716218482178155,-0.5202803464016682
2023-06-06,0.6779795880791428,-0.06054078591693265,-0.07923664380374268,-0.4665668685968754
2023-06-07,0.6779795880791428,-0.07731829431892093,-0.07248771899824312,-0.5839438133518482
2023-06-08,0.6779795880791428,-0.07788085506701546,-0.07267403760726647,-0.6466835597562797
2023-06-09,0.6779795880791428,-0.07726975968304226,-0.07396399831292522,-0.6094458521511473
2023-06-12,0.6779795880791428,-0.07841168148753944,-0.07396399831292522,-0.6063574654276385
2023-06-13,0.6779795880791428,-0.0762131300277176,-0.07396399831292522,-0.5568309184870023
2023-06-14,0.6779795880791428,-0.0770057214512812,-0.07396399831292522,-0.606473203861638
2023-06-15,0.6779795880791428,-0.0770057214512812,-0.07396399831292522,-0.6032518939615562
2023-06-16,0.6779795880791428,-0.0770057214512812,-0.07396399831292522,-0.6036569365014336
2023-06-20,0.6779795880791428,-0.0770057214512812,-0.07396399831292522,-0.6042946997334576
2023-06-21,0.6779795880791428,-0.0770057214512812,-0.07396399831292522,-0.604254298411679
2023-06-22,0.6779795880791428,-0.0770057214512812,-0.07396399831292522,-0.604254298411679
2023-06-23,0.6779795880791428,-0.0770057214512812,-0.07396399831292522,-0.604254298411679
2023-06-26,0.6779795880791428,-0.0770057214512812,-0.07396399831292522,-0.604254298411679
2023-06-27,0.6779795880791428,-0.07513163441305114,-0.07648741136392347,-0.604254298411679
2023-06-28,0.6779795880791428,-0.07869396113081965,-0.0766255743388638,-0.6035843864253103
2023-06-29,0.6779795880791428,-0.07578042062777093,-0.07660010580149042,-0.6098393518858829
2023-06-30,0.678234542171286,-0.0796892815689383,0.02563244493327175,-0.5883558710709498
2023-07-03,0.6781874420751095,-0.07941449903871144,-0.07180996306046546,-0.604797756156064
2023-07-05,0.6747094681981078,-0.05453987566405726,-0.07451826203042027,-0.6014477036662479
2023-07-06,0.675816569456035,-0.08224250491508166,-0.07285323247908741,-0.6690635258832461
2023-07-07,0.7235410936200403,-0.2407791630563633,-0.07275931207039577,-0.6606120469748428
2023-07-10,0.5916578111256139,-0.09731577893194873,-0.09294524543601941,-0.6593614939857012
2023-07-11,0.2720171669144911,-0.06665866602261991,-0.06725072636634546,-0.6599265357945442
2023-07-12,0.5560586299646144,0.04921616159078239,-0.290126887076577,-0.7211525139868656
2023-07-13,0.7048069660936614,0.3956586392439984,-0.8646541998752554,-0.6777140134869604
2023-07-14,0.6594983695860129,0.05477020800851647,-0.33912901999757583,-0.6820640626156398
2023-07-17,0.6808769366328025,-0.10781629836637202,-0.08975172623299693,-0.6819064865257994
2023-07-18,0.6778877267235198,-0.17751616281845325,-0.09920412470180523,-0.6819075624267489
2023-07-19,0.6780482463592644,-0.14746899617606685,-0.08375541472970442,-0.6814488777921631
2023-07-20,0.6780482463592644,-0.14764138903927043,-0.017204315886983675,-0.681573204083076
2023-07-21,0.6780482463592644,-0.14805822019515147,0.035814102712063645,-0.6817907117931659
2023-07-24,0.6780482463592644,-0.14839977828887382,0.13600361649636197,-0.6823387370721928
2023-07-25,0.6780482463592644,-0.14839977828887382,0.3045467392115395,-0.6713661268975298
2023-07-26,0.6780482463592644,-0.14839977828887382,0.5627606606089348,-0.6819723185080324
2023-07-27,0.6780482463592644,-0.14813208019149646,0.44238864070394324,-0.6820237934386365
2023-07-28,0.6780482463592644,-0.14830705692575472,0.9363048984886408,-0.6819430368619652
2023-07-31,0.6780482463592644,-0.19313058487915025,0.4355427289494294,-0.6819430368619652
2023-08-01,0.6780482463592644,-0.0814644443590645,0.35421011734281055,-0.6819430368619652
2023-08-02,0.6780482463592644,-0.13771294935520179,0.5345570469084079,-0.6853763158134667
2023-08-03,0.6780482463592644,-0.14022282290257623,0.29765907305459866,-0.6743522360624772
2023-08-04,0.6780482463592644,-0.13370798776244394,0.0692348520498228,-0.7855578133077299
2023-08-07,0.6780482463592644,-0.1387020352117173,0.2814514577993975,-0.9566578714344856
2023-08-08,0.6780482463592644,-0.2561654276432641,0.3577631680120461,-0.7772450804393164
2023-08-09,0.6780482463592644,-0.5296435493511851,0.5885473345812985,-0.6659017087670321
2023-08-10,0.6780482463592644,-0.32173277621087554,0.4845853399666729,-0.6831513094608458
2023-08-11,0.6780482463592644,-0.2681964089623052,1.00417143342756,-0.6762967046863543
2023-08-14,0.6780482463592644,-0.1515367034810307,1.6200499835777147,-0.6302402974675512
2023-08-15,0.6780482463592644,-0.2941311606073897,0.8082408043920453,-0.7589911223568726
2023-08-16,0.6780482463592644,-0.2811325847975528,0.4644961213527868,-0.6650557718774212
2023-08-17,0.6780482463592644,-0.4312853717619678,1.123974796749669,-0.5887696973690746
2023-08-18,0.6780482463592644,-0.31843725248967386,0.6550083441343086,-0.6335762632185961
2023-08-21,0.6780482463592644,-0.31509406309503857,0.35745636745481874,-0.5389428651300606
2023-08-22,0.6780482463592644,-0.23366629206397466,0.13693574282491836,-0.3902026522199365
2023-08-23,0.6780482463592644,-0.6110430150348409,0.087257667293856,-0.529258547769565
2023-08-24,0.6780482463592644,-1.139592739683911,0.009276676063678387,-0.6721876934600803
2023-08-25,0.6780482463592644,-0.7724186354617689,0.19079386345530092,-0.6260097789624747
2023-08-28,0.6780482463592644,-0.5354718727690785,0.10176764927110404,-0.568201770280803
2023-08-29,0.6780482463592644,-0.3436712416789789,0.0996484457772397,-0.6205509063989889
2023-08-30,0.6780482463592644,-0.21070466627219225,0.10860674521361936,-0.6369420142869985
2023-08-31,0.6780482463592644,-0.051339930866529014,0.11210509861824262,-0.6965064629453945
2023-09-01,0.6780482463592644,-0.1813023038622507,0.034416514875171125,-0.6756558093890161
2023-09-05,0.6763321379347017,-0.19912089124500457,0.07194323793991382,-0.7561402926632702
2023-09-06,0.6959162021932915,-0.1927092822244181,-0.23895165461767637,-0.8851605567761728
2023-09-07,0.6333768409089547,-0.19143612961419176,0.048313807885543,-0.7993502443440729
2023-09-08,0.7314453142461257,-0.19040312301099324,0.12192282983306639,-0.8121041577160931
2023-09-11,0.8316258812806163,-0.19296212638995688,0.09059967848346044,-0.7746904486078862
2023-09-12,1.085012906901267,-0.19221661790646952,0.2122673890033114,-0.8271343328991482
2023-09-13,0.9191216586464991,-0.19221661790646952,0.5599801090707645,-0.782341610944179
2023-09-14,1.5047064190128294,-0.19221661790646952,0.1865538217256301,-0.7061314290014375
2023-09-15,1.1240794862249586,-0.19221661790646952,0.06738762794525534,-0.7768062203313393
2023-09-18,0.8359448440194885,-0.19221661790646952,-0.07243907262549724,-0.817413921832809
2023-09-19,0.6036037596530038,-0.19221661790646952,-0.16661146912237976,-0.7880529197128663
2023-09-20,0.7083428293657211,-0.19221661790646952,0.02142483621006174,-0.8072052915026087
2023-09-21,0.7049455422024854,-0.19221661790646952,-0.07916070395456107,-0.8519931616610696
2023-09-22,0.7091264307594418,-0.19221661790646952,-0.06077488685729593,-0.9183818235408278
2023-09-25,0.709067782802508,-0.19221661790646952,-0.19070565224396652,-0.8633383094032537
2023-09-26,0.709067782802508,-0.19221661790646952,-0.24757798775762516,-0.878200993242632
2023-09-27,0.709067782802508,-0.1928040372258449,-0.32547762134215746,-0.8737786730242457
2023-09-28,0.7091305118147516,-0.19362781145662544,-0.42739744257552115,-0.873891777220445
2023-09-29,0.7181287801008291,-0.18445166827183132,-0.5219784276578076,-0.8716423136219338
2023-10-02,0.6819245005808057,-0.2504202928827937,-0.6859127964864894,-0.8293855494240108
2023-10-03,0.7609001268723903,-0.45031933548911957,-0.602007790090808,-0.9590091153264092
2023-10-04,0.9354970289313216,-0.24714379670256623,-1.0352013209619007,-1.1692026624142364
2023-10-05,0.654530615928138,-0.18598155456297247,-0.7636968441950441,-1.0461208162527516
2023-10-06,0.4244987795290594,-0.15029325264151802,-0.6150874429316824,-0.9860309832662563
2023-10-09,0.5707408254795779,-0.19108894324259904,-0.4863575664197043,-0.9527854015983552
2023-10-10,0.3210774980906591,-0.18647615824571265,-0.19900882641024634,-0.8734154443963302
2023-10-11,0.08697073640894334,-0.1866336265396511,-0.45670569486835794,-0.9739262343563418
2023-10-12,-0.35792527433629884,-0.18708172865139477,-0.6406748043530198,-0.9826265931829119
2023-10-13,0.005569140694856526,-0.2178911227115833,-0.55798453965671,-0.9815117114806374
2023-10-16,0.2803138552846548,-0.14237982003474303,-0.6047556314223157,-0.9812563505517884
2023-10-17,0.5612756747013369,-0.019322496229384346,-0.5993976824331363,-0.9813677712254781
2023-10-18,0.5076252632183911,-0.07411109380426255,-0.5965527544612423,-0.9817739705571804
2023-10-19,0.8847706860494213,0.03636759495021768,-0.5931652058968203,-0.9764956721476516
2023-10-20,0.5806971964709289,0.16490918155973963,-0.6036679595874901,-0.9802860005412233
2023-10-23,0.4343929001055171,0.12398112616283366,-0.7746612821678339,-1.035704784415053
2023-10-24,0.7322370644085954,0.3344674051738364,-0.6816506930387659,-0.9948035230353605
2023-10-25,0.5644041998899507,0.1595535882249638,-0.8804846697536296,-1.000494085488286
2023-10-26,0.5259249003978983,0.04952312692704859,-1.0216890924056798,-1.0016291959577044
2023-10-27,0.39442269112426465,-0.1404903836732637,-1.2664585616008357,-0.9934780695809627
2023-10-30,0.4808546235755599,0.06831659419374526,-1.7825318020332257,-1.0283602463194232
2023-10-31,0.1287585359353607,0.0452448576710803,-1.4660688933352912,-1.1162062560542627
2023-11-01,0.35735182216404465,0.13877605699761916,-1.1933159451709432,-1.0966592037754221
2023-11-02,0.47779677351973987,0.2128446539730238,-0.9804522889140382,-1.260458923132535
2023-11-03,0.6164780759545354,0.20866043827314282,-0.8337482750917239,-1.0868971654390864
2023-11-06,0.5519508508014258,0.25545164805250403,-0.5781170177398183,-1.1389814409162289
2023-11-07,0.721645564790178,0.3278531007247301,-0.7741597185734261,-1.1945027211693657
2023-11-08,0.6563291067357114,0.24909825911411806,-0.8393950255005579,-1.3098296066435569
2023-11-09,0.771002502880839,0.17014813718586905,-1.0692208285161537,-1.5264013071635307
2023-11-10,0.9481058918068451,0.2733348513506106,-0.7993598883641104,-1.3193561780190377
2023-11-13,0.8312126035106909,0.3745516384301825,-0.8404975194317481,-1.7732616506642673
2023-11-14,0.8575188561861906,0.44649555240130956,-0.7466283897549357,-1.504033353509599
2023-11-15,0.8516940165980039,0.42980555068638365,-0.7704603713751332,-1.3415774990522358
2023-11-16,0.8519567885390329,0.43078383859115477,-0.7648524382149356,-1.2302080053788982
2023-11-17,0.851948535848568,0.4994957169143465,-0.7655301938775316,-1.1729104744214385
2023-11-20,0.851948535848568,0.33758217935520796,-0.7652136216742876,-1.0882882397198859
2023-11-21,0.851948535848568,0.42393134583475095,-0.7652136216742876,-1.1696929900217583
2023-11-22,0.851948535848568,0.4359981349387014,-0.7652136216742876,-1.1776284721688424
2023-11-24,0.851948535848568,0.4376121538954031,-0.7652136216742876,-1.175175089145608
2023-11-27,0.851948535848568,0.4365460491301556,-0.7652136216742876,-1.182960098392035
2023-11-28,0.851948535848568,0.4309455665886704,-0.7652136216742876,-1.166634061477796
2023-11-29,0.851948535848568,0.4965343563190244,-0.7652136216742876,-1.2431910491435736
2023-11-30,0.851948535848568,0.5578325494507915,-0.7652136216742876,-1.376342797410216
2023-12-01,0.851948535848568,0.6680552154680279,-0.7652136216742876,-1.1836004779416172
2023-12-04,0.851948535848568,0.5857622074094777,-0.7652136216742876,-1.2230478783333132
2023-12-05,0.851948535848568,0.5873544229734519,-0.7652136216742876,-1.089709463343546
2023-12-06,0.851948535848568,0.5877956921978723,-0.7652136216742876,-1.1076952996921028
2023-12-07,0.851948535848568,0.5295626190768157,-0.7652136216742876,-1.0130444644778585
2023-12-08,0.851948535848568,0.5848820587401448,-0.7652136216742876,-1.0488887289011528
2023-12-11,0.851948535848568,0.5847947139887603,-0.7652136216742876,-1.0459020015436629
2023-12-12,0.851948535848568,0.5846513867939056,-0.7652136216742876,-1.0460620111304653
2023-12-13,0.851948535848568,0.5842098529010745,-0.7652136216742876,-1.0460620111304653
2023-12-14,0.851948535848568,0.5844644088049892,-0.7652136216742876,-1.0460620111304653
2023-12-15,0.851948535848568,0.5844644088049892,-0.7652136216742876,-1.0460620111304653
2023-12-18,0.851948535848568,0.5844644088049892,-0.7652136216742876,-1.0460620111304653
2023-12-19,0.851948535848568,0.5844046385322667,-0.7652136216742876,-1.0460620111304653
2023-12-20,0.851948535848568,0.5773342527774314,-0.7652136216742876,-1.0460620111304653
2023-12-21,0.851948535848568,0.583626767190406,-0.7652136216742876,-1.0460620111304653
2023-12-22,0.851948535848568,0.6872913040535045,-0.7652136216742876,-1.0460620111304653
2023-12-26,0.851948535848568,0.9325196183430978,-0.7652136216742876,-1.0460620111304653
2023-12-27,0.851948535848568,0.6335666547473393,-0.7652136216742876,-1.0460620111304653
2023-12-28,0.851948535848568,0.6888669466476369,-0.7652136216742876,-1.0460620111304653
2023-12-29,0.851948535848568,0.5971922364639346,-0.7652136216742876,-1.0460620111304653
2024-01-02,0.851948535848568,0.5598776333359201,-0.7652136216742876,-1.0460620111304653
2024-01-03,0.851948535848568,0.4829268373464324,-0.7652136216742876,-1.0460620111304653
2024-01-04,0.851948535848568,0.1978718006592251,-0.7652136216742876,-1.0460620111304653
2024-01-05,0.851948535848568,0.4412287980932387,-0.7652136216742876,-1.0460620111304653
2024-01-08,0.851948535848568,0.5911134372532195,-0.7652136216742876,-1.0460620111304653
2024-01-09,0.851948535848568,0.5145431723959584,-0.7652136216742876,-1.0460620111304653
2024-01-10,0.851948535848568,0.6147378174489365,-0.7652136216742876,-1.0460620111304653
2024-01-11,0.851948535848568,0.6957907279211509,-0.7652136216742876,-1.0460620111304653
2024-01-12,0.851948535848568,0.7701431666926802,-0.7652136216742876,-1.0460620111304653
2024-01-16,0.851948535848568,0.7620593743401779,-0.7652136216742876,-1.0460620111304653
2024-01-17,0.851948535848568,0.7623340799340437,-0.7652136216742876,-1.0460620111304653
2024-01-18,0.851948535848568,0.7610699463394855,-0.7652136216742876,-1.0460620111304653
2024-01-19,0.851948535848568,0.7633570424624321,-0.7652136216742876,-1.0460620111304653
2024-01-22,0.851948535848568,0.7645639891424989,-0.7652136216742876,-1.0460620111304653
2024-01-23,0.851948535848568,0.763588012972897,-0.7652136216742876,-1.0460620111304653
2024-01-24,0.851948535848568,0.7633832926297095,-0.7652136216742876,-1.0464927041389813
2024-01-25,0.851948535848568,0.7624052346061871,-0.7652136216742876,-1.0410899067665191
2024-01-26,0.851948535848568,0.762411978101026,-0.7652136216742876,-1.0803499028902106
2024-01-29,0.851948535848568,0.763108496589601,-0.7652136216742876,-1.0142041355524611
2024-01-30,0.851948535848568,0.8660649064067969,-0.7652136216742876,-0.8920369346353154
2024-01-31,0.851948535848568,0.7563481319335609,-0.7652136216742876,-0.9798396528882024
2024-02-01,0.851948535848568,0.7675968434184257,-0.7652136216742876,-1.0160692782172813
2024-02-02,0.851948535848568,0.7673405159892428,-0.7652136216742876,-0.982145830567302
2024-02-05,0.851948535848568,0.7671480781883889,-0.7652136216742876,-0.9578525363682162
2024-02-06,0.851948535848568,0.7671287304129195,-0.7652136216742876,-0.8363611607729889
2024-02-07,0.851948535848568,0.7671287304129195,-0.7652136216742876,-0.5342159973295137
2024-02-08,0.851948535848568,0.7671287304129195,-0.7652136216742876,-0.8680868964091373
2024-02-09,0.851948535848568,0.7671287304129195,-0.7652136216742876,-0.7505471314848698
2024-02-12,0.851948535848568,0.7671287304129195,-0.7652136216742876,-0.9710492798209551
2024-02-13,0.851948535848568,0.7671287304129195,-0.7652136216742876,-0.8847392710378151
2024-02-14,0.851948535848568,0.7671287304129195,-0.7652136216742876,-0.9858416999781633
2024-02-15,0.851948535848568,0.7671287304129195,-0.7652136216742876,-1.0216197298393699
2024-02-16,0.851948535848568,0.7671287304129195,-0.7652136216742876,-1.0183209008691443
2024-02-20,0.851948535848568,0.7671287304129195,-0.7652136216742876,-1.0189814476333336
2024-02-21,0.851948535848568,0.7671287304129195,-0.7615344565499698,-1.0186079144272775
2024-02-22,0.851948535848568,0.7671287304129195,-0.7634781176441202,-1.0184383102314356
2024-02-23,0.851948535848568,0.7671287304129195,-0.7974741120582962,-1.0184383102314356
2024-02-26,0.851948535848568,0.7671287304129195,-0.7041246448154307,-1.0184383102314356
2024-02-27,0.851948535848568,0.7671287304129195,-0.7327969003368329,-1.0184383102314356
2024-02-28,0.851948535848568,0.7671287304129195,-0.44449672961881254,-1.0184383102314356
2024-02-29,0.851948535848568,0.7671287304129195,-0.6739730851401332,-1.0184383102314356
2024-03-01,0.851948535848568,0.7671287304129195,-0.7869175513442332,-1.0184383102314356
2024-03-04,0.851948535848568,0.7671287304129195,-0.7514704562210622,-1.0184383102314356
2024-03-05,0.851948535848568,0.7671287304129195,-0.7560789278501612,-1.0184383102314356
2024-03-06,0.851948535848568,0.7671287304129195,-0.7552704822574602,-1.0184383102314356
2024-03-07,0.851948535848568,0.7671287304129195,-0.7552704822574602,-1.0184383102314356
2024-03-08,0.851948535848568,0.7671287304129195,-0.7552704822574602,-1.0184383102314356
2024-03-11,0.851948535848568,0.7671287304129195,-0.7552704822574602,-1.0184383102314356
2024-03-12,0.851948535848568,0.7671287304129195,-0.7552704822574602,-1.0184383102314356
2024-03-13,0.851948535848568,0.7671287304129195,-0.7552704822574602,-1.0184383102314356
2024-03-14,0.851948535848568,0.7671287304129195,-0.7552704822574602,-1.0184383102314356
2024-03-15,0.8519925139399755,0.7671287304129195,-0.7552704822574602,-1.0184383102314356
2024-03-18,0.8514527374661623,0.7671287304129195,-0.7552704822574602,-1.0184383102314356
2024-03-19,0.8613289307351739,0.7671287304129195,-0.7552704822574602,-1.0184383102314356
2024-03-20,0.8518717470848126,0.7671287304129195,-0.7552704822574602,-1.0184383102314356
2024-03-21,0.7939322200007101,0.7671287304129195,-0.7552704822574602,-1.0181989567587302
2024-03-22,0.8587031256382592,0.7671287304129195,-0.7552704822574602,-1.0179886787866705
2024-03-25,0.856784632989779,0.7671287304129195,-0.7552704822574602,-1.0228620249339744
2024-03-26,0.8523223572071364,0.7665447636773733,-0.7552704822574602,-1.0073120557569581
2024-03-27,0.9064496216495948,0.7671601746327463,-0.7552704822574602,-1.0168054314011938
2024-03-28,1.0228501075290741,0.7672016625285007,-0.7552704822574602,-1.0650508683699196
2024-04-01,1.2218938180052263,0.7672736617307973,-0.7552704822574602,-1.0279500843953577
2024-04-02,1.0012587068689114,0.7650464287605275,-0.7552704822574602,-1.1517515524628568
2024-04-03,0.8452887741796753,0.7720367467745515,-0.7552704822574602,-1.505440269430164
2024-04-04,0.9254487478729952,0.7126051517424792,-0.7552704822574602,-1.227277423439944
2024-04-05,0.8643982525688648,0.7946658940912166,-0.7547844104091936,-1.0708001063003398
2024-04-08,0.8598632956719806,0.9055233580146888,-0.756513729362049,-1.0913798180810044
2024-04-09,0.860915995054766,0.8691441351681027,-0.6478941812844401,-1.0277179928512086
2024-04-10,0.8686810320394465,1.078291429036781,-0.8309705480759816,-1.037714680280252
2024-04-11,0.8421172158893785,1.4197621556780136,-0.9500963402816358,-1.0373359036004386
2024-04-12,0.7488884576639163,1.0511339995883102,-1.1772925966281487,-1.040053057065669
2024-04-15,0.809240665662538,0.913786589991752,-1.008192980200722,-1.040053057065669
2024-04-16,0.5204139306177284,0.8504821373986493,-1.6071172546935766,-1.0399353733331396
2024-04-17,0.7378766010006858,0.8764541974424808,-1.1283967996578146,-1.0403774684738207
2024-04-18,0.8311102610564851,0.8754995846502373,-1.3241952454989474,-1.0475966529150236
2024-04-19,0.7938955450070705,0.8756968579646314,-1.0878424872223473,-1.0304482297822046
2024-04-22,0.8471754391239977,0.8747883363744484,-0.9524664644340912,-0.9107195122448833
2024-04-23,0.8298828928686474,0.875390991942253,-0.7483075309630774,-1.020686769011327
2024-04-24,0.8287357964341865,0.8715250481895468,-0.954861846571788,-1.0385009626466326
2024-04-25,0.8419074141914548,0.9071565081540367,-1.0322212167659348,-1.0697380994862014
2024-04-26,0.9258183360399892,0.875388536008652,-0.9827542603003596,-1.2091881503730397
2024-04-29,1.0441278007533132,0.8151287615036386,-0.9926586303813517,-0.8655323425686494
2024-04-30,0.9778592948651719,0.65475026798697,-1.1537282515188116,-0.958630721694924
2024-05-01,1.1277650413416405,0.2833544779305854,-0.8479080900947396,-0.7018176706126752
2024-05-02,1.2575014547601178,0.7848957084259485,-0.5505174009450619,-0.43151535221767257
2024-05-03,1.4776519314915808,0.7027907802694062,-0.09117910191834853,-0.05169862194003743
2024-05-06,1.3353769244527622,0.9469457312437648,-0.3385467045750406,-0.6678129518433409
2024-05-07,1.7543803237736864,1.1858549695185376,0.4200913821561685,-0.4858345103966609
2024-05-08,1.5674128903952493,1.0853310591443572,-0.5148200894798477,-0.6212731791431604
2024-05-09,2.1210617999010766,1.493066678296483,0.17040110099771025,-0.2327478080936738
2024-05-10,1.8439285963418701,1.906681566408028,-0.12911677542525052,-0.7600375134326826
2024-05-13,2.5646356910443795,2.482989457028707,0.9901163237299877,0.3251096172641382
