,barycenter_barycenter_0,barycenter_barycenter_1,barycenter_barycenter_2
2020-01-02,-0.8962145523248466,0.13924274448339366,-0.9842389247894601
2020-01-03,-0.9059455436428047,0.10213114711928087,-1.003454960205812
2020-01-06,-0.9018458204686968,0.10523344684510778,-0.9991742662532643
2020-01-07,-0.907011823574005,0.09663562415938691,-1.0094521261741132
2020-01-08,-0.8973529964622288,0.11968524602352004,-0.9924070992807209
2020-01-09,-0.873858834856345,0.14236300394714363,-0.9661801964147095
2020-01-10,-0.8845402382052091,0.13893577375197552,-0.9753575522586648
2020-01-13,-0.865502897436313,0.18606897725178234,-0.9372173945718608
2020-01-14,-0.8633321386027475,0.19291546172500526,-0.9345951293806944
2020-01-15,-0.8430279864636967,0.20020460180371064,-0.9150755767429564
2020-01-16,-0.8122499937389854,0.24986971508453615,-0.8680058318721536
2020-01-17,-0.8003080346624185,0.2668088790923683,-0.8506411194485812
2020-01-21,-0.8119484848771946,0.24632258680502087,-0.8582932962285849
2020-01-22,-0.8118492677709296,0.2501226628594985,-0.8607202185370045
2020-01-23,-0.7953786118291692,0.26855020303375293,-0.8473229954152522
2020-01-24,-0.8283698022841733,0.21940528779968044,-0.8915721209151207
2020-01-27,-0.878764382977556,0.13876831969947626,-0.9488818617513823
2020-01-28,-0.842849700194363,0.18118324209073028,-0.9142108147114227
2020-01-29,-0.8492108156908312,0.1617010487653881,-0.9247315819319414
2020-01-30,-0.8302177330543424,0.16720074892603604,-0.9081360888758259
2020-01-31,-0.8978166852220986,0.0786387763535674,-0.9859938014554787
2020-02-03,-0.8645822867949042,0.1111921725942797,-0.9540187390566304
2020-02-04,-0.8271168265968003,0.20413617016341373,-0.9005441535322968
2020-02-05,-0.7717182017723702,0.24303602215671577,-0.8462399309176347
2020-02-06,-0.785235080920485,0.24960095174101565,-0.8475669063899567
2020-02-07,-0.8020858926597981,0.18791972239934937,-0.8720058095051612
2020-02-10,-0.7772110818165798,0.22097047886995125,-0.8430652495397419
2020-02-11,-0.7564479083349253,0.25874904200746807,-0.8230117684242789
2020-02-12,-0.7451147565956918,0.3052627410688705,-0.7976945319823701
2020-02-13,-0.7407833178662133,0.301406540437264,-0.7944390199831273
2020-02-14,-0.7355640073901282,0.31849357723702204,-0.7771146772627183
2020-02-18,-0.7458975320031318,0.3027468059788251,-0.7842850990371767
2020-02-19,-0.7371556227104344,0.32062440351988086,-0.783491596637219
2020-02-20,-0.7426029231187292,0.30698407326288213,-0.7796840174278459
2020-02-21,-0.7606438621448074,0.2470946360825895,-0.8153364888718486
2020-02-24,-0.8728744917778768,0.09027377837763773,-0.9478035809108407
2020-02-25,-0.9989103091556594,-0.07649167776156757,-1.1017932406228015
2020-02-26,-1.0365610609008915,-0.12420881940650945,-1.1376923141644384
2020-02-27,-1.1909571677581574,-0.31955626214814425,-1.3303752980389993
2020-02-28,-1.2532539122202033,-0.38452025218269875,-1.4193690221484272
2020-03-02,-1.0964109053551516,-0.1931194581306334,-1.2207202973204048
2020-03-03,-1.180586699641241,-0.31350504058540235,-1.317792095849391
2020-03-04,-1.0125281296680353,-0.12730799900675988,-1.124565525637704
2020-03-05,-1.1303834417113852,-0.30878618874754393,-1.2785188960438456
2020-03-06,-1.1914495407074217,-0.38357645077602043,-1.359086833552538
2020-03-09,-1.487981814618597,-0.7280190595325688,-1.7046770615675397
2020-03-10,-1.348548840746223,-0.5283534603598405,-1.5244740590444372
2020-03-11,-1.5347853289144717,-0.7691381123346323,-1.7540038117302872
2020-03-12,-1.8765780951709607,-1.2051718040931059,-2.13884338805334
2020-03-13,-1.653591705713105,-0.8780449649467431,-1.8479567099682181
2020-03-16,-2.023191157237796,-1.3381290158271641,-2.3789006325596063
2020-03-17,-1.830853153200441,-1.1192544964934519,-2.147252330223481
2020-03-18,-2.034017446126451,-1.3539737911896814,-2.415443453615633
2020-03-19,-2.036832075159612,-1.3708907079561252,-2.4072888276254747
2020-03-20,-2.175440917846565,-1.5120515670848338,-2.6030879180682587
2020-03-23,-2.299002323815385,-1.599645733000558,-2.7409296906245793
2020-03-24,-2.0371401725638867,-1.2830285487307507,-2.402480088290073
2020-03-25,-1.9670802291082516,-1.2072826752497785,-2.2965285434060227
2020-03-26,-1.77609627754189,-0.9675075581780631,-2.0486303813775053
2020-03-27,-1.8566497062644653,-1.1123732572589613,-2.133648941329446
2020-03-30,-1.757375299318533,-1.0091698861896354,-2.0210917620647533
2020-03-31,-1.8154565824112918,-1.0890806625564275,-2.1051382147296445
2020-04-01,-1.954361917285081,-1.288267184063739,-2.302378993292605
2020-04-02,-1.8970740346069566,-1.2375798740335948,-2.2379276668848522
2020-04-03,-1.9484298859279914,-1.2861382677766957,-2.306897009494334
2020-04-06,-1.7394819732577342,-1.0156943672590089,-2.0231083201900817
2020-04-07,-1.736487866601291,-1.0020075511918176,-2.012165375552679
2020-04-08,-1.6048935940909248,-0.8320853870682636,-1.8371576179614364
2020-04-09,-1.539279448984603,-0.7253257389399418,-1.7169490470981974
2020-04-13,-1.6020738380795068,-0.7938979882918955,-1.835562587389939
2020-04-14,-1.5077734492086479,-0.6668644557247365,-1.726185492901936
2020-04-15,-1.6112052614303618,-0.766096939652803,-1.8602099788668498
2020-04-16,-1.6006650349093314,-0.7559615866715552,-1.854574602748822
2020-04-17,-1.4835480839160227,-0.6190439612472587,-1.7083684315969887
2020-04-20,-1.5611818287819874,-0.6954335313081089,-1.8113531711336397
2020-04-21,-1.6552662418324176,-0.8299145936834021,-1.9199909736602292
2020-04-22,-1.5877101408674452,-0.766731411934825,-1.8378826968318218
2020-04-23,-1.6004431229571672,-0.7699235462790552,-1.8449638200204752
2020-04-24,-1.5597403739511495,-0.7220091189870009,-1.789146903631867
2020-04-27,-1.491004872589298,-0.6293283714870037,-1.6811113954541184
2020-04-28,-1.4683987049106768,-0.6101270385385025,-1.6604590375528192
2020-04-29,-1.405643551532329,-0.5079565274505001,-1.5734292296294947
2020-04-30,-1.4761959956363708,-0.5890684639378562,-1.671051678445111
2020-05-01,-1.5677341139630732,-0.720694061395484,-1.7954828491320451
2020-05-04,-1.560793396248189,-0.703958703161534,-1.7963554019640073
2020-05-05,-1.5278969559622109,-0.6734345378230242,-1.755456696457643
2020-05-06,-1.5850333056232448,-0.6974044106779669,-1.8103724797908596
2020-05-07,-1.5455706167314567,-0.6364700602629365,-1.7551386614380458
2020-05-08,-1.4710927635828115,-0.5616203597161071,-1.6615986240518856
2020-05-11,-1.4871231683540904,-0.578323107745798,-1.6830034840665056
2020-05-12,-1.5509353310744132,-0.685713460068898,-1.7907208243811708
2020-05-13,-1.622713967613639,-0.7683074582822259,-1.881983554696989
2020-05-14,-1.592274108819041,-0.7291043500450027,-1.8248908953590643
2020-05-15,-1.5807599337519864,-0.7072581118802101,-1.8220473708871345
2020-05-18,-1.448171568390286,-0.5394041957395715,-1.6396434364075099
2020-05-19,-1.4961371276159405,-0.5837973936274043,-1.6989128736705137
2020-05-20,-1.4546849734449174,-0.5112451777131499,-1.6330558406985043
2020-05-21,-1.4738274424939692,-0.5653222663288242,-1.6579937075065123
2020-05-22,-1.4627390695340492,-0.5474205888680054,-1.6454458184473038
2020-05-26,-1.402392447314661,-0.46279320814558883,-1.54201808072421
2020-05-27,-1.3308529378757645,-0.37389548103243764,-1.457749973003019
2020-05-28,-1.3246347714981874,-0.3750723000691675,-1.449733687387915
2020-05-29,-1.3123587863395911,-0.34448105649063393,-1.4290146245711433
2020-06-01,-1.2932436969257302,-0.3026464318595999,-1.4009489721244284
2020-06-02,-1.2606391149071823,-0.27918567215475026,-1.3560242714449968
2020-06-03,-1.2003007312893306,-0.2081459756796082,-1.2579224224188
2020-06-04,-1.2118864653147172,-0.19989901612231153,-1.2729295338386943
2020-06-05,-1.1146151088394283,-0.07176246470914527,-1.1489514790776991
2020-06-08,-1.0495538281748784,0.021821051558440448,-1.0763117388130568
2020-06-09,-1.1269367871187996,-0.06993430355142596,-1.1699257655102542
2020-06-10,-1.1831327938437908,-0.12522621314238944,-1.2407057455311112
2020-06-11,-1.4049718129098716,-0.42669226539969807,-1.5238215093159633
2020-06-12,-1.3679503648652416,-0.33672240230555833,-1.4604824934889924
2020-06-15,-1.3318830079347528,-0.291521240448315,-1.4083159029878185
2020-06-16,-1.2665827688959497,-0.21813477923881328,-1.3373576579253554
2020-06-17,-1.2898322235933828,-0.23400741043149914,-1.3611235683557767
2020-06-18,-1.2879860514727484,-0.24234004466701325,-1.3694848908440933
2020-06-19,-1.3276004001929276,-0.2628208277071804,-1.412273916250304
2020-06-22,-1.321638905559295,-0.2556946268744395,-1.4008302055865323
2020-06-23,-1.3268668901009582,-0.2480283391670552,-1.405078570612501
2020-06-24,-1.4262934535720264,-0.3905326505436002,-1.5335877445273032
2020-06-25,-1.398604248106625,-0.3510537097413733,-1.4902806447855823
2020-06-26,-1.4645864995066429,-0.43539958186452604,-1.5764919907932864
2020-06-29,-1.3979576475235875,-0.3632769250319243,-1.50078198016999
2020-06-30,-1.3589229451032818,-0.292969447916136,-1.429636770892216
2020-07-01,-1.3508090700748527,-0.2709862049015437,-1.4194049938716053
2020-07-02,-1.3289617771357942,-0.24664338153721999,-1.3979013365885091
2020-07-06,-1.2983845582471276,-0.2055545018788328,-1.360049860424603
2020-07-07,-1.334537659532026,-0.26302076225560483,-1.421901583115075
2020-07-08,-1.3314872254448458,-0.23958671012998917,-1.4062686260956343
2020-07-09,-1.3800196483836529,-0.2741023650589293,-1.4565972313928448
2020-07-10,-1.3279499474853673,-0.22223736131962304,-1.4041382286339497
2020-07-13,-1.3411755334383604,-0.29596381965614277,-1.4166996668241114
2020-07-14,-1.274336326770887,-0.23269267946445352,-1.350971879715306
2020-07-15,-1.2239064246507187,-0.14071650042317635,-1.2720458915991517
2020-07-16,-1.2203646726691388,-0.17377198144949427,-1.2694492197416303
2020-07-17,-1.1922086286636713,-0.1508422715183901,-1.2302014548454676
2020-07-20,-1.219381734965125,-0.1347878745692445,-1.2523569029775998
2020-07-21,-1.189529476924233,-0.1376522035227102,-1.2175524205105284
2020-07-22,-1.1593535481424289,-0.11871107967544368,-1.160844066827991
2020-07-23,-1.1633991662921117,-0.1572560265016902,-1.1704543756360093
2020-07-24,-1.1862674314399053,-0.19603531286455525,-1.2044709598804382
2020-07-27,-1.1803952338282386,-0.15945789649281247,-1.1785217307964424
2020-07-28,-1.196739594195503,-0.1836859055538421,-1.1969997677445692
2020-07-29,-1.1495190993872755,-0.12279259168117411,-1.109581762233288
2020-07-30,-1.176878015863145,-0.14960481014591584,-1.132629154255671
2020-07-31,-1.180230064811979,-0.143627041855009,-1.1302483957165848
2020-08-03,-1.172845661606184,-0.11612122860152929,-1.1281077710376304
2020-08-04,-1.1502889366700286,-0.09427971639695983,-1.1179247073301357
2020-08-05,-1.139098180610738,-0.062051786479619876,-1.1006269094729915
2020-08-06,-1.1380543281576778,-0.05891982290738914,-1.1024838317694357
2020-08-07,-1.1010246854910466,-0.05716109242967963,-1.0433126428458037
2020-08-10,-1.0733468774001964,-0.04654513070060656,-1.014575277929049
2020-08-11,-1.0914643598622344,-0.09938208417089338,-1.0287249064805983
2020-08-12,-1.0579585256543387,-0.059440946360164996,-0.9796850197127734
2020-08-13,-1.071651558156981,-0.049300062915635635,-1.0006470203205045
2020-08-14,-1.0717188011619376,-0.05194826308493875,-0.9990760355683078
2020-08-17,-1.0707232678177383,-0.03430080252184603,-0.9879276142468448
2020-08-18,-1.0784909070072768,-0.033880627957974446,-1.0100134944053738
2020-08-19,-1.0968135023075116,-0.05923779382664225,-1.0373698317838336
2020-08-20,-1.1236199372030686,-0.055703728696900864,-1.0553433353011152
2020-08-21,-1.1254414121807825,-0.06290750271672213,-1.0581654819548059
2020-08-24,-1.0848462725680883,-0.0010532885744232517,-1.004712625027367
2020-08-25,-1.0857739233818537,-0.004272711951029291,-1.000939577781274
2020-08-26,-1.0965400560989558,0.0285558651113504,-1.0037491524253597
2020-08-27,-1.0812463630329685,0.04419990488064309,-0.9778023743618973
2020-08-28,-1.0575169642034616,0.08194927013506147,-0.9480971186305291
2020-08-31,-1.0775196045620776,0.06899699012576183,-0.9759528997234437
2020-09-01,-1.0770184858203284,0.08158703634151755,-0.9573167409795051
2020-09-02,-1.0030690701009743,0.16961336960265042,-0.8535459327891377
2020-09-03,-1.0989689540894374,0.01632702384238176,-0.9818618655131247
2020-09-04,-1.1156485109837573,-0.027975558987409894,-1.0017726509265983
2020-09-08,-1.1986539628887505,-0.11936490840340765,-1.0970997881259132
2020-09-09,-1.1481989506974108,-0.04588692785404592,-1.0140259285189117
2020-09-10,-1.211931091829099,-0.1076485158116176,-1.0789564616180005
2020-09-11,-1.1941973330449964,-0.10685133475277854,-1.054582505404379
2020-09-14,-1.1399313226246717,-0.026537481707079872,-0.9738832796579859
2020-09-15,-1.1428320366659248,0.0070238904655309095,-0.95524000508883
2020-09-16,-1.1236202906883102,0.0068555909800996065,-0.9452180367016108
2020-09-17,-1.1360055693122117,-0.03958331656287902,-0.9708916400036319
2020-09-18,-1.1777820568883128,-0.09782315400716984,-1.0222383491070137
2020-09-21,-1.2511689535817359,-0.18452643794072818,-1.1298403384232305
2020-09-22,-1.229897178679908,-0.13414503928488994,-1.1059817598346606
2020-09-23,-1.3029032302190973,-0.23457696996598462,-1.208213653917399
2020-09-24,-1.2843443145196123,-0.238156751115662,-1.2007512082734548
2020-09-25,-1.2434258773552906,-0.146398887314544,-1.1237994412414256
2020-09-28,-1.1895802747857525,-0.06746983566672789,-1.0447096512232235
2020-09-29,-1.2105094400620542,-0.09299887522873782,-1.0688965504448387
2020-09-30,-1.1812062231495892,-0.06480390231345588,-1.0353026041008477
2020-10-01,-1.1723962593802497,-0.02764768481585225,-1.0138237316531258
2020-10-02,-1.1609956611532297,-0.04762970306653286,-0.992585006198244
2020-10-05,-1.1011477593348948,0.03000868703345501,-0.9113885127346304
2020-10-06,-1.128208118229509,-0.03164828470344255,-0.9458962984937156
2020-10-07,-1.0717092730478328,0.053660604731641644,-0.8676072108094065
2020-10-08,-1.024923178016353,0.09937485153325208,-0.8077258200647587
2020-10-09,-1.0131695162706105,0.13382506979831324,-0.7904336163922797
2020-10-12,-0.9817210299087442,0.1838913228626796,-0.7594684769220045
2020-10-13,-1.0072477211364919,0.14853931311696253,-0.8094213406572457
2020-10-14,-1.0177110670248621,0.11214398374044271,-0.8184244092919264
2020-10-15,-1.012683630113485,0.11409863608545857,-0.8008052271614882
2020-10-16,-1.0103347237370672,0.12202128236022103,-0.7940648331982346
2020-10-19,-1.0613653392319375,0.05820423222653087,-0.8682389277605872
2020-10-20,-1.0530612030470643,0.07729934637623015,-0.8393898147615751
2020-10-21,-1.0621605651232815,0.061994848591410946,-0.8568375370187503
2020-10-22,-1.0343780702243788,0.11148491426765211,-0.8128334618280434
2020-10-23,-1.0126081746809357,0.12395005960909591,-0.7926310547737344
2020-10-26,-1.09082629923389,0.017295729646227876,-0.8793480101788089
2020-10-27,-1.1376745100212629,-0.017578985241778877,-0.931072856151847
2020-10-28,-1.2544573591857495,-0.17888942959909096,-1.0872613232808932
2020-10-29,-1.2310749498330134,-0.14788105331055076,-1.046165825551942
2020-10-30,-1.2454613826950947,-0.18895394785797814,-1.0578862571188115
2020-11-02,-1.166650129738539,-0.1148768919629972,-0.9517883361679247
2020-11-03,-1.0910227303834943,-0.03087726536701175,-0.8480569468930926
2020-11-04,-1.0750463286291585,0.060905937500584574,-0.8550645550730832
2020-11-05,-1.0211696042748664,0.15704548027201362,-0.7604477329065268
2020-11-06,-1.0261257113034032,0.15118137104049217,-0.7656557900064751
2020-11-09,-0.9151072340524425,0.24266915197489614,-0.6294002065763675
2020-11-10,-0.8606623586612694,0.2329590275812996,-0.5952748757909909
2020-11-11,-0.8645878110368935,0.2512588010454019,-0.5869726052584696
2020-11-12,-0.9223409577401276,0.18635710528625862,-0.6601579439428528
2020-11-13,-0.8451512354507836,0.28353284986427235,-0.5632963012686726
2020-11-16,-0.7859286206253139,0.34657926135416006,-0.47100079190284727
2020-11-17,-0.8113634586597377,0.3298762855429949,-0.5030695560343068
2020-11-18,-0.8584795882817989,0.2699449197808405,-0.5782190577258014
2020-11-19,-0.8530743794008682,0.3077081575779713,-0.5605420044401912
2020-11-20,-0.8781725472699615,0.28117817643299664,-0.5837307194945387
2020-11-23,-0.8351292305358771,0.3133258059808757,-0.5402994926891573
2020-11-24,-0.7643856601992554,0.3722067231714157,-0.46531432142818935
2020-11-25,-0.788943131045722,0.3708084138685073,-0.49252815684617424
2020-11-27,-0.7904324733796658,0.40532353922593495,-0.49821712197412515
2020-11-30,-0.8287310916155153,0.37321546222492175,-0.5266308282108446
2020-12-01,-0.7963916095556774,0.41550567504715413,-0.4707310673556906
2020-12-02,-0.8062130357819801,0.40684493269321076,-0.4649914881189651
2020-12-03,-0.7997542433389103,0.4344590801945587,-0.4617823187755618
2020-12-04,-0.7451648411611685,0.4943264825786257,-0.4018342712904227
2020-12-07,-0.769011842734021,0.48850826832236616,-0.42300595697814164
2020-12-08,-0.7595554401383774,0.5072549227680605,-0.4060179657672712
2020-12-09,-0.7701098082583093,0.45825681032123833,-0.4263959800695529
2020-12-10,-0.7873372582243512,0.4579315054711653,-0.44141887893220416
2020-12-11,-0.7943041704143601,0.43358629007746247,-0.464111723920093
2020-12-14,-0.8205745592826641,0.42461353534414825,-0.5004416930694274
2020-12-15,-0.7616398457140787,0.4981553665969661,-0.42228909079427474
2020-12-16,-0.7754172807592771,0.5078102740219474,-0.44147707587526275
2020-12-17,-0.7462676987267952,0.5517470492095642,-0.3901502295908888
2020-12-18,-0.7521041994444405,0.5440018247215644,-0.40830979281596363
2020-12-21,-0.792901348653626,0.5075532019280254,-0.440883299890247
2020-12-22,-0.80939347087182,0.5004098181727654,-0.45141124749158035
2020-12-23,-0.7928158800371168,0.5159387003349857,-0.4383446240900464
2020-12-24,-0.7772030816010315,0.5259895259563604,-0.4185114852378287
2020-12-28,-0.7655102587505955,0.5397676279217111,-0.40198491708395107
2020-12-29,-0.7822240503622353,0.5214849673007333,-0.4287952182232643
2020-12-30,-0.7602491294682937,0.5401847231347646,-0.3989601146722194
2020-12-31,-0.7225374582419868,0.5819128092371165,-0.3447290400487301
2021-01-04,-0.7930970619745397,0.47941334336990954,-0.4406502881118259
2021-01-05,-0.7660145515096145,0.5152159286315221,-0.4006347265236531
2021-01-06,-0.68415887334693,0.5626257666550432,-0.2607366095359519
2021-01-07,-0.6641779585695956,0.625776539934512,-0.22690719712901386
2021-01-08,-0.656025228281021,0.6459794791706946,-0.21031855133669247
2021-01-11,-0.667290928732489,0.6222400911984132,-0.22584428256098718
2021-01-12,-0.6487238710748752,0.6274182997814737,-0.2055443342630132
2021-01-13,-0.6607699870814341,0.6284077004233382,-0.207886311219693
2021-01-14,-0.667306453485286,0.6267733646093208,-0.2040477436489348
2021-01-15,-0.6781582626853182,0.5907388938620446,-0.23014066204882513
2021-01-19,-0.6650513061947617,0.6276293978331473,-0.21710745337162304
2021-01-20,-0.6395805487305516,0.6938989035075273,-0.175891676373592
2021-01-21,-0.6614135033911588,0.6749924112761837,-0.2104764525757331
2021-01-22,-0.6805940750475961,0.6518480053025943,-0.2366503995713578
2021-01-25,-0.6741549594922641,0.6521909825444411,-0.22611963355351292
2021-01-26,-0.69795694759074,0.6491890175445083,-0.25631659159804426
2021-01-27,-0.7934310837338098,0.5248141467515596,-0.38799163450388957
2021-01-28,-0.7555701010903053,0.5763004572258437,-0.3295815547925553
2021-01-29,-0.8315965321146273,0.49421637877859964,-0.41760245060812967
2021-02-01,-0.7874092048678111,0.5885356798825625,-0.3501101747874294
2021-02-02,-0.7386953103067017,0.664237630720724,-0.28018933552099806
2021-02-03,-0.733772210939917,0.6539696037775149,-0.29174583291325074
2021-02-04,-0.6896610824894528,0.7084275680611549,-0.2332069349188912
2021-02-05,-0.6720860162941217,0.7547551994558497,-0.19833236194476814
2021-02-08,-0.6402532928416299,0.8086524881899376,-0.15675657637592535
2021-02-09,-0.6397790021594036,0.8002638197453378,-0.1592062000437528
2021-02-10,-0.6319673760065139,0.8124623647362053,-0.14946970039819663
2021-02-11,-0.6338358096131868,0.8185826839443388,-0.13574179570784692
2021-02-12,-0.6216885518517035,0.8496662467213335,-0.10713407116906158
2021-02-16,-0.6330589254796548,0.8252085254458461,-0.1231136669194586
2021-02-17,-0.6261254687646072,0.8289367331665686,-0.12976573034260258
2021-02-18,-0.633955701800006,0.8041885145749037,-0.14825677579295748
2021-02-19,-0.6225029812808003,0.8179546138254983,-0.13329373385475593
2021-02-22,-0.6221392141303002,0.7905620420639041,-0.1544470084512211
2021-02-23,-0.6021993907042316,0.7961352288192937,-0.14819856582002192
2021-02-24,-0.5594621648222179,0.8590562341129537,-0.08881762928648215
2021-02-25,-0.6477714329505592,0.7120719634852043,-0.20478988683864324
2021-02-26,-0.6966692067834627,0.6986785250555703,-0.2517820209789048
2021-03-01,-0.6092970917099566,0.8039391724885211,-0.11999708836908744
2021-03-02,-0.6264923837243827,0.7751928306161985,-0.14126533579451953
2021-03-03,-0.6476974372427592,0.6985564606060635,-0.1843145012414124
2021-03-04,-0.6883634380443384,0.590305080739753,-0.27279978206917305
2021-03-05,-0.5811888037249227,0.69739273234735,-0.1437561063342952
2021-03-08,-0.5436066690780644,0.7064701960613304,-0.11303638651618532
2021-03-09,-0.5448652931582608,0.7569135667389943,-0.08231214103170542
2021-03-10,-0.4937921108351277,0.7965376651686255,-0.02941184146056106
2021-03-11,-0.48878095766416885,0.8580754881354552,0.011061894258154015
2021-03-12,-0.46194659952137795,0.9035974938669173,0.05583303006410477
2021-03-15,-0.4147440729825469,0.9812931034557847,0.10639204559228399
2021-03-16,-0.4424920235210416,0.9537022451690508,0.0658688845759592
2021-03-17,-0.4314342220072563,0.9724618806946196,0.07252871195052939
2021-03-18,-0.47150844228244365,0.8999280910411583,0.04415977966725091
2021-03-19,-0.477159430224629,0.911774514578202,0.028195816824276475
2021-03-22,-0.46719272178861115,0.9324675056561043,0.039991873821099956
2021-03-23,-0.5122016485074112,0.8498247118522433,-0.0204686857309479
2021-03-24,-0.5022686483773763,0.7739640409047077,-0.018841871116451348
2021-03-25,-0.44953365578236654,0.8222598697424964,0.05328848071444755
2021-03-26,-0.3677883624444852,0.9053570871519343,0.16213406367176597
2021-03-29,-0.36846943264952253,0.8802018247784059,0.1404153870524247
2021-03-30,-0.38207792556476305,0.8790592612493809,0.1421210197467678
2021-03-31,-0.39466861371381795,0.8860238436130932,0.12948677021364752
2021-04-01,-0.3596175186411774,0.9600965038169169,0.18628793278551473
2021-04-05,-0.315011881317902,1.0316573597157366,0.2550379380834765
2021-04-06,-0.31739755607306436,1.056428019834431,0.26000571646817316
2021-04-07,-0.3303721158596505,1.0210309540409006,0.2369234353108869
2021-04-08,-0.32998541068856796,1.0372126079154707,0.2511500739452694
2021-04-09,-0.30837383228312276,1.0616991787111683,0.2918545034901541
2021-04-12,-0.2983375235812332,1.0559973596686612,0.31922136646688426
2021-04-13,-0.30262662528548645,1.0641759532725148,0.31125427823997887
2021-04-14,-0.2885278152537066,1.043228993601153,0.3110206951531828
2021-04-15,-0.24682849582666355,1.0971332971240928,0.3773915487169443
2021-04-16,-0.22194450818907382,1.111671277870221,0.41478148201245685
2021-04-19,-0.2400956661973551,1.0719955591565207,0.3891877434433329
2021-04-20,-0.2597378049925584,1.0360016475233813,0.3690851989363843
2021-04-21,-0.21842378704220725,1.0999461050626949,0.4464286401762044
2021-04-22,-0.25104064326936926,1.0702804616048058,0.41256189714261554
2021-04-23,-0.21862732036466745,1.1308421469696117,0.47304907064068447
2021-04-26,-0.22846356859611658,1.1505197719369904,0.47412302034224857
2021-04-27,-0.2230879955432219,1.1453331592761282,0.4781621030395975
2021-04-28,-0.22321232043730918,1.127737378305335,0.4665455200236303
2021-04-29,-0.18456023191044651,1.144837877390273,0.5208194274737845
2021-04-30,-0.21253754934637722,1.1112142362382913,0.47777077210594926
2021-05-03,-0.17171459539263836,1.1133811324908518,0.5105789901667026
2021-05-04,-0.17531769866322858,1.0491947740739642,0.5232965255827834
2021-05-05,-0.17144293334701227,1.041370134146221,0.5218904953445026
2021-05-06,-0.1396419397398431,1.0434342147496247,0.5648641118309783
2021-05-07,-0.1053882681905787,1.0953652173098032,0.624116063889724
2021-05-10,-0.10582666812305186,1.0571179865043614,0.6150614221025009
2021-05-11,-0.1669516647429309,1.0047044737848267,0.5422469738752165
2021-05-12,-0.26476761598676773,0.8644547620261002,0.39214583801797365
2021-05-13,-0.19390499893117585,0.9369103124070185,0.496146094595115
2021-05-14,-0.14031365356401443,1.0321312556689193,0.5704508833163524
2021-05-17,-0.1488565008868786,1.0183458639353753,0.5521496977179662
2021-05-18,-0.19041370876423208,0.9850154278495215,0.5007001240538509
2021-05-19,-0.21666705500364633,0.9607545568826855,0.4758120308205595
2021-05-20,-0.18614722274391096,1.0322458217103627,0.5236629115735586
2021-05-21,-0.17839599157083758,1.0300460896180328,0.5397236516387751
2021-05-24,-0.1594100248385736,1.0761898605157558,0.5807504556399761
2021-05-25,-0.19007563441650155,1.0721895513642972,0.5564926910003557
2021-05-26,-0.18347427432271485,1.0847062552683904,0.5777047811326235
2021-05-27,-0.1732130971020714,1.1083983586834167,0.6067299165376489
2021-05-28,-0.16429073182999515,1.1076563270571034,0.6188452749923105
2021-06-01,-0.15344456459041717,1.1091251225927627,0.619272646315834
2021-06-02,-0.14513926468359123,1.120134956507425,0.6210265806435598
2021-06-03,-0.14351418646470054,1.082154844056927,0.62128548573962
2021-06-04,-0.12028050970401258,1.1256069053437465,0.6512903401360012
2021-06-07,-0.14013927267520182,1.1455217193428817,0.6330919016296968
2021-06-08,-0.1317605921227977,1.1499955649674913,0.6296273445355874
2021-06-09,-0.14942311236897596,1.133668609703576,0.610867716866405
2021-06-10,-0.14211548090199771,1.1683050509729176,0.626117994750112
2021-06-11,-0.12944468039899223,1.175662882607095,0.6553876720555338
2021-06-14,-0.14598740808653676,1.1711540315776663,0.6315999477720781
2021-06-15,-0.14091791881114382,1.1398718338640743,0.6387619345889789
2021-06-16,-0.18434871173820622,1.097408126898407,0.5888697898095809
2021-06-17,-0.223446462783145,1.078282363424918,0.5364094554832698
2021-06-18,-0.3100920724717212,1.0087211381511512,0.41847412335546386
2021-06-21,-0.22223444789223779,1.0945325181938712,0.537895126923028
2021-06-22,-0.22006310427449113,1.104627219808029,0.5461632950045081
2021-06-23,-0.23970858155475464,1.0843930173637948,0.5347541344901012
2021-06-24,-0.20783588475409517,1.1095874861518065,0.5642970307018801
2021-06-25,-0.17108537511464414,1.1581081501565174,0.6070351609578654
2021-06-28,-0.18940111724434514,1.1489447738209302,0.594846670907422
2021-06-29,-0.20162033387190545,1.1484198754089951,0.5829964979103542
2021-06-30,-0.18576755721175373,1.1423948836692357,0.5868193816464583
2021-07-01,-0.14940230880903183,1.1723639438204336,0.6275075784598712
2021-07-02,-0.13549942205276835,1.2012725231064314,0.643838451545487
2021-07-06,-0.17136377063885722,1.172127992626845,0.6101506426071074
2021-07-07,-0.14698932070751272,1.1794007165323173,0.6465895917003047
2021-07-08,-0.19302152457098357,1.1334092255515262,0.5770407478650416
2021-07-09,-0.13143060447177665,1.2046472791722396,0.6765656408767429
2021-07-12,-0.13020237317974417,1.2073538340665602,0.7036908989538955
2021-07-13,-0.16480732347022914,1.1535544098168051,0.6474450051707811
2021-07-14,-0.16222074459310257,1.1531508795509382,0.6544459894079677
2021-07-15,-0.15785558717244705,1.1258602715382084,0.6578889001515815
2021-07-16,-0.1769754090272438,1.0904538707473443,0.6293499127093141
2021-07-19,-0.26592298413777676,0.9980814911420335,0.5174505303974981
2021-07-20,-0.19072506801750977,1.0996754420344346,0.630569283552416
2021-07-21,-0.15815376974704573,1.1405101204484165,0.671846351952986
2021-07-22,-0.1689245323031848,1.1390951101184097,0.6588635802895794
2021-07-23,-0.1252976225855579,1.181379454154285,0.7259027468412922
2021-07-26,-0.1200538171229448,1.2019564101099889,0.7298803957638278
2021-07-27,-0.10798595599944312,1.1850655259587792,0.7306614319580906
2021-07-28,-0.12354385260106232,1.1878767007324993,0.7224515676485607
2021-07-29,-0.08880214728719767,1.1978826074534847,0.7797763792520678
2021-07-30,-0.10177143848158599,1.1680822542553233,0.7805321016383513
2021-08-02,-0.11380198915732785,1.1535669874885843,0.7814713162527397
2021-08-03,-0.07325084529702655,1.1561869404729228,0.831686209521853
2021-08-04,-0.1284488610153152,1.1153090158300794,0.7887892597793944
2021-08-05,-0.11218168075261252,1.1671611415686909,0.8315552465342575
2021-08-06,-0.0921401038664671,1.1867707487079366,0.8516183211675487
2021-08-09,-0.10434851418190226,1.1753173399279297,0.8437735809222242
2021-08-10,-0.07954016158888863,1.1750870992512579,0.8563572585243656
2021-08-11,-0.044323706887046316,1.2028482549267232,0.9016006042078778
2021-08-12,-0.04819704803419702,1.2042848055373172,0.9016450854428616
2021-08-13,-0.03597989767024931,1.2071017327841345,0.9108469818018402
2021-08-16,-0.027082330059682646,1.2092480490097894,0.9383533734902043
2021-08-17,-0.0450591414444767,1.1734258370032928,0.89265161787432
2021-08-18,-0.09699201414018933,1.1114791478640011,0.8168865445469417
2021-08-19,-0.09747488889435127,1.1044302660144858,0.8179078002040632
2021-08-20,-0.06579513479897889,1.1486195605050067,0.8622156392604583
2021-08-23,-0.04725036354011167,1.1933717445151,0.8843151947167492
2021-08-24,-0.03734759986433576,1.231609690312747,0.8905039311574872
2021-08-25,-0.02104968109620942,1.2471206716341665,0.9307217557549293
2021-08-26,-0.05796340741949996,1.200189354643941,0.899660627273678
2021-08-27,-0.015226329305387115,1.2582678571044907,0.9583893753091136
2021-08-30,-0.023097667652934254,1.2629457569143008,0.9608540521151235
2021-08-31,-0.02025712524365522,1.2815978599047848,0.9570740025650009
2021-09-01,-0.019650209052160063,1.2983998445917821,0.9717899842889502
2021-09-02,0.01026897419260449,1.3232426825328012,1.0180994814822069
2021-09-03,-0.005369529175875553,1.302394926435222,0.9943469207720805
2021-09-07,-0.0575475082053495,1.2584572707621842,0.9253093050415478
2021-09-08,-0.039997975304671,1.2586072505297516,0.9377125643243006
2021-09-09,-0.06463136059605291,1.2232602639295211,0.9185048427342283
2021-09-10,-0.09538917320165222,1.1627453125010951,0.8755453655095169
2021-09-13,-0.07119004707391005,1.1667231383558372,0.8775692411249805
2021-09-14,-0.10209610391466127,1.1144226729842475,0.8365023397002613
2021-09-15,-0.060505355714035425,1.1443098197615988,0.8753865233156835
2021-09-16,-0.08037875380736001,1.147351024261852,0.8588313755465312
2021-09-17,-0.11816185239210494,1.0964614055349124,0.7975377932800106
2021-09-20,-0.1813976833640412,1.0168869910679477,0.7090072858569864
2021-09-21,-0.19279660763038828,0.9867527414115416,0.6961521408718111
2021-09-22,-0.14830136168053412,1.0419240923272908,0.7583213296691467
2021-09-23,-0.0974431425282193,1.112497249011317,0.8382894872264017
2021-09-24,-0.09296411645665655,1.1160062420148087,0.8383542288997724
2021-09-27,-0.08356592932799886,1.09750056109146,0.8183610691541952
2021-09-28,-0.14616698416906673,1.0031654744373433,0.7092839501232117
2021-09-29,-0.12253546490007607,1.0091466637445952,0.7310099086724059
2021-09-30,-0.20077907460267294,0.9310405315711152,0.6290415439578622
2021-10-01,-0.15112913487490742,1.0038549248440196,0.6856711966779292
2021-10-04,-0.16974359007596293,0.938881115413994,0.6464183368943697
2021-10-05,-0.13885258133438713,0.9699840407455419,0.7020090031734884
2021-10-06,-0.12142394081425317,0.984561608230588,0.716180412624875
2021-10-07,-0.08912978546213345,1.0289842604712371,0.7692064653053853
2021-10-08,-0.091030119244849,0.9893645081987836,0.7432609061819933
2021-10-11,-0.11705723965879823,0.9381891639411741,0.7056662990839017
2021-10-12,-0.11542797853057943,0.9486311072066087,0.7063565638646979
2021-10-13,-0.1047118434796053,0.960661028220909,0.7304791628570517
2021-10-14,-0.02496983229274883,1.049888780950095,0.8493423936841399
2021-10-15,-0.01049376136329215,1.056599999657054,0.8773135924942643
2021-10-18,-0.020039316750773715,1.0467097577283118,0.883557479321006
2021-10-19,0.008696468159477333,1.0833136951184152,0.9286433451856624
2021-10-20,0.0485793081776937,1.1187196682068299,0.9860554268727223
2021-10-21,0.044300122875330895,1.1549387784116918,1.002634789910381
2021-10-22,0.06299931584672643,1.1557399111619422,1.0407681541990779
2021-10-25,0.06684001995707725,1.1639490579057419,1.04562011127896
2021-10-26,0.058270276815816334,1.1567305721301233,1.035733713213808
2021-10-27,-0.010583948760633,1.069217974763181,0.9605912696255353
2021-10-28,0.02690697164521867,1.1031735318311775,1.0517347457733963
2021-10-29,0.01957283660436202,1.081753954018141,1.0477138108342794
2021-11-01,0.046719292670880555,1.1283882439175492,1.076776782056178
2021-11-02,0.061496873607486645,1.1290193699465187,1.1021624144145243
2021-11-03,0.09339701248320148,1.1605419295564112,1.127310906580214
2021-11-04,0.08945644293829175,1.1400598012233076,1.1148638990998572
2021-11-05,0.1339002542279455,1.185307481657168,1.1410456288787367
2021-11-08,0.13266709131543103,1.1924517898877287,1.142093448428108
2021-11-09,0.1367677834131017,1.1820929381800238,1.1472102369693455
2021-11-10,0.11822968532925422,1.1311162666025714,1.1266480481389782
2021-11-11,0.1190481951255819,1.1306848852487086,1.1413265814533107
2021-11-12,0.13924449510715317,1.165407308434044,1.1808221867570337
2021-11-15,0.15670713374242806,1.170079496692599,1.1916847950345397
2021-11-16,0.15822276430056043,1.1708326210766224,1.2168569786288015
2021-11-17,0.14007467759603598,1.1355426306906424,1.1902562435798087
2021-11-18,0.12375179433948016,1.089610081752162,1.1731996210093394
2021-11-19,0.09564057793686474,1.0638997279582774,1.1547262166217622
2021-11-22,0.1084311165433723,1.0312975893209837,1.1661362729956253
2021-11-23,0.14601597213135006,1.0140476073851254,1.1799267857478677
2021-11-24,0.15014545742890664,1.007696884694073,1.186508961140965
2021-11-26,0.027404308684608483,0.8763837106771727,1.0294728296458222
2021-11-29,0.05960839877630838,0.9103110093937431,1.1072930201206843
2021-11-30,-0.06781806120602017,0.7599784609973887,0.9206952117430771
2021-12-01,-0.10826869264154801,0.6378912589994356,0.8552592426292889
2021-12-02,0.0009689204768910511,0.7831457963879601,0.9978794862241392
2021-12-03,0.0014595312999695002,0.7499975921686401,0.9711883841541037
2021-12-06,0.07696031770901607,0.8311222773110226,1.05176398556879
2021-12-07,0.14544999854973,0.9161230055947193,1.1662572125599993
2021-12-08,0.15588660881792285,0.9606454294580601,1.1826149768406424
2021-12-09,0.137228547854093,0.8921632618730063,1.1351794970736395
2021-12-10,0.18420453851769936,0.9038803474947195,1.1788809869484502
2021-12-13,0.16807719098644439,0.8783103643705813,1.1559091779414181
2021-12-14,0.1460632691293583,0.8311680148770678,1.1043201272798155
2021-12-15,0.20251378047818133,0.886959085888652,1.2039643046933892
2021-12-16,0.21119216068459407,0.8636419369329108,1.2065463621244172
2021-12-17,0.15207824500415815,0.8486291915390514,1.116449307801665
2021-12-20,0.09880592750678385,0.7848627859615516,1.022710656520176
2021-12-21,0.17318351776994934,0.8943352036960491,1.1302979088435707
2021-12-22,0.21394550767586878,0.9261267654902394,1.1829588873269181
2021-12-23,0.24183152891527748,0.965307174872972,1.2256902028794818
2021-12-27,0.30369889334670697,1.0259288973758878,1.3234511954605614
2021-12-28,0.32177400654351035,1.0369564450973787,1.3339693371375847
2021-12-29,0.34289312201595257,1.0525922440967466,1.3610437329618599
2021-12-30,0.32439154464966546,1.058029463735318,1.354581866575278
2021-12-31,0.33720223693645734,1.045884864055547,1.361264399794781
2022-01-03,0.3243812569844514,1.0705580409881046,1.3256800378434095
2022-01-04,0.37159308122383167,1.0698890168842763,1.3689555693536208
2022-01-05,0.3182769748179226,0.9405788708070542,1.2599595989478247
2022-01-06,0.32337293652228544,0.9300460816038085,1.2710698097623485
2022-01-07,0.31705241138875573,0.928252653692013,1.2343159081787016
2022-01-10,0.3024312018698764,0.8893946153652204,1.2029727189234813
2022-01-11,0.3374612525840836,0.9527841126238707,1.2384881451876708
2022-01-12,0.346229952830463,0.941866073846463,1.254439235616874
2022-01-13,0.3321030185025678,0.9029382289012152,1.217878888751292
2022-01-14,0.3331362197724408,0.8809210782991884,1.1839654931549097
2022-01-18,0.26157789114626917,0.7815803418726793,1.0605352896294988
2022-01-19,0.2224396359794284,0.7414840479300574,0.990219582858858
2022-01-20,0.17323841765668244,0.6648084629743197,0.9106930001536341
2022-01-21,0.12533217512861733,0.5585261701372416,0.8354937797258852
2022-01-24,0.14544804922562424,0.597686428373329,0.8704973913789871
2022-01-25,0.10515600046856777,0.5106748076238931,0.7820640314672146
2022-01-26,0.07679824978217993,0.41702475482539075,0.7424889882455525
2022-01-27,0.06902665942227681,0.37490525450668877,0.6982163476529517
2022-01-28,0.1599892438977118,0.4750572513133329,0.8209162372066645
2022-01-31,0.21190675873178513,0.6116809343954953,0.9170617926349457
2022-02-01,0.23350238952444813,0.6414024334732532,0.9474555572131546
2022-02-02,0.2833339695205116,0.6468577383763293,1.0263792141811008
2022-02-03,0.24632074449556274,0.5272315971623035,0.9275938570138873
2022-02-04,0.21873360827519808,0.5262508240759605,0.9102775816909747
2022-02-07,0.2240227366860779,0.5404871168620196,0.8957133430646523
2022-02-08,0.2662601848937771,0.5802839596057128,0.9579451032257082
2022-02-09,0.3271509120626417,0.6934906184064759,1.0723082721929438
2022-02-10,0.24187951319899254,0.5894706986191652,0.9470184365439872
2022-02-11,0.20839248333622365,0.4914872619850899,0.8366145486268369
2022-02-14,0.16989858652924597,0.4601440888839625,0.7811080406599281
2022-02-15,0.22570239969098166,0.553341855374618,0.8673821225435245
2022-02-16,0.24947654160877925,0.5277960873268729,0.8933939735883243
2022-02-17,0.18518923806167614,0.41805197170506847,0.7743465569728741
2022-02-18,0.17540704318670136,0.38010553305263794,0.7530782884832713
2022-02-22,0.1328376675490704,0.3265383761844489,0.705130713567039
2022-02-23,0.06784240512135309,0.22285931987925278,0.5906140212077244
2022-02-24,0.08865265035975277,0.30046277711466973,0.6494610207715472
2022-02-25,0.23369936598713742,0.4279415209079345,0.8327032798614118
2022-02-28,0.2254054521026263,0.35138064117789586,0.7840987152168303
2022-03-01,0.156414132766474,0.2682659259459588,0.6551976964180578
2022-03-02,0.25991397372384045,0.36218831571044363,0.8095952420756404
2022-03-03,0.2712137553389404,0.32769934593041333,0.8176359500158104
2022-03-04,0.2770516265024198,0.276186882169297,0.7868832787408174
2022-03-07,0.17011340453508542,0.10705127746706602,0.5988015809771831
2022-03-08,0.11457756595504791,0.05845524661293817,0.5225288595606761
2022-03-09,0.19235067196967745,0.1715836431357661,0.6655021515224383
2022-03-10,0.19262595613995026,0.1385765905857301,0.6316539060355296
2022-03-11,0.15807658761895158,0.05450129708433322,0.5653780883729219
2022-03-14,0.1511480285396551,0.015612186869311054,0.5586622490690942
2022-03-15,0.22832767797906428,0.11412292844693224,0.6661492789858668
2022-03-16,0.2784616177732534,0.2541958970555308,0.7919141242892183
2022-03-17,0.33835266733567393,0.320340577076842,0.8649705814769323
2022-03-18,0.36304674502397705,0.37794905561069125,0.9095901565696413
2022-03-21,0.38313249675999206,0.3299383754359882,0.8903767162032765
2022-03-22,0.40167777661892545,0.38705957641158156,0.9336950938841945
2022-03-23,0.36119068759552964,0.2926533286669356,0.8258927341180291
2022-03-24,0.42384514235195986,0.3586466539976701,0.8978807764010395
2022-03-25,0.48324911823626265,0.3841917272915087,0.9482575794313557
2022-03-28,0.49073257420986993,0.420809633631584,0.9733140683318231
2022-03-29,0.548113663570772,0.5341479956269748,1.0724777680638158
2022-03-30,0.5432764018772315,0.48448963292998687,1.0248360537197136
2022-03-31,0.4956491675399332,0.412145256867187,0.9148883842363201
2022-04-01,0.5313799526839009,0.45130469168076287,0.9406486424211615
2022-04-04,0.5178571314795518,0.479741459342658,0.9347887328877479
2022-04-05,0.4894511678163224,0.4261914566153229,0.8746053400462557
2022-04-06,0.5079223027529433,0.3718712964402066,0.8708718723466854
2022-04-07,0.5374663299671165,0.36406780697339314,0.8923377430722955
2022-04-08,0.5618220663430209,0.36077695608463706,0.8941563981632721
2022-04-11,0.51141251231753,0.3227460052637932,0.8226264615001472
2022-04-12,0.5180595858436174,0.29141739972157243,0.7936749513868495
2022-04-13,0.5682364795994433,0.3610838311301405,0.845014205646868
2022-04-14,0.5597809239620323,0.3207647860043235,0.7905206456253718
2022-04-18,0.5538049451135358,0.27731331348296895,0.769236235466043
2022-04-19,0.6180765621048961,0.40621132449859126,0.8923788060255109
2022-04-20,0.681757679007919,0.4107205672247313,0.9659494863297979
2022-04-21,0.6167345513426017,0.34939380512071394,0.8823057470821416
2022-04-22,0.47325115999990136,0.2172177726213267,0.6986488371553969
2022-04-25,0.4795086408214633,0.23843256233709242,0.7116381256896633
2022-04-26,0.3854424612024746,0.08400414121305162,0.5613078660838076
2022-04-27,0.41594905728821874,0.07355812760062144,0.560120477707569
2022-04-28,0.5065301837272346,0.16660749173512576,0.6599001460751535
2022-04-29,0.3465604370514282,-0.012481895768439015,0.452553928916739
2022-05-02,0.33392874049196564,0.0031973906382764456,0.4455901258908019
2022-05-03,0.37403094897870315,0.043611551412078134,0.4801636420256327
2022-05-04,0.5189296669458547,0.1588853239172378,0.6532544241214956
2022-05-05,0.39069133285768776,-0.02393657704797911,0.4641031047726786
2022-05-06,0.3937472804553179,-0.10336025882134248,0.3998772732287564
2022-05-09,0.25714916098816915,-0.251025841945991,0.2495490318253535
2022-05-10,0.24497926004475543,-0.26618094863872777,0.21738569148272965
2022-05-11,0.21965379998628617,-0.33733413061603806,0.15722723928597254
2022-05-12,0.22231487197024768,-0.3141655817427811,0.1861849227283002
2022-05-13,0.3134699264549591,-0.1892128185010449,0.3050229239753053
2022-05-16,0.32811092353344995,-0.22444901153464267,0.2746082696582356
2022-05-17,0.40340272855082615,-0.11886173627618626,0.39728578929074126
2022-05-18,0.2090505608810917,-0.312265363887333,0.17499257019048395
2022-05-19,0.18329819749956455,-0.3053655805185948,0.15770317695202263
2022-05-20,0.1842198020139246,-0.2844338144592434,0.1621054689969347
2022-05-23,0.2658014897411543,-0.23196656464142573,0.2474519722732791
2022-05-24,0.28250560838354777,-0.2749142705589338,0.23323463615989035
2022-05-25,0.3262784419804321,-0.21765293257933638,0.2734003866579598
2022-05-26,0.4076640601888748,-0.12822681938863087,0.38574291770569535
2022-05-27,0.5086614246070673,-0.01706059702267846,0.5242197400390871
2022-05-31,0.45787627634757916,-0.0619150836838782,0.4637615399270309
2022-06-01,0.41986231435553845,-0.1260154895341797,0.3936963778620738
2022-06-02,0.4769996017531092,-0.021889664529288186,0.5059906884606323
2022-06-03,0.44063981470223396,-0.1096561719345612,0.426350037382813
2022-06-06,0.4650240394374441,-0.10033043752034472,0.43927386931924023
2022-06-07,0.5175491358787562,-0.060234604392833534,0.5020205177180821
2022-06-08,0.4396211584439271,-0.11721426659554071,0.3876441085562341
2022-06-09,0.33091204227516463,-0.24287428581332482,0.25406507126486333
2022-06-10,0.2286007079632565,-0.3735537224076548,0.09600593753396912
2022-06-13,0.03784027708012075,-0.5870896942582364,-0.12468470581011029
2022-06-14,0.005006437741420571,-0.6394158942359266,-0.17400917482861022
2022-06-15,0.02849193536242258,-0.5733372482880621,-0.11105499086035063
2022-06-16,-0.12110626403053099,-0.7372026965032831,-0.2834278568461403
2022-06-17,-0.14100941660794264,-0.6942957885364314,-0.2699302246135804
2022-06-21,-0.027388856496049666,-0.6456119707512004,-0.17275710732467894
2022-06-22,-0.04964487229787171,-0.6235136375403871,-0.15722867616583794
2022-06-23,-0.024398554484958458,-0.5509077857624868,-0.09277625152866364
2022-06-24,0.1129768449121351,-0.40230447495062926,0.08278669790404077
2022-06-27,0.13377303390562098,-0.4345421419303102,0.08132256969327939
2022-06-28,0.07667966952946613,-0.5292759981277019,0.00013300041046984633
2022-06-29,0.06654414011892092,-0.5469889263104906,-0.013255736782615643
2022-06-30,0.052225733579945054,-0.5922044887016926,-0.037057252648448315
2022-07-01,0.1129726158634421,-0.5188909659156248,0.04059725060191282
2022-07-05,0.04748223786540225,-0.4941233361159828,0.002792667149536017
2022-07-06,0.0645694213265401,-0.5031998182465026,0.029230963768880267
2022-07-07,0.11639443336863618,-0.4468720579214752,0.08743681745443711
2022-07-08,0.11022978451501049,-0.486781711631011,0.06731058583545207
2022-07-11,0.09586824147833359,-0.551513926635324,0.03609816746563682
2022-07-12,0.06182305314067757,-0.5561731404053527,-0.007715020076110646
2022-07-13,0.03831718909194815,-0.5828549228670218,-0.042533562093658474
2022-07-14,0.00886512485475177,-0.6222600734065593,-0.0829597578351498
2022-07-15,0.07586392170531328,-0.5340108962035846,0.030763785694014705
2022-07-18,0.03997680626941294,-0.5557176199093647,-0.018382467204777264
2022-07-19,0.15440091659325372,-0.41738915648060293,0.14334658235409317
2022-07-20,0.15328170758841544,-0.3823971567356361,0.15982896012312348
2022-07-21,0.17392562373607365,-0.3448131706573431,0.21864184976288076
2022-07-22,0.16850619064086295,-0.39329891161134195,0.20946590769370627
2022-07-25,0.2104521362377137,-0.4101326669521534,0.22521926426438196
2022-07-26,0.19568125997438948,-0.45050793187091615,0.19163245258476033
2022-07-27,0.27055938242444544,-0.35926978112427377,0.2777069805531983
2022-07-28,0.34821790702619604,-0.30633781956135214,0.39692765076892816
2022-07-29,0.4041666586039073,-0.2854339727076503,0.4466899723566067
2022-08-01,0.3875062714777569,-0.2795307457291152,0.4346338328481446
2022-08-02,0.35702192199203703,-0.30720808909175534,0.3774773878424208
2022-08-03,0.3949026358290718,-0.24527509683482138,0.4404737617961707
2022-08-04,0.37631308543165665,-0.25361456156132633,0.4391407471125234
2022-08-05,0.3938543331816119,-0.26507194822281555,0.4390295086215666
2022-08-08,0.40563796311224587,-0.2477132840467854,0.451299996594306
2022-08-09,0.4192588513919097,-0.2971966262507708,0.4189003296270339
2022-08-10,0.49402128034891557,-0.19261560722675594,0.5546208646509948
2022-08-11,0.5141698741130682,-0.19519136138718837,0.571769810959108
2022-08-12,0.5958285487705567,-0.11386547175099987,0.6757577795737368
2022-08-15,0.6150777846912396,-0.0912889396135282,0.687995635258034
2022-08-16,0.6406584876507487,-0.06954265160137554,0.70278361583394
2022-08-17,0.6201959864609645,-0.14456795636766687,0.6475517229675785
2022-08-18,0.6513199371359175,-0.15058745112450428,0.6635662935861546
2022-08-19,0.6134893528867031,-0.2240220499752254,0.5879680999359693
2022-08-22,0.5269142354638322,-0.34242117150023993,0.4511386457414315
2022-08-23,0.5214430281798946,-0.3687127207669931,0.4235464323009306
2022-08-24,0.546098063332003,-0.35199995160649,0.44680356740595595
2022-08-25,0.6038690232227308,-0.2761572585630602,0.5370403776944026
2022-08-26,0.46392869790490865,-0.4407114453965515,0.32783156733254504
2022-08-29,0.45276056004380205,-0.478543311730955,0.29262444002356314
2022-08-30,0.3825217479697754,-0.5201098848494637,0.23380269832715336
2022-08-31,0.3506288255391022,-0.5532945238013097,0.1870818724427762
2022-09-01,0.3665479479341785,-0.554069770618786,0.2149974819829866
2022-09-02,0.3326551177552999,-0.6033044955192087,0.15187562676085847
2022-09-06,0.3165606814450207,-0.6156681996062708,0.14519696780707736
2022-09-07,0.4203371006414769,-0.5025004733660167,0.2865079609927423
2022-09-08,0.4495985281046144,-0.4761672457997293,0.33722630753474747
2022-09-09,0.508153977735614,-0.3993236702990445,0.4088035945727751
2022-09-12,0.5531093514120615,-0.3461863866841008,0.45878856641254107
2022-09-13,0.372949209349924,-0.5467464758034956,0.20620822787624213
2022-09-14,0.39145822651741313,-0.5578705117140424,0.18952835830678685
2022-09-15,0.3441041266361271,-0.6019387601504474,0.13376755428065365
2022-09-16,0.313691118219918,-0.66188036915571,0.07727382563260561
2022-09-19,0.3595719493320164,-0.6359364035807425,0.12307779219832346
2022-09-20,0.29990025929876407,-0.7224074816771416,0.014304635599367928
2022-09-21,0.2309588019373098,-0.8026345717378185,-0.0786960021764177
2022-09-22,0.1868303184605963,-0.8712448556774011,-0.15523156937268068
2022-09-23,0.08975683317529828,-0.9266379925928472,-0.22993345847466976
2022-09-26,0.018879469338037292,-0.9845503024497804,-0.3127451619588136
2022-09-27,0.0007297618700910912,-1.0090956558455244,-0.35628671318255317
2022-09-28,0.1012500754617576,-0.8945744080480443,-0.24769243955459855
2022-09-29,0.01945532734402862,-1.0017066109678363,-0.3645203907044096
2022-09-30,-0.03594599611976889,-1.0614533348172144,-0.423590967537379
2022-10-03,0.10621309656676022,-0.9560013143595355,-0.26770689464258607
2022-10-04,0.25727111760504,-0.8156515679038167,-0.10186299747892053
2022-10-05,0.24597519269490029,-0.8462763382491152,-0.14724850165477524
2022-10-06,0.1857859757677254,-0.9084938163075141,-0.23509330196589315
2022-10-07,0.09516918197602142,-1.026130561191176,-0.3758213894366634
2022-10-10,0.09003366471512643,-1.0749955393217665,-0.40258499664182235
2022-10-11,0.09145626963640205,-1.1098933692944448,-0.4176989687977449
2022-10-12,0.054910708326885015,-1.128452302910948,-0.4738792570419801
2022-10-13,0.17654437324062583,-1.0423321402083843,-0.33691187023819263
2022-10-14,0.05440174832182141,-1.110125707067007,-0.451583802406611
2022-10-17,0.14788641165833863,-1.0113192653496312,-0.3209436151898113
2022-10-18,0.22623974002112388,-0.9541510923712169,-0.2387203966639098
2022-10-19,0.20094727907278417,-1.017480982797166,-0.3264469135793036
2022-10-20,0.14405120561517906,-1.0502202639855045,-0.4129157913774124
2022-10-21,0.2591513122110054,-0.9783749987698631,-0.28611717530674313
2022-10-24,0.3223344095028341,-0.9496483853579403,-0.226508470894122
2022-10-25,0.3870307366434097,-0.846084287654247,-0.09907485501020238
2022-10-26,0.41384406380239325,-0.8425296698644579,-0.094471799901097
2022-10-27,0.44489156120143997,-0.856641948107119,-0.09100195134719387
2022-10-28,0.5715022760937039,-0.7777173925607721,0.039825700422723806
2022-10-31,0.562599559353419,-0.8083642438793909,0.0048119887028067725
2022-11-01,0.5732561744571562,-0.8247117676335212,0.028895097898497337
2022-11-02,0.47442833845216925,-0.9406849886446059,-0.11296236508245826
2022-11-03,0.4713289911958068,-0.9828168183728463,-0.1497370702725912
2022-11-04,0.527667093607133,-0.9237016560389363,-0.043003416863349145
2022-11-07,0.5626546781193448,-0.8928152054213276,-0.008640683999538462
2022-11-08,0.5947358386631895,-0.8842708910287208,0.03815833202283717
2022-11-09,0.5081893156855571,-0.9563728203773819,-0.05042871387153853
2022-11-10,0.7040042785726033,-0.6757452204974741,0.27905435261684414
2022-11-11,0.6661310328704727,-0.5764728635806922,0.3217868779085874
2022-11-14,0.6326701323271446,-0.6516157409199876,0.24445188221774872
2022-11-15,0.6750282671952179,-0.5980054454073704,0.30089986081359804
2022-11-16,0.6686065124988047,-0.6734628108475486,0.25714265489079324
2022-11-17,0.6555519307614529,-0.7116877174137781,0.21210073394639575
2022-11-18,0.7153496379401377,-0.6883442757274134,0.27375601989471354
2022-11-21,0.7336587806436271,-0.6932530510584399,0.2852035369437972
2022-11-22,0.8035619608428246,-0.6463613842795878,0.3521636797750182
2022-11-23,0.8155094719077668,-0.617136083347384,0.38489544078526916
2022-11-25,0.8363661742735672,-0.6100376734747426,0.4102774492310399
2022-11-28,0.7674586534141589,-0.6877223589672381,0.3005943821744202
2022-11-29,0.7751859596880882,-0.6723580481735627,0.3172531842135354
2022-11-30,0.9015019488215489,-0.5494809684669185,0.4708676070900361
2022-12-01,0.9010492040057847,-0.5323903246081787,0.47401843584673686
2022-12-02,0.9131963298691052,-0.5434430233191685,0.46636081450001365
2022-12-05,0.8233114481431953,-0.6327982315773507,0.35211936958367035
2022-12-06,0.7765167743708165,-0.6941125720578895,0.2939398596829567
2022-12-07,0.7799223801722298,-0.7087285226956441,0.2908864335530423
2022-12-08,0.8026961674674878,-0.6739253158473041,0.33943390498789844
2022-12-09,0.7458003100238634,-0.6977572926681473,0.29679514272442004
2022-12-12,0.8304539684043889,-0.6358127137582438,0.3851643745246851
2022-12-13,0.838088501154231,-0.5986896893399637,0.4391450093892251
2022-12-14,0.823158847066571,-0.6423757797891207,0.3946982957420262
2022-12-15,0.7175455023200221,-0.7497536675946249,0.2536666321077398
2022-12-16,0.6701969146189055,-0.799486617983894,0.17308536042535747
2022-12-19,0.6412844523145534,-0.850453584923056,0.12335224613813307
2022-12-20,0.6529686543150157,-0.8472019093831352,0.12028993083820629
2022-12-21,0.7270873554403279,-0.7840802688540315,0.21285952609260508
2022-12-22,0.6718537335550139,-0.826738361242441,0.1628032435230067
2022-12-23,0.7157634998246749,-0.8058494657152956,0.1983328109529948
2022-12-27,0.73273892525276,-0.8027899422226112,0.20238908078575207
2022-12-28,0.6623501513622355,-0.8630031404311959,0.12563318457100417
2022-12-29,0.7174026513780465,-0.7685316095888792,0.2272652743970873
2022-12-30,0.6919097838297631,-0.784814156829467,0.18910987931379256
2023-01-03,0.6560819129886064,-0.7565238913515765,0.20223108913287793
2023-01-04,0.6906192172177966,-0.6569049134015401,0.2942750435447579
2023-01-05,0.6409592463192597,-0.7060138683366973,0.20377697256452604
2023-01-06,0.7758073834164011,-0.6087552104521186,0.3505671526757698
2023-01-09,0.751928942491209,-0.6004086363469736,0.34379427741758667
2023-01-10,0.7734954895864107,-0.5552569431214762,0.38213165780985037
2023-01-11,0.8182947411019537,-0.49295783347437244,0.46268144418344315
2023-01-12,0.8208160177091143,-0.47178019979953323,0.4666699313292947
2023-01-13,0.83035622941211,-0.45838770452062483,0.47348352682698214
2023-01-17,0.8140843351748035,-0.46646500333675184,0.4490878655688835
2023-01-18,0.7139228289811156,-0.5417756107244914,0.34632500755563794
2023-01-19,0.671306373723951,-0.5785050738610885,0.2713745947901108
2023-01-20,0.7372726289814628,-0.49040967564016663,0.3738870817865311
2023-01-23,0.7670033068596103,-0.4299752393215388,0.441936477653313
2023-01-24,0.7837309433433371,-0.4629940738265359,0.4347498589702889
2023-01-25,0.7932648343215315,-0.43984246972628327,0.4341846162333937
2023-01-26,0.8319078192252576,-0.4043311409853289,0.4687676400325943
2023-01-27,0.8120974857007468,-0.38742373760391424,0.4828036140643969
2023-01-30,0.7780147760254257,-0.43593353767856663,0.4255614802531963
2023-01-31,0.8514674938836119,-0.3510343512552519,0.5329195541906567
2023-02-01,0.8775830868664031,-0.300574808239823,0.6002226657098823
2023-02-02,0.8573142790317991,-0.2137370364973734,0.6768689667508084
2023-02-03,0.82082532215305,-0.3014294863967413,0.602597890590934
2023-02-06,0.8231056029176945,-0.3544192087846266,0.5485511587496382
2023-02-07,0.8598159929616652,-0.31726213880588966,0.5939325039689237
2023-02-08,0.8243346968602066,-0.3775370581838554,0.5300311137192251
2023-02-09,0.7968191519430827,-0.43789984915663455,0.46046094970772905
2023-02-10,0.8497818125343695,-0.4473509174488712,0.49044982993669584
2023-02-13,0.9001868639846351,-0.39217408109007346,0.5609110718113858
2023-02-14,0.8773654211839972,-0.39236844342234445,0.5250353215857808
2023-02-15,0.8979839414835166,-0.3658427143001348,0.5576707154330993
2023-02-16,0.8477462442624422,-0.4281196569412208,0.4986568593538973
2023-02-17,0.8572620908639871,-0.43186049022100226,0.5046013601288183
2023-02-21,0.7834315534305759,-0.5390489085125475,0.35091820111382865
2023-02-22,0.7771283430263406,-0.5463046254208836,0.33450449280960487
2023-02-23,0.798934524102556,-0.5502202473213053,0.3526318477911533
2023-02-24,0.7797177084233733,-0.6206800004545433,0.3013686188995548
2023-02-27,0.7847090488915155,-0.6155622693413566,0.2974401236735455
2023-02-28,0.7515251937530557,-0.617710638247822,0.27462213089146015
2023-03-01,0.7470762254017218,-0.6416874222305726,0.23921470059505126
2023-03-02,0.7955005802180114,-0.6069309205236797,0.2908423102956495
2023-03-03,0.8546603941821589,-0.5348510365782674,0.3667108094323926
2023-03-06,0.8557767538829315,-0.5750981243033048,0.3380296906280811
2023-03-07,0.7889228521868629,-0.649331866348504,0.22142206899493277
2023-03-08,0.794503726906765,-0.6344591263329121,0.24025177219642468
2023-03-09,0.709073627580409,-0.7374913847963521,0.12284209026059961
2023-03-10,0.6221893832679849,-0.831649333767345,0.0015601304760969046
2023-03-13,0.5986155465941345,-0.8475018155019675,-0.04052277577364799
2023-03-14,0.6789495405366026,-0.799823642468401,0.03957982253904552
2023-03-15,0.598371613695883,-0.8328002882339203,-0.01993429600482386
2023-03-16,0.6681322427623261,-0.7829661087104189,0.047171634568338484
2023-03-17,0.5875820106932088,-0.8411070838972826,-0.06124704390845849
2023-03-20,0.6786583069637712,-0.8001159146676061,0.0131600616675324
2023-03-21,0.7186691516712046,-0.7483729611259877,0.06820807838912094
2023-03-22,0.6244018122198943,-0.8548804781661303,-0.06972905778887058
2023-03-23,0.6023105289100598,-0.8514961044735899,-0.09124292922303939
2023-03-24,0.6613213780821092,-0.8134062406087941,-0.02958424467312979
2023-03-27,0.6980140717224081,-0.7941816686905917,0.006651492915754833
2023-03-28,0.7178669133862067,-0.7826534353980572,0.006564073126612743
2023-03-29,0.7820580278985924,-0.7112938817467215,0.09527151458519018
2023-03-30,0.805814758072459,-0.6851349091747279,0.12268012849161826
2023-03-31,0.8712366595851324,-0.6039273230127075,0.2139195869605923
2023-04-03,0.9059170521862455,-0.6242677678164424,0.2032802689094412
2023-04-04,0.8484311048497529,-0.6397996018991072,0.14818257123811437
2023-04-05,0.8723746599537617,-0.6625111070936186,0.14865576973686803
2023-04-06,0.8676370174174324,-0.6496045768513391,0.15921820993702213
2023-04-10,0.8960299369462572,-0.6351149962366057,0.1879883280408689
2023-04-11,0.9208581769369799,-0.6066625587029572,0.22768863937237815
2023-04-12,0.9196205301653809,-0.6525020999561694,0.20293179579397105
2023-04-13,0.9468007541762702,-0.5994515620330604,0.24716817514226916
2023-04-14,0.9266232573662287,-0.6359870438922107,0.21644439959169812
2023-04-17,0.9567654276747901,-0.5982389297754148,0.2586356242547276
2023-04-18,0.9699374883558435,-0.5966220361550033,0.24947363494109576
2023-04-19,0.9522067705654677,-0.5904520304291656,0.2687153719802251
2023-04-20,0.951030329076696,-0.6442374395118817,0.24203133403529076
2023-04-21,0.9470715830187545,-0.6306813609152566,0.24707014098786195
2023-04-24,0.9713731921169464,-0.6328271515820579,0.2536222323734532
2023-04-25,0.9193936214786322,-0.7162001272551958,0.15528293434723286
2023-04-26,0.85567755618534,-0.7405125457181102,0.08063055611532088
2023-04-27,0.9336131691885199,-0.6490272668804126,0.16981283976532638
2023-04-28,0.970464661501909,-0.5932529118504996,0.23321153460239016
2023-05-01,0.9926121854546794,-0.6017675984106224,0.2283476311240414
2023-05-02,0.934374804546933,-0.6677129636002298,0.13544266854460366
2023-05-03,0.9025488793066789,-0.6874053481582066,0.09708955831851729
2023-05-04,0.8656627217783015,-0.7262225078813989,0.05570001790938223
2023-05-05,0.9470919493488145,-0.6742811057668155,0.1578160109118838
2023-05-08,0.945208490891991,-0.6899164330429477,0.13607790580084464
2023-05-09,0.9379155719937428,-0.7118319737817221,0.1047548129103005
2023-05-10,0.9433075941523287,-0.7006027088961142,0.10603671357487877
2023-05-11,0.921157853983021,-0.7300076785129844,0.08050154095498188
2023-05-12,0.9385700084193245,-0.7412492538721993,0.08661283293964624
2023-05-15,0.9382372687623803,-0.7103812135729356,0.10853080895109231
2023-05-16,0.8746486202596425,-0.7791663928667599,0.014007685992663561
2023-05-17,0.9087454105961711,-0.7148341120024346,0.08243222784570617
2023-05-18,0.9359938008989371,-0.6781018544278451,0.11594724313112403
2023-05-19,0.9339859802595104,-0.7037160263309166,0.1020787947964531
2023-05-22,0.9101492737220865,-0.690009357228925,0.12331370060946786
2023-05-23,0.8426690407586337,-0.7454820956088325,0.06092106359108772
2023-05-24,0.8027742149241034,-0.7958615839611256,-0.021611415237910703
2023-05-25,0.7976850864032725,-0.8144339778144415,-0.030840759800772007
2023-05-26,0.8149827584741116,-0.7680356475400987,0.023113994531640657
2023-05-30,0.7938622342731412,-0.7706023878901003,0.007006670179611144
2023-05-31,0.7651478935453182,-0.7826622414771783,-0.035102088765727166
2023-06-01,0.8000365621287647,-0.7523103030447283,-0.0017177727650233732
2023-06-02,0.906977448919888,-0.6721185225397135,0.1357047235639879
2023-06-05,0.8993221519446499,-0.6907505056142783,0.1170086884311306
2023-06-06,0.907952393770768,-0.656781696988507,0.15330018271776805
2023-06-07,0.9355792866320741,-0.6371767309168626,0.2093318283517872
2023-06-08,0.9549807590551083,-0.6282185984076238,0.20575555887069075
2023-06-09,0.9526374115503613,-0.63697451738575,0.19304978521
2023-06-12,0.9781856449604796,-0.5932497885420136,0.21982045232859632
2023-06-13,1.016369114348708,-0.5536084445747731,0.2768592244649085
2023-06-14,1.0040932459549705,-0.5465786058453684,0.2734680991786843
2023-06-15,1.070282880433482,-0.4913301002291083,0.351827665271831
2023-06-16,1.06808834196479,-0.494513773017658,0.3482608283001508
2023-06-20,1.020072040926881,-0.5354074469778154,0.28753948025325
2023-06-21,1.0477211705958938,-0.5657654393700009,0.2748953675598467
2023-06-22,1.042659011681228,-0.5823361417794685,0.23998076758537742
2023-06-23,0.9945573547169081,-0.6125940939962434,0.18322054384243325
2023-06-26,1.0167390464967692,-0.5827408362310763,0.22566725584017738
2023-06-27,1.0760032744084294,-0.522830624197348,0.29147684331230483
2023-06-28,1.0503645696648363,-0.5289492426573833,0.27211723241104074
2023-06-29,1.0990719943245866,-0.5138400788722529,0.3223565474374815
2023-06-30,1.1627045701581071,-0.4736156242000931,0.3749749026487995
2023-07-03,1.1649040960100037,-0.45717311625198903,0.3977392420385375
2023-07-05,1.1496919018977578,-0.4762655224389743,0.3664542750867769
2023-07-06,1.1080902494521625,-0.5140927774793761,0.31962446483069973
2023-07-07,1.100642494504902,-0.5033586457594815,0.31413853266470115
2023-07-10,1.1414487719874737,-0.4654517420794772,0.3613095611210977
2023-07-11,1.1890166245314906,-0.41355884599603365,0.4266088058747991
2023-07-12,1.2021547231927054,-0.3876497547273394,0.46576593178609793
2023-07-13,1.2195890711328936,-0.3591050685625402,0.5055358470827909
2023-07-14,1.2050011732167705,-0.395546334302181,0.47429645426547323
2023-07-17,1.2272642576521595,-0.41375305725734596,0.4722537919062766
2023-07-18,1.2481742098143906,-0.3811838712988889,0.5002976777058533
2023-07-19,1.2566538338871172,-0.3376451152079314,0.5369355710924699
2023-07-20,1.2888237165152918,-0.3778183067620732,0.5456168793772442
2023-07-21,1.3078328906734897,-0.3720731173545557,0.5643371040940465
2023-07-24,1.3210303895071447,-0.35884413729675035,0.5728776749453298
2023-07-25,1.3368631528384631,-0.3593315146772511,0.5787589166297403
2023-07-26,1.3240098411181398,-0.35213731446272684,0.5986435981839147
2023-07-27,1.273908437766473,-0.39887672143549086,0.5231853373581213
2023-07-28,1.294016800263878,-0.35874766619340087,0.5417759357385923
2023-07-31,1.305653742787618,-0.3361974171618098,0.544149302375007
2023-08-01,1.2950273578230453,-0.373039331902442,0.5263707472134102
2023-08-02,1.2688536422152654,-0.4416420037997117,0.47604604702683145
2023-08-03,1.2423381884954081,-0.4737292002437112,0.43605943440011324
2023-08-04,1.2058203530226466,-0.4850899134143451,0.3973398142121742
2023-08-07,1.2666640923453323,-0.45154464209929773,0.44906468494539786
2023-08-08,1.2416620384839603,-0.48318269533779695,0.41244150430065024
2023-08-09,1.244441056777533,-0.49610628513648153,0.38832608703379745
2023-08-10,1.2350618532622613,-0.4881744184374559,0.3726695353774691
2023-08-11,1.2496409147279082,-0.4931589274803709,0.3708466969727773
2023-08-14,1.2572377756704554,-0.4927212501569539,0.36111490730857776
2023-08-15,1.1936401042084255,-0.5583281180349108,0.26764237154947923
2023-08-16,1.171882770842554,-0.6017628554888621,0.22220843855199998
2023-08-17,1.1153263565863236,-0.6461997039353693,0.18571973655291474
2023-08-18,1.137648183855593,-0.6475942274044898,0.19143875292761273
2023-08-21,1.139523302544443,-0.6487801298067284,0.17684647653810887
2023-08-22,1.125254976142803,-0.6547974341782268,0.15797880011819676
2023-08-23,1.1675114332701388,-0.6148006437394986,0.20891265197263867
2023-08-24,1.1141484492505578,-0.6636498518043258,0.16185263194934038
2023-08-25,1.1505939268294834,-0.6398806850145998,0.1947074615078753
2023-08-28,1.1846847866134003,-0.5977368193421967,0.23369346728354082
2023-08-29,1.2347166816705362,-0.5333372093813543,0.29726077699616094
2023-08-30,1.2521508239132697,-0.5174335356854324,0.3109602059148509
2023-08-31,1.2284281347685198,-0.5246418740814538,0.27569251863887323
2023-09-01,1.2489192235083895,-0.5282864690248628,0.28841304529949274
2023-09-05,1.1823591252079484,-0.5820184435904202,0.20269069780809765
2023-09-06,1.1736886803449527,-0.5993887426750506,0.1861948209864151
2023-09-07,1.189719110174579,-0.6312880069307956,0.1608851512274958
2023-09-08,1.2075257697818584,-0.6345614536384672,0.15460087416145804
2023-09-11,1.2155894141285284,-0.6220791951530885,0.1768239108075754
2023-09-12,1.1990686921407763,-0.6471155693128078,0.17207356184747824
2023-09-13,1.1900618865632637,-0.6668772262285587,0.15948356004556768
2023-09-14,1.250325062576924,-0.616891919173397,0.2269005659682952
2023-09-15,1.1921932009956078,-0.649035104943129,0.18132639286628244
2023-09-18,1.2115321193975117,-0.670120401313827,0.16468657313235396
2023-09-19,1.1989038347120813,-0.6747488807616161,0.1527665949051375
2023-09-20,1.1873167232415796,-0.6908709400066956,0.13110589027341443
2023-09-21,1.1010457807254426,-0.7748704701079369,0.03241168740916436
2023-09-22,1.0932173855595317,-0.8061406929831842,0.010309947164806316
2023-09-25,1.108993482006776,-0.8026387382765228,0.019870716870051423
2023-09-26,1.0278824484053448,-0.8674224889203417,-0.07280329114730928
2023-09-27,1.0343810184906042,-0.8786647672757091,-0.08539384687359079
2023-09-28,1.0700498982645736,-0.8467812742850647,-0.05287208481076048
2023-09-29,1.0238627731024637,-0.8345308663195014,-0.05748515326400731
2023-10-02,0.9614127905159761,-0.8760067167038408,-0.1311018792904645
2023-10-03,0.9163080042050789,-0.9455847465084174,-0.18860126934363855
2023-10-04,0.9537891745616341,-0.9176941248717136,-0.1454467622459887
2023-10-05,0.9360719794988596,-0.9343452933582169,-0.16696806901031647
2023-10-06,0.9856027102326276,-0.906487304502174,-0.11794513584736613
2023-10-09,1.052628974040686,-0.8932090541656579,-0.07823389727905053
2023-10-10,1.087655995769785,-0.8476166150928238,-0.03756001003454473
2023-10-11,1.1075429259178013,-0.8508672138737653,-0.021132856016582425
2023-10-12,1.0537624058434234,-0.9254794746972678,-0.10574893757120486
2023-10-13,1.0663402323389222,-0.9518999843552677,-0.1141618826153537
2023-10-16,1.1328381873467592,-0.9019048145496568,-0.035848842219114406
2023-10-17,1.1565421140237464,-0.8871756666345445,-0.011762224939789111
2023-10-18,1.0964712188341126,-0.9712680530279728,-0.11339516239238089
2023-10-19,1.0269142747369189,-1.0136562082387781,-0.1799869810543749
2023-10-20,0.9589482539218256,-1.0564586748312264,-0.23750413861526762
2023-10-23,0.9261659510418958,-1.0777326682118584,-0.2812199540502267
2023-10-24,0.9742713994250805,-1.0292115805680877,-0.2534564902117304
2023-10-25,0.9517446087690489,-1.1013753880840966,-0.3245456483693964
2023-10-26,0.935441375394733,-1.1223881854453488,-0.3063397362796544
2023-10-27,0.8814530202214278,-1.17201110164653,-0.382191262023055
2023-10-30,0.929252699655926,-1.1294595771377003,-0.3423763090580292
2023-10-31,0.973783230252459,-1.08681899003146,-0.28055121306483244
2023-11-01,1.021173751402294,-1.0968613337999802,-0.25686976445095705
2023-11-02,1.1255919529958582,-0.9910282823692124,-0.14291190320413236
2023-11-03,1.1693394286353629,-0.898994828512916,-0.04423740022819407
2023-11-06,1.164084397601414,-0.9247889548834904,-0.0783626289633447
2023-11-07,1.1436866942533799,-0.921403800780656,-0.09126365716223428
2023-11-08,1.1330606822729448,-0.9262605042508584,-0.0889449982137706
2023-11-09,1.1063815232469307,-0.9730754061079787,-0.1483554215701827
2023-11-10,1.1757798566209385,-0.9281138843215824,-0.08115545307931883
2023-11-13,1.1819163224748863,-0.9386248233228134,-0.1042092488319304
2023-11-14,1.2809457658317158,-0.7967495976517129,0.08411831899929384
2023-11-15,1.2683580462788089,-0.756140174284856,0.11316770432239844
2023-11-16,1.261760022450191,-0.7701110378127474,0.10724992600629021
2023-11-17,1.2798757769300035,-0.7529315129637649,0.12995038593482838
2023-11-20,1.2964161574035094,-0.7309723942125079,0.15198476955673498
2023-11-21,1.3010584663498816,-0.744203370982407,0.14835626518984685
2023-11-22,1.3280579629728821,-0.723313994520475,0.18104201922965
2023-11-24,1.3452443545960207,-0.7105415136361403,0.20278789909834544
2023-11-27,1.3334455003069272,-0.715587739444426,0.1857625939198838
2023-11-28,1.3100586910210121,-0.700325713828062,0.18405517162093765
2023-11-29,1.294541591433244,-0.6747172879572257,0.2133393557204306
2023-11-30,1.35944245105698,-0.640790276490964,0.26430129139670705
2023-12-01,1.414676873915831,-0.5572539500927487,0.35893476418315223
2023-12-04,1.4044059702295428,-0.5540841420681408,0.3738474403084935
2023-12-05,1.3613171490398883,-0.5943754401269843,0.31858860677009276
2023-12-06,1.3535752370851575,-0.5751582876451914,0.3337191476388245
2023-12-07,1.3691724478075034,-0.5431650727263142,0.36363607730956643
2023-12-08,1.3842561285847688,-0.5365243870730039,0.37267975689896604
2023-12-11,1.4515905923157288,-0.5107052584323589,0.42596087611605055
2023-12-12,1.4760092881163194,-0.5033346585272473,0.4424283503765732
2023-12-13,1.5677672480799143,-0.39759770398852845,0.5936869395660997
2023-12-14,1.54626855312026,-0.32620510694111365,0.6879772568719285
2023-12-15,1.5063584566156083,-0.36000283050186427,0.6366449332659568
2023-12-18,1.5295914795904835,-0.3583374213428113,0.6394023716989314
2023-12-19,1.5613949540236174,-0.32172943889357475,0.688818344335822
2023-12-20,1.4638774948822764,-0.3968621871280256,0.5785267091230778
2023-12-21,1.5161408468326618,-0.3315564061645279,0.6583206262369069
2023-12-22,1.5403759264118804,-0.31290096318508837,0.6863782073777267
2023-12-26,1.5716430425893446,-0.2901636811645302,0.7286956976876506
2023-12-27,1.5782556030415333,-0.2842619775929487,0.740754684694629
2023-12-28,1.5848368157873494,-0.27187072720803923,0.7597638207995374
