,barycenter_0,barycenter_1,barycenter_2
2020-01-02,-0.09333141369271725,0.2943648148456386,1.8292181569938026
2020-01-03,-0.8006731545007024,-0.5480334776535363,2.849087805668964
2020-01-06,-1.1816061112366274,-1.5986491740980036,1.0511082981214344
2020-01-07,-1.4165856185708317,-1.097875490906025,1.3930034996775988
2020-01-08,-2.055885492385771,-1.2603406444831426,0.7729107137416227
2020-01-09,-1.7564803073742565,-1.1136180373446882,-0.2147406150993528
2020-01-10,-1.6209988531486823,-1.0953390904169367,0.24450689449948623
2020-01-13,-1.5444446305785522,-1.026060247962805,0.4436996906166902
2020-01-14,-1.566220275768584,-0.76900706604494,0.8979731291813995
2020-01-15,-1.564280007518492,-1.0797036496371377,0.560647061117864
2020-01-16,-1.564403899810928,-1.087541308248892,0.34310343417800226
2020-01-17,-1.5644144017925186,-1.1560805919390225,0.18554368353028575
2020-01-21,-1.5642965422135662,-0.953621057398134,0.19908836661899046
2020-01-22,-1.5642965422135662,-0.2764302995426459,0.21594406795005294
2020-01-23,-1.5642965422135662,-0.9930194767047711,0.1867093005816401
2020-01-24,-1.5642965422135662,-1.191559164458887,0.0906149412900445
2020-01-27,-1.5642965422135662,-1.3859602656766776,0.19585970688631205
2020-01-28,-1.5642932484631826,-1.3288167143419645,0.18768121647072783
2020-01-29,-1.5643654491326997,-1.4446309793593364,0.18905100671668743
2020-01-30,-1.5619729060146423,-1.350137802468239,0.18872731716061375
2020-01-31,-1.5763237284535438,-1.369866333316375,0.18872731716061375
2020-02-03,-1.5291787039450484,-1.3690438857131575,0.18872731716061375
2020-02-04,-1.4054199589078384,-1.3693858649187236,0.18872731716061375
2020-02-05,-1.5257946524136263,-1.3693858649187236,0.18872731716061375
2020-02-06,-1.5905407579469215,-1.3693858649187236,0.18872731716061375
2020-02-07,-1.5632076504177184,-1.3693858649187236,0.18872731716061375
2020-02-10,-1.5680484509134558,-1.3693858649187236,0.18872731716061375
2020-02-11,-1.56695669128912,-1.3693858649187236,0.18872731716061375
2020-02-12,-1.5672910128127875,-1.3693858649187236,0.18872731716061375
2020-02-13,-1.5672910128127875,-1.3693858649187236,0.18872731716061375
2020-02-14,-1.5672910128127875,-1.3693858649187236,0.18872731716061375
2020-02-18,-1.5672910128127875,-1.3693858649187236,0.18872731716061375
2020-02-19,-1.5672910128127875,-1.3693858649187236,0.18872731716061375
2020-02-20,-1.5672910128127875,-1.3693858649187236,0.18872731716061375
2020-02-21,-1.5672910128127875,-1.3693858649187236,0.18872731716061375
2020-02-24,-1.5672910128127875,-1.3693858649187236,0.18872731716061375
2020-02-25,-1.5672910128127875,-1.3684035647998565,0.18872731716061375
2020-02-26,-1.5672910128127875,-1.3699737517881305,0.18872731716061375
2020-02-27,-1.5672910128127875,-1.3661421841455283,0.18872731716061375
2020-02-28,-1.5672910128127875,-1.367706945719099,0.18872731716061375
2020-03-02,-1.5674775709963056,-1.3837686952755297,0.18872731716061375
2020-03-03,-1.5671975337758879,-1.358706421919083,0.18872731716061375
2020-03-04,-1.5669739886481169,-1.2039495741110147,0.18872731716061375
2020-03-05,-1.5699889544169494,-1.3695120558466276,0.18872731716061375
2020-03-06,-1.548805306766461,-1.3938299842454225,0.18872731716061375
2020-03-09,-1.5743424032382052,-1.4013191148031592,0.18872731716061375
2020-03-10,-1.5703422994409366,-1.387421426728343,0.18872731716061375
2020-03-11,-1.5561839635200623,-1.3880073114077423,0.18872731716061375
2020-03-12,-1.6584389890373512,-1.3789118034056917,0.18872731716061375
2020-03-13,-1.762823974442129,-1.384108129589261,0.18958547829984795
2020-03-16,-1.9394463911428614,-1.4762681294239703,0.185026137413787
2020-03-17,-1.840703628745335,-1.4430918321368373,0.19552821597335193
2020-03-18,-2.386436891128494,-1.6471524021419206,0.34335423769561496
2020-03-19,-2.042431123863351,-1.559779328281005,0.19959318317550215
2020-03-20,-1.742744321527958,-1.820749672855923,0.18880404729993683
2020-03-23,-1.8769010147353211,-2.331716191031031,0.18880404729993683
2020-03-24,-1.7269379420088369,-1.9623828257081304,0.18880404729993683
2020-03-25,-1.591458946474041,-1.7167999951046373,0.18880404729993683
2020-03-26,-1.6584102867469135,-1.4366364148448738,0.18880404729993683
2020-03-27,-1.5328664194485213,-1.5278573247119123,0.18880404729993683
2020-03-30,-1.5556499145260563,-1.5908302302560453,0.18880404729993683
2020-03-31,-1.4660093590853793,-1.48698061094581,0.18880404729993683
2020-04-01,-1.495036680828041,-1.7611731506086443,0.18880404729993683
2020-04-02,-1.4234640224461692,-1.4940782708199993,0.18880404729993683
2020-04-03,-1.4454175438423835,-1.534998733303248,0.18880404729993683
2020-04-06,-1.386354280229352,-1.419326809227148,0.18880404729993683
2020-04-07,-1.4170619463865863,-1.344335735519009,0.18880404729993683
2020-04-08,-1.2988831138604309,-1.2518051928698701,0.18880404729993683
2020-04-09,-1.3861613907545418,-1.272239358881204,0.18880404729993683
2020-04-13,-1.444496007722048,-1.2795715229889946,0.18880404729993683
2020-04-14,-1.4140358780496811,-1.1854613727438943,0.18880404729993683
2020-04-15,-1.463673382157911,-1.2997592280190862,0.18880404729993683
2020-04-16,-1.587779082211563,-1.436979784090791,0.18880404729993683
2020-04-17,-1.451716742983732,-1.2918716556087995,0.18880404729993683
2020-04-20,-1.475755883250943,-1.1928274861422432,0.18880404729993683
2020-04-21,-1.3946789604803673,-1.2098132396000032,0.18880404729993683
2020-04-22,-1.3215351681026581,-1.1180185398838387,0.18880404729993683
2020-04-23,-1.347021739244564,-1.1196317706445216,0.18880404729993683
2020-04-24,-1.2733088627464932,-1.1064939979244615,0.18880404729993683
2020-04-27,-1.295081659781266,-1.112078131227402,0.18880404729993683
2020-04-28,-1.222087214421024,-1.1305890096010676,0.18880404729993683
2020-04-29,-1.2399809620878115,-1.1127461587845173,0.18880404729993683
2020-04-30,-1.1634006470354579,-1.0644433227173833,0.18880404729993683
2020-05-01,-1.2053874399418703,-1.1167523492050049,0.18880404729993683
2020-05-04,-1.183449779094064,-0.9653054917862869,0.18880404729993683
2020-05-05,-1.1868862391049506,-1.2978227632700128,0.18880404729993683
2020-05-06,-1.185941916299101,-1.1556276608726441,0.18880404729993683
2020-05-07,-1.1860735833650449,-1.0831096703932799,0.18880404729993683
2020-05-08,-1.1860735833650449,-1.1023355068052922,0.18880404729993683
2020-05-11,-1.1860735833650449,-1.0476454782648628,0.18880404729993683
2020-05-12,-1.1860735833650449,-1.0114774397856714,0.18880404729993683
2020-05-13,-1.1860735833650449,-0.9627763774716095,0.18880404729993683
2020-05-14,-1.1860735833650449,-0.8964114512190378,0.18880404729993683
2020-05-15,-1.1860735833650449,-0.9100026881135467,0.18880404729993683
2020-05-18,-1.1860735833650449,-0.9001233149940887,0.18880404729993683
2020-05-19,-1.1860735833650449,-0.9008592774166497,0.18880404729993683
2020-05-20,-1.1860735833650449,-0.8992445716063948,0.18880404729993683
2020-05-21,-1.1860735833650449,-0.8997871972526476,0.18880404729993683
2020-05-22,-1.1860735833650449,-0.9011826034505669,0.18880404729993683
2020-05-26,-1.1860735833650449,-0.9024517302458037,0.18880404729993683
2020-05-27,-1.1860735833650449,-0.8840478126774528,0.18880404729993683
2020-05-28,-1.1860735833650449,-0.9190274766748595,0.18880404729993683
2020-05-29,-1.1860735833650449,-0.8270340339873419,0.18880404729993683
2020-06-01,-1.1860735833650449,-0.6711977709067335,0.18880404729993683
2020-06-02,-1.1860735833650449,-0.8320813145041306,0.18880404729993683
2020-06-03,-1.1860735833650449,-0.8994333558303689,0.18880404729993683
2020-06-04,-1.1860735833650449,-0.8954786858491867,0.18880404729993683
2020-06-05,-1.1860735833650449,-0.8954742642146549,0.18880404729993683
2020-06-08,-1.1860735833650449,-0.8954742642146549,0.18880404729993683
2020-06-09,-1.1860735833650449,-0.8964855536983385,0.18880404729993683
2020-06-10,-1.1860735833650449,-0.8862117841827358,0.18880404729993683
2020-06-11,-1.1860735833650449,-0.9464417862366187,0.18880404729993683
2020-06-12,-1.1860735833650449,-1.2022301406431568,0.18880404729993683
2020-06-15,-1.1861012846487875,-0.9772137054269476,0.18880404729993683
2020-06-16,-1.1860978787940264,-0.8982709462092413,0.18880404729993683
2020-06-17,-1.1854925098567353,-0.8920633787053892,0.18880404729993683
2020-06-18,-1.1899771771215761,-0.8934104296472379,0.18880404729993683
2020-06-19,-1.1845457945241256,-0.8934104296472379,0.18880404729993683
2020-06-22,-1.142648720125986,-0.8934104296472379,0.18880404729993683
2020-06-23,-1.03645545921428,-0.8937513292190985,0.18880404729993683
2020-06-24,-1.1681415533290067,-0.8572615492565089,0.18880404729993683
2020-06-25,-1.237465033705335,-0.9000466578390095,0.18880404729993683
2020-06-26,-1.406397483999441,-0.9770788532772289,0.18880404729993683
2020-06-29,-1.2624227614729349,-0.8945229853585401,0.18880404729993683
2020-06-30,-1.1999244753910119,-0.8559569535710897,0.18880404729993683
2020-07-01,-1.1589981901317514,-0.807731051963019,0.18880404729993683
2020-07-02,-1.1197497891847585,-0.7922812027429662,0.18880404729993683
2020-07-06,-1.0819687599590493,-0.8052976746078473,0.18880404729993683
2020-07-07,-1.0382140699446933,-0.8030547780400983,0.18880404729993683
2020-07-08,-0.990150314494779,-0.8035109927209082,0.18880404729993683
2020-07-09,-1.031786500366678,-0.8030215216391561,0.18880404729993683
2020-07-10,-1.0818230148216315,-0.812210878913343,0.18880404729993683
2020-07-13,-1.0213155994936003,-0.8014274211087334,0.18880404729993683
2020-07-14,-0.9763348340213385,-0.7500093764275609,0.18880404729993683
2020-07-15,-0.928103408000257,-0.711299894300682,0.18880404729993683
2020-07-16,-0.9363285315856249,-0.7916394389812869,0.18880404729993683
2020-07-17,-0.9300190512276394,-0.7123674553592538,0.18880404729993683
2020-07-20,-0.9299024591315692,-0.664398292080776,0.18880404729993683
2020-07-21,-0.9301675341242187,-0.6828395507589137,0.18880404729993683
2020-07-22,-0.9062991080867683,-0.6107543206910723,0.18880404729993683
2020-07-23,-0.9284554738142899,-0.6589738968463209,0.18880404729993683
2020-07-24,-0.9276565928862569,-0.6990223403321923,0.18880404729993683
2020-07-27,-0.9276230296941003,-0.6567432336865902,0.18880404729993683
2020-07-28,-0.9276230296941003,-0.6645383957836618,0.18880404729993683
2020-07-29,-0.9276230296941003,-0.5922610530830807,0.18880404729993683
2020-07-30,-0.9276230296941003,-0.6078702537322536,0.18880404729993683
2020-07-31,-0.9276230296941003,-0.61487360580829,0.18880404729993683
2020-08-03,-0.9276230296941003,-0.5484542479205412,0.18880404729993683
2020-08-04,-0.9276230296941003,-0.58172639685458,0.18880404729993683
2020-08-05,-0.9276230296941003,-0.5169997877663135,0.18880404729993683
2020-08-06,-0.927766212187061,-0.4872465021608676,0.18880404729993683
2020-08-07,-0.9263319135739458,-0.4954320936679442,0.18880404729993683
2020-08-10,-0.9493108169589964,-0.4959537838542398,0.18880404729993683
2020-08-11,-0.8768033660236031,-0.5014076609735995,0.18880404729993683
2020-08-12,-0.7647024552355453,-0.43287811717039393,0.18880404729993683
2020-08-13,-0.8759688502764468,-0.48062996129974545,0.18880404729993683
2020-08-14,-0.9368108153423227,-0.4805530240393834,0.18880404729993683
2020-08-17,-0.9235108709083745,-0.4799481633425003,0.18880404729993683
2020-08-18,-0.9245659293234968,-0.5141095545880332,0.18880404729993683
2020-08-19,-0.9244181585016693,-0.4773298070051126,0.18880404729993683
2020-08-20,-0.9244090387396359,-0.3693379660719906,0.18880404729993683
2020-08-21,-0.9244090387396359,-0.40775512576919176,0.18880404729993683
2020-08-24,-0.9244090387396359,0.06938772575618946,0.18880404729993683
2020-08-25,-0.9244090387396359,-0.39748673308126237,0.18880404729993683
2020-08-26,-0.9245588677723962,-0.3340721699069227,0.18880404729993683
2020-08-27,-0.9244818902114901,-0.43442582961281917,0.18880404729993683
2020-08-28,-0.9243476092941945,-0.4837503092475029,0.18880404729993683
2020-08-31,-0.9232475827808604,-0.4682529498323981,0.18880404729993683
2020-09-01,-0.9272184514348993,-0.5194296961787904,0.18880404729993683
2020-09-02,-0.9049489031802317,-0.48641081974133515,0.18880404729993683
2020-09-03,-0.9785824464636668,-0.6607783562115118,0.18880404729993683
2020-09-04,-0.9477768182733953,-0.5026107835562897,0.18880404729993683
2020-09-08,-1.1232100976153068,-0.9373619283546123,0.18880404729993683
2020-09-09,-0.9956693709309838,-0.5627879915457455,0.19613865970406422
2020-09-10,-0.9274373097517689,-0.5104737438764986,0.18824101863820666
2020-09-11,-0.9399711944039301,-0.5958799987499002,0.18824101863820666
2020-09-14,-0.9002255735757427,-0.4846121617177521,0.18756490781357635
2020-09-15,-0.8640999686931015,-0.46679994865218943,0.0415921405187183
2020-09-16,-0.8340745323950598,-0.46791178810511974,0.1953431421106704
2020-09-17,-0.8865306675846908,-0.4682385436462718,0.18005506151693715
2020-09-18,-0.8395610075453018,-0.4685727526591855,0.26527298463542226
2020-09-21,-0.844448642803096,-0.4323696136446131,0.08903235136128934
2020-09-22,-0.8438786486999547,-0.46594594733391786,0.1508380525514967
2020-09-23,-0.8427027402463126,-0.48967680786034495,0.11831443183404652
2020-09-24,-0.8491232128837983,-0.4668886736929252,-0.1199604821522062
2020-09-25,-0.8429158613035381,-0.42106047829432014,-0.004078963896508464
2020-09-28,-0.8076710944911238,-0.3901695469157514,-0.39743168034582077
2020-09-29,-0.7654354197746617,-0.35212561846366347,-0.7340635268204514
2020-09-30,-0.7929468597270809,-0.45271235224593337,-1.5320925275054937
2020-10-01,-0.8158422912988308,-0.3818912915827148,-0.6428213780048675
2020-10-02,-0.7574672790467414,-0.329177478748257,-0.849359619177019
2020-10-05,-0.7279342671337382,-0.2801603975434225,-0.5154415911748877
2020-10-06,-0.7029188363365964,-0.32755528346181356,-1.0801947923023143
2020-10-07,-0.6783140193870726,-0.3051230627577373,-0.6473492535967926
2020-10-08,-0.6498896054904388,-0.31297583082631497,-0.391492867710392
2020-10-09,-0.6547512549562555,-0.2632982411048372,-0.26807581585417883
2020-10-12,-0.6540726508413676,-0.20592612825847598,-0.11771749932631616
2020-10-13,-0.654227516059391,-0.24569297661730197,0.05413321935129048
2020-10-14,-0.6540900730425693,-0.23904930577935837,0.0012173951090770575
2020-10-15,-0.654090078318253,-0.23996610707244878,0.10894410861064022
2020-10-16,-0.6543140335600892,-0.24013669516368233,0.09071810395674242
2020-10-19,-0.6530167938788349,-0.24034243572887873,0.19141014357051733
2020-10-20,-0.6640424438241842,-0.23688682370381142,0.034252654109714877
2020-10-21,-0.6177110866745055,-0.26387049068748797,-0.13942356356747954
2020-10-22,-0.5140439448603311,-0.19069060250199407,0.01198858576384658
2020-10-23,-0.6201099053659905,-0.18159930476790792,0.11639603107170343
2020-10-26,-0.6267662151949015,-0.19553437401361595,0.23107430703917242
2020-10-27,-0.6254829346441565,-0.1510149345832679,0.3940149750204078
2020-10-28,-0.6255199011408787,-0.1894029541570845,0.24651778316323128
2020-10-29,-0.6258610389287272,-0.10835986712751704,0.2545280125576408
2020-10-30,-0.6256487970390504,-0.026940215702657443,0.24368029967989344
2020-11-02,-0.6224300174999563,-0.037073578969727995,0.24177003722041293
2020-11-03,-0.6719919593685687,-0.08262362674595428,0.24528868508695334
2020-11-04,-0.608141517338538,0.05630285012931741,0.24528868508695334
2020-11-05,-0.5364375005079748,0.36942776528097515,0.24528868508695334
2020-11-06,-0.28982871640968927,0.086640578144233,0.24528868508695334
2020-11-09,-0.5076560118077522,0.04505360846490051,0.24528868508695334
2020-11-10,-0.5990021547567533,-0.05057388723126095,0.24528868508695334
2020-11-11,-0.65508591382667,0.04951797882408456,0.24528868508695334
2020-11-12,-0.6320724242381484,0.19857372214587374,0.24528868508695334
2020-11-13,-0.6311356553599042,0.8350811984580556,0.24528868508695334
2020-11-16,-0.6339221569307406,0.33376667961253637,0.24528868508695334
2020-11-17,-0.633576649914446,0.04335174489115394,0.24528868508695334
2020-11-18,-0.633596178598094,0.15990856424238942,0.24528868508695334
2020-11-19,-0.633596178598094,0.05170927692949013,0.24528868508695334
2020-11-20,-0.633596178598094,-0.014545966611734396,0.24528868508695334
2020-11-23,-0.633596178598094,-0.10515495440371193,0.24528868508695334
2020-11-24,-0.633596178598094,-0.4398102301451209,0.24528868508695334
2020-11-25,-0.633596178598094,-0.1368963994613741,0.24528868508695334
2020-11-27,-0.633596178598094,0.07989834394990991,0.24528868508695334
2020-11-30,-0.633596178598094,-0.30018809459023954,0.24528868508695334
2020-12-01,-0.633596178598094,-0.050031734811483285,0.24528868508695334
2020-12-02,-0.633596178598094,-0.61946342721159,0.24528868508695334
2020-12-03,-0.633596178598094,-0.17935171206066264,0.24528868508695334
2020-12-04,-0.633596178598094,-0.021119539351538954,0.24528868508695334
2020-12-07,-0.633596178598094,-0.04330801598916942,0.24528868508695334
2020-12-08,-0.633596178598094,0.044180580345571784,0.24528868508695334
2020-12-09,-0.633596178598094,0.008118007088316743,0.24528868508695334
2020-12-10,-0.633596178598094,0.012157548314271587,0.2470042982924088
2020-12-11,-0.633596178598094,0.012529924072112893,0.24076790448980337
2020-12-14,-0.633596178598094,0.012509646921411894,0.24459328698843968
2020-12-15,-0.633596178598094,0.012496461443443503,0.25908120916696104
2020-12-16,-0.633596178598094,0.012496461443443503,0.1803638992287521
2020-12-17,-0.633596178598094,0.012496461443443503,0.2950738403627067
2020-12-18,-0.633596178598094,0.012496461443443503,-0.1793981907009547
2020-12-21,-0.633596178598094,0.012496461443443503,0.1738693410359911
2020-12-22,-0.633596178598094,0.012496461443443503,0.12830017018332454
2020-12-23,-0.633596178598094,0.012260615816943725,0.2301200414431832
2020-12-24,-0.633596178598094,0.012060117411100597,0.3119582876323529
2020-12-28,-0.633596178598094,0.015062476681736126,0.28969186833711474
2020-12-29,-0.633596178598094,-0.016147710557972372,0.369734067787688
2020-12-30,-0.633596178598094,0.04243051350325445,0.3492651205260023
2020-12-31,-0.633596178598094,0.09443985975751838,0.333927982095648
2021-01-04,-0.633596178598094,0.1356006590242079,0.3701569801877295
2021-01-05,-0.633596178598094,0.0423324897380834,0.42415062330193465
2021-01-06,-0.633596178598094,0.09459953354738869,0.49524387353726523
2021-01-07,-0.633596178598094,0.138397971024951,0.6317518044738012
2021-01-08,-0.633596178598094,0.18531088261956796,0.20809285852292245
2021-01-11,-0.633596178598094,0.21160070233108222,0.3920777900101645
2021-01-12,-0.633596178598094,0.1526238773794468,0.4706225268944728
2021-01-13,-0.633596178598094,0.1869749633651891,0.5394079596933654
2021-01-14,-0.633596178598094,0.17325530078703139,0.6354793687179083
2021-01-15,-0.633596178598094,0.22032200530318063,0.5017005078677815
2021-01-19,-0.633596178598094,0.24874515543725167,0.5566931400648502
2021-01-20,-0.633596178598094,0.22381913096037007,0.7167048478254539
2021-01-21,-0.633596178598094,0.2365376149979999,0.5637786535165694
2021-01-22,-0.633596178598094,0.2900531230380474,0.46205074562783494
2021-01-25,-0.633596178598094,0.3565719876483555,0.33322345493439287
2021-01-26,-0.633596178598094,0.2951978630816977,0.44059831319379983
2021-01-27,-0.633596178598094,0.23396282155835574,0.5600204897692763
2021-01-28,-0.633596178598094,0.2945281475553855,0.5339618930032726
2021-01-29,-0.633596178598094,0.3561230759622402,0.63902681331216
2021-02-01,-0.633596178598094,0.4071632534519342,0.6186765933198507
2021-02-02,-0.633596178598094,0.4522364167616852,0.7084322605782797
2021-02-03,-0.633596178598094,0.36008996457621684,0.8422640303063273
2021-02-04,-0.633596178598094,0.4499750091578178,0.630117301318427
2021-02-05,-0.633596178598094,0.513057908167152,0.7671938904038081
2021-02-08,-0.633596178598094,0.5731108631421996,0.7397694356292634
2021-02-09,-0.633596178598094,0.6953729918056886,0.8020132421309641
2021-02-10,-0.633596178598094,0.6291295294002549,0.8438902770456937
2021-02-11,-0.633596178598094,0.9588063177979735,0.8927844608387464
2021-02-12,-0.633596178598094,0.6616251136706719,0.923545716207076
2021-02-16,-0.633596178598094,0.5839730571006261,0.8237106731051074
2021-02-17,-0.633596178598094,0.70131468372328,0.8689886424048814
2021-02-18,-0.633596178598094,0.5773239739631348,0.9403861193126424
2021-02-19,-0.6332807642892851,0.5137051602441507,0.9985519456287831
2021-02-22,-0.6351783140849698,0.5416855548050352,1.0170041179659315
2021-02-23,-0.6167963999231132,0.4855946916794073,0.9640911608183882
2021-02-24,-0.6484740446319704,0.5353302951456291,1.0051333477785656
2021-02-25,-0.6386921820680045,0.5282985847905656,1.0662275800282137
2021-02-26,-0.7358827546186519,0.5809683528177912,1.054054594488105
2021-03-01,-0.6827062517892377,0.5119612331806251,1.1106230916142272
2021-03-02,-1.0027560986286932,0.4075908566970826,1.0835206910008273
2021-03-03,-0.6834948115704415,0.47184846576402034,1.1998121541681386
2021-03-04,-0.744717118530195,0.1842549511146619,1.0658506209861103
2021-03-05,-0.6626024880734762,0.3722540514462039,0.9140934154688747
2021-03-08,-0.6263745212324138,0.4865165499737834,1.03796633266649
2021-03-09,-0.5913062421106932,0.5491323332202462,1.0185060146162015
2021-03-10,-0.531872622206331,0.5435594998658644,1.0949782312475105
2021-03-11,-0.5785438618880134,0.5452670725850151,1.082448477406141
2021-03-12,-0.5905713155422074,0.5457086213136566,1.083270644486938
2021-03-15,-0.5882670395247038,0.5456880836747467,1.1139352168756507
2021-03-16,-0.6412395678144664,0.545982868727002,1.0828511522848818
2021-03-17,-0.5961253796052018,0.5465435027448026,1.087669143780106
2021-03-18,-0.5898432778245918,0.5354973880362929,1.087669143780106
2021-03-19,-0.587760847045342,0.544763352159873,1.087669143780106
2021-03-22,-0.5497204678461338,0.6093867811046595,1.087669143780106
2021-03-23,-0.5055213225864099,0.5899566236647961,1.088076863236724
2021-03-24,-0.5226566867725002,0.576576514145946,1.0918778350491611
2021-03-25,-0.47589518582912593,0.6076977373235464,1.067276039634625
2021-03-26,-0.4215815825378608,0.6613405164705574,1.1279568318350819
2021-03-29,-0.5264425380176736,0.6993763569473669,1.2105162889948333
2021-03-30,-0.4870138785889247,0.6236693684444828,1.1850541309862619
2021-03-31,-0.46659697168231357,0.6504323912388921,1.3486350827381866
2021-04-01,-0.45883775604205157,0.6838406459625966,1.1811228810989691
2021-04-05,-0.431561662630152,0.7485618789108027,1.1925090965795282
2021-04-06,-0.40678115890904043,0.7928607289213264,1.1511994939592076
2021-04-07,-0.3678482056670719,0.7194105396379259,1.1658471915098856
2021-04-08,-0.38148030747599865,0.8127979060508447,1.15906532688184
2021-04-09,-0.35762830833352105,0.8941256918821607,1.1595457257159087
2021-04-12,-0.3637218656132436,0.8349239449817561,1.1595457257159087
2021-04-13,-0.3634766026777282,0.9539245137001299,1.1595457257159087
2021-04-14,-0.36279000552877866,0.9399831323892083,1.1595457257159087
2021-04-15,-0.36547105237776334,1.0311027496649334,1.160478741368709
2021-04-16,-0.32209756216607527,1.1601252123770824,1.1575139650226571
2021-04-19,-0.36281411740006214,0.9535166581974365,1.1636591715322482
2021-04-20,-0.36467825420029537,0.7794875986980487,1.0988937598668094
2021-04-21,-0.3687073064600864,0.9387465042778311,1.156135168861137
2021-04-22,-0.41635810971085485,0.9055400441772378,1.1627648894817626
2021-04-23,-0.36420746644277013,0.9605564707252245,1.16248099415287
2021-04-26,-0.3737348952753857,0.9671583505305897,1.16248099415287
2021-04-27,-0.3410131958769104,0.9847690846971116,1.179560028925368
2021-04-28,-0.31005212640351354,1.0152124134032046,1.1411954846577217
2021-04-29,-0.2822201205289344,1.0337639823257665,1.241602157405211
2021-04-30,-0.24970986846483081,1.0870924837119673,1.2142647939656175
2021-05-03,-0.2553384325714213,1.049862799670715,1.3152811846027148
2021-05-04,-0.23526407467560043,1.058464465585658,1.2732933242216569
2021-05-05,-0.2536883243017943,1.02292223731958,1.4238117662840406
2021-05-06,-0.25287316040302676,1.1243680712338475,1.5792694206385447
2021-05-07,-0.253091395242816,1.1998003777437023,1.8085781160761227
2021-05-10,-0.25404412987719216,1.3513935204414762,2.2476545892227917
2021-05-11,-0.2521732016055022,1.214438947511401,1.712862104284522
2021-05-12,-0.27753753557029825,1.138332710842965,1.5420266653457757
2021-05-13,-0.2520672721099632,1.1577763794841518,1.3599437656499322
2021-05-14,-0.2576846705912249,1.174038527113295,1.3905229200631193
2021-05-17,-0.23595384245521892,1.1023134489497144,1.4864603266100298
2021-05-18,-0.19175554879517726,0.983179637501899,1.3726129534824165
2021-05-19,-0.22569346476103075,1.0952520036941407,1.2874474268907314
2021-05-20,-0.1388176063134004,1.149496704578423,1.2091302665799202
2021-05-21,-0.014920872037715213,1.2194331704730355,1.2277935345424795
2021-05-24,-0.27128884593121216,1.2151966038992144,1.2095778557069856
2021-05-25,-0.23333521080043515,1.2158509709634542,1.185189056567108
2021-05-26,-0.5428310808644942,1.1957828668772184,1.2139984850443712
2021-05-27,-0.2924815468216172,1.2341456360157053,1.2066569562576812
2021-05-28,-0.17331704323070976,1.2699683717886807,1.2060825726044735
2021-06-01,-0.08402381080339875,1.2374043879192598,1.2091228227518243
2021-06-02,0.04226967542940795,1.2477038747997204,1.153124452654956
2021-06-03,0.004488380551119146,1.2210853413383298,1.2615704450959766
2021-06-04,0.23330184238125126,1.2940738089590074,1.3805591287517083
2021-06-07,0.04766246877041209,1.2831222336987478,1.230937579248615
2021-06-08,-0.05546025787555526,1.3080915511010167,1.1403969462930246
2021-06-09,-0.02151439598964865,1.2734340933029238,1.1785067049187343
2021-06-10,-0.23644144043760093,1.3544489276495826,1.131718334762894
2021-06-11,-0.09984012824903533,1.325590729857129,1.105937502419762
2021-06-14,-0.01986318872961334,1.3793084255633405,1.1172655213334324
2021-06-15,0.028260679955970466,1.4033519223536115,1.1168919030575115
2021-06-16,0.0750644538863837,1.391021528849487,1.1164349774503821
2021-06-17,0.14532749794768446,1.4895593520536152,1.1164349774503821
2021-06-18,0.1089150172439323,1.2753882524477576,1.1164349774503821
2021-06-21,0.07215082299113426,1.4003911946920435,1.1164349774503821
2021-06-22,0.1351566004588518,1.546751642208299,1.1164349774503821
2021-06-23,0.12268881719978196,1.3579399285872171,1.1164349774503821
2021-06-24,0.1640595911691608,1.4299072696860584,1.1164349774503821
2021-06-25,0.20565952818124048,1.436268508512586,1.1164349774503821
2021-06-28,0.1916080572148827,1.4675902164589494,1.1164349774503821
2021-06-29,0.23813401966556216,1.4600484322480292,1.1164349774503821
2021-06-30,0.16200276271304362,1.5016497514915526,1.1164349774503821
2021-07-01,0.20478461154616082,1.6126209602941257,1.1164349774503821
2021-07-02,0.24800870215387716,1.4807915205121023,1.1153350722767155
2021-07-06,0.2816653122719889,1.50220807382508,1.1252119521691768
2021-07-07,0.3274599816241591,1.4627382633195491,1.1045374790135503
2021-07-08,0.27924069246304595,1.471529082460645,1.1487637388031127
2021-07-09,0.352624797356768,1.4715797861563187,1.0601388681076176
2021-07-12,0.4182255617868764,1.4711700594678967,1.0078982654382007
2021-07-13,0.6072937831602149,1.4711700594678967,1.0522817316032405
2021-07-14,0.40359943634533996,1.4711700594678967,1.0337462568560136
2021-07-15,0.33723239307732017,1.4711700594678967,1.0340478034350171
2021-07-16,0.2744239930764165,1.4711700594678967,1.0340478034350171
2021-07-19,0.1211684373698266,1.4711700594678967,1.0331244173750709
2021-07-20,0.27951873055621457,1.4711700594678967,1.0343076590944535
2021-07-21,0.3375756985196307,1.4711700594678967,1.0340243233136615
2021-07-22,0.34684720493175486,1.4711700594678967,1.0340243233136615
2021-07-23,0.3542880215549447,1.4711700594678967,1.0340243233136615
2021-07-26,0.3463819941036034,1.4711700594678967,1.0340243233136615
2021-07-27,0.3317921369398343,1.4711700594678967,1.0340243233136615
2021-07-28,0.3622261597474309,1.4711700594678967,1.0340243233136615
2021-07-29,0.3611538272263094,1.4711700594678967,1.0340243233136615
2021-07-30,0.38625183180275297,1.4711700594678967,1.0340243233136615
2021-08-02,0.35755695353550915,1.4711700594678967,1.0340243233136615
2021-08-03,0.36503221738139535,1.4711700594678967,1.0340243233136615
2021-08-04,0.3293135718649068,1.4711700594678967,1.0340243233136615
2021-08-05,0.3742094373340335,1.4711700594678967,1.0340243233136615
2021-08-06,0.41269408849093814,1.4711700594678967,1.0340243233136615
2021-08-09,0.4001861278190432,1.4711700594678967,1.0340243233136615
2021-08-10,0.45255113358668164,1.4711700594678967,1.0340243233136615
2021-08-11,0.4429378066975714,1.4711700594678967,1.0340243233136615
2021-08-12,0.44524992991193607,1.4711700594678967,1.0340243233136615
2021-08-13,0.44509115378981096,1.4711700594678967,1.0340243233136615
2021-08-16,0.44474880273887885,1.4711700594678967,1.0340243233136615
2021-08-17,0.47014086320151277,1.4711700594678967,1.0340243233136615
2021-08-18,0.4237957693332205,1.4711700594678967,1.0340243233136615
2021-08-19,0.4479176442877324,1.4711700594678967,1.0340243233136615
2021-08-20,0.44405284287143404,1.4711700594678967,1.0340243233136615
2021-08-23,0.4446778390411619,1.4711700594678967,1.0340243233136615
2021-08-24,0.44470877826294003,1.4711700594678967,1.0340243233136615
2021-08-25,0.44468838330437327,1.4711700594678967,1.0340243233136615
2021-08-26,0.44468838330437327,1.4711700594678967,1.0340243233136615
2021-08-27,0.44468838330437327,1.4711700594678967,1.0340243233136615
2021-08-30,0.44468838330437327,1.4711700594678967,1.0340243233136615
2021-08-31,0.44468838330437327,1.4711700594678967,1.0340243233136615
2021-09-01,0.44468838330437327,1.4711700594678967,1.0340243233136615
2021-09-02,0.44468838330437327,1.4711829649297106,1.0340243233136615
2021-09-03,0.44468838330437327,1.4714920533898568,1.0340243233136615
2021-09-07,0.44468838330437327,1.4706517150773766,1.0340243233136615
2021-09-08,0.44468838330437327,1.471844251268102,1.0340243233136615
2021-09-09,0.44468838330437327,1.4684450344394016,1.0340243233136615
2021-09-10,0.44468838330437327,1.4804954325604212,1.0340243233136615
2021-09-13,0.44468838330437327,1.4297023120333636,1.0341587320873333
2021-09-14,0.44468838330437327,1.5366860732650705,0.9637991969848217
2021-09-15,0.44468838330437327,1.5148348063488744,1.0342654450669455
2021-09-16,0.44468838330437327,1.6102272133645996,1.0340976192756017
2021-09-17,0.44468838330437327,1.5768076389714787,1.0356392823305658
2021-09-20,0.44468838330437327,1.7159886496700487,1.034552370177534
2021-09-21,0.44468838330437327,1.6400809943281645,1.034552370177534
2021-09-22,0.44468838330437327,1.8035623325258565,1.034552370177534
2021-09-23,0.44468838330437327,1.9612138808832198,1.034552370177534
2021-09-24,0.44468838330437327,2.2083215213849785,1.034552370177534
2021-09-27,0.44468838330437327,1.9106206934597176,1.034552370177534
2021-09-28,0.44468838330437327,1.7119965474224506,1.034552370177534
2021-09-29,0.44468838330437327,1.7958212259932274,1.034552370177534
2021-09-30,0.44468838330437327,1.6822031823467445,1.034552370177534
2021-10-01,0.44468838330437327,1.6107794733719636,1.034552370177534
2021-10-04,0.44468838330437327,1.5162899535089662,1.0350603458029275
2021-10-05,0.44468838330437327,1.5663285097734543,1.0348300809262327
2021-10-06,0.44468838330437327,1.6346667694574202,1.0332223244795007
2021-10-07,0.44468838330437327,1.4865368996211503,1.0607815849907694
2021-10-08,0.44468838330437327,1.5028214427363786,1.0228363505370635
2021-10-11,0.44468838330437327,1.3932916726628095,0.9836129964234189
2021-10-12,0.44468838330437327,1.4535337571099405,0.7688889950167427
2021-10-13,0.44468838330437327,1.4237059991107708,0.9430152358494472
2021-10-14,0.44468838330437327,1.4292293918722891,1.0268491199187293
2021-10-15,0.44468838330437327,1.4286573502163296,1.0041517892438203
2021-10-18,0.44468838330437327,1.4286573502163296,1.0665683653997635
2021-10-19,0.44468838330437327,1.4286573502163296,1.0358536003297967
2021-10-20,0.44468838330437327,1.4286573502163296,1.0390322320787009
2021-10-21,0.44468838330437327,1.4286573502163296,1.0386967125262008
2021-10-22,0.44468838330437327,1.4286573502163296,1.0386967125262008
2021-10-25,0.44468838330437327,1.4286573502163296,1.0386967125262008
2021-10-26,0.44476423203248955,1.4286573502163296,1.0386967125262008
2021-10-27,0.4450205262054977,1.4286573502163296,1.0386967125262008
2021-10-28,0.44497627174604965,1.4286573502163296,1.0386967125262008
2021-10-29,0.44236975955796026,1.4286573502163296,1.0386967125262008
2021-11-01,0.4612801985368785,1.4286573502163296,1.0386967125262008
2021-11-02,0.4324143303879701,1.4286573502163296,1.0386967125262008
2021-11-03,0.5146063242121384,1.4286573502163296,1.0386967125262008
2021-11-04,0.4863340407118341,1.4286573502163296,1.0386967125262008
2021-11-05,0.5726387217006527,1.4286573502163296,1.0386967125262008
2021-11-08,0.5278462770886657,1.4286573502163296,1.0386967125262008
2021-11-09,0.6327418091770705,1.4286573502163296,1.0386967125262008
2021-11-10,0.5953832626944151,1.4286573502163296,1.0386967125262008
2021-11-11,0.7160688433132887,1.4286573502163296,1.0386967125262008
2021-11-12,0.8999513833306968,1.4286573502163296,1.0386967125262008
2021-11-15,0.704539406795343,1.4286573502163296,1.0386967125262008
2021-11-16,0.5796128373672014,1.4286573502163296,1.0386967125262008
2021-11-17,0.8059046142667389,1.4286573502163296,1.0386967125262008
2021-11-18,0.9697643512220854,1.4286573502163296,1.0386967125262008
2021-11-19,1.2227168300199451,1.4286573502163296,1.0386967125262008
2021-11-22,1.0734439584671849,1.4286573502163296,1.0386967125262008
2021-11-23,1.620508153105458,1.4286573502163296,1.0386967125262008
2021-11-24,1.2533115403332697,1.4286573502163296,1.0386967125262008
2021-11-26,0.8949033966521054,1.4286573502163296,1.0386967125262008
2021-11-29,0.9911471725841107,1.4286573502163296,1.0386967125262008
2021-11-30,0.7365416568292675,1.4286573502163296,1.0386967125262008
2021-12-01,0.823055358955158,1.4286573502163296,1.0386967125262008
2021-12-02,0.6539707088565742,1.4286204159894829,1.0386967125262008
2021-12-03,0.7197589044184391,1.4286874039683748,1.0386967125262008
2021-12-06,0.624114624836446,1.4280411539042062,1.0386967125262008
2021-12-07,0.5581296802089799,1.4318579744029634,1.0386967125262008
2021-12-08,0.5252286985087707,1.4214653694834407,1.0386967125262008
2021-12-09,0.5116190393966067,1.4797734691600744,1.0386967125262008
2021-12-10,0.5319472436419883,1.4244099172365936,1.0386967125262008
2021-12-13,0.5845587281000233,1.42947319672557,1.0386967125262008
2021-12-14,0.503670923244443,1.4289677726953318,1.0386967125262008
2021-12-15,0.46781467638187085,1.4289011026883007,1.0386967125262008
2021-12-16,0.4937389986008948,1.4289011026883007,1.0336313796231167
2021-12-17,0.4905008053935074,1.4289011026883007,1.0865671451871475
2021-12-20,0.4904289033872517,1.4289011026883007,1.2222598138699512
2021-12-21,0.4905921227267185,1.429047787840446,1.0516483400980388
2021-12-22,0.4907605237264062,1.4277543045752081,1.0297527196317868
2021-12-23,0.4907605237264062,1.4430748153378696,1.0364539603079745
2021-12-27,0.4907605237264062,1.4006741774608642,1.036494972361883
2021-12-28,0.4907605237264062,1.3554716309551875,1.0361625203506553
2021-12-29,0.4907605237264062,1.2936430710039701,1.0361625203506553
2021-12-30,0.4907605237264062,1.3552995488893755,1.0361625203506553
2021-12-31,0.4907605237264062,1.4100992658246432,1.0361625203506553
2022-01-03,0.4907605237264062,1.3356535951510102,1.0361625203506553
2022-01-04,0.4907605237264062,1.2587263862923144,1.0361625203506553
2022-01-05,0.4907605237264062,1.2425723359465999,1.0361625203506553
2022-01-06,0.4907605237264062,1.2379629931619385,1.0361625203506553
2022-01-07,0.4907605237264062,1.2600906771334375,1.0361625203506553
2022-01-10,0.4907605237264062,1.1844850819207762,1.0361625203506553
2022-01-11,0.4907605237264062,1.2487204774782645,1.0361625203506553
2022-01-12,0.4907605237264062,1.3212559745303651,1.0361625203506553
2022-01-13,0.4907605237264062,1.2436996415484713,1.0361625203506553
2022-01-14,0.4907605237264062,1.272415628567174,1.0361625203506553
2022-01-18,0.4907605237264062,1.1933206520600033,1.0361625203506553
2022-01-19,0.4907605237264062,1.2111569585997217,1.0361625203506553
2022-01-20,0.4907605237264062,1.1825142766783385,1.0361625203506553
2022-01-21,0.4907605237264062,1.1234636375613047,1.0361625203506553
2022-01-24,0.4907605237264062,1.1652804256357467,1.0361625203506553
2022-01-25,0.4907605237264062,1.1488758322005883,1.0361625203506553
2022-01-26,0.4907605237264062,1.1841102580079579,1.0361625203506553
2022-01-27,0.4907605237264062,1.103522912494656,1.0361625203506553
2022-01-28,0.4907605237264062,1.0453941092835115,1.0361625203506553
2022-01-31,0.4907605237264062,0.973416615217501,1.0361625203506553
2022-02-01,0.4907605237264062,0.783385528490397,1.0361625203506553
2022-02-02,0.4907605237264062,1.0368097398177134,1.0361625203506553
2022-02-03,0.4907605237264062,0.9619304649680681,1.0361625203506553
2022-02-04,0.4907605237264062,1.072872003083358,1.0361625203506553
2022-02-07,0.4907605237264062,1.2348175767715703,1.0361625203506553
2022-02-08,0.49121974862261825,1.0603204318353512,1.0361625203506553
2022-02-09,0.4940127531477185,1.0135186560859368,1.0361625203506553
2022-02-10,0.48925207385488934,0.9547988207950151,1.0361625203506553
2022-02-11,0.406275653134801,0.9087893948696182,1.0361625203506553
2022-02-14,0.4827015137104495,0.8620605630649845,1.0361625203506553
2022-02-15,0.5129022113861941,0.8465624635423618,1.0361625203506553
2022-02-16,0.6415254830305026,0.8850434742733712,1.0361625203506553
2022-02-17,0.5121310944262193,0.792279120855107,1.0361625203506553
2022-02-18,0.4608513092326571,0.7320875343536933,1.0361625203506553
2022-02-22,0.4873235497826089,0.6070393671080941,1.0358483426489042
2022-02-23,0.4828413655132182,0.758328663632521,1.0373115713755465
2022-02-24,0.48331206080587075,0.8935942644712563,1.0362821113183587
2022-02-25,0.48351406121969714,0.7933061353958796,1.0818100018089127
2022-02-28,0.4836554228736815,0.7585105869963847,0.9955956573280017
2022-03-01,0.4834566048381361,0.7238635699039631,0.9588715173364577
2022-03-02,0.48347164624435185,0.6731403160477323,0.9496470393629021
2022-03-03,0.48347164624435185,0.7161014766141685,0.95830363390245
2022-03-04,0.48347164624435185,0.693060633518114,0.9742509096860722
2022-03-07,0.48347164624435185,0.6486329581241216,0.8986847708257597
2022-03-08,0.48347164624435185,0.5775450295836188,0.9145483130385746
2022-03-09,0.48347164624435185,0.5849843566517354,0.8988091737383471
2022-03-10,0.48347164624435185,0.593842638942272,0.9241180531278363
2022-03-11,0.48347164624435185,0.5367381209566107,0.8356367124682101
2022-03-14,0.48347164624435185,0.43921515821940316,0.9157864184783496
2022-03-15,0.48347164624435185,0.20017022982020602,0.8922381277430157
2022-03-16,0.48347164624435185,0.6477837591650352,0.9174832363836675
2022-03-17,0.48347164624435185,1.0001984984728371,0.8452491384257408
2022-03-18,0.48347164624435185,0.7225519777977983,0.8658437809465392
2022-03-21,0.48347164624435185,0.5935086315131651,0.8519342469997891
2022-03-22,0.48347164624435185,0.4920351524846524,0.796038321850078
2022-03-23,0.48347164624435185,0.3796293925927805,0.7406315736351052
2022-03-24,0.48347164624435185,0.42502447650688485,0.6871764245353467
2022-03-25,0.48347164624435185,0.3043061629027962,0.747945095094801
2022-03-28,0.48347164624435185,0.4106192669158236,0.738651268425991
2022-03-29,0.48347164624435185,0.545975187970106,0.8028505891385921
2022-03-30,0.48347164624435185,0.38160524322480716,0.7307995938264374
2022-03-31,0.48347164624435185,0.3086626124022516,0.6644335646197382
2022-04-01,0.48347164624435185,0.22426895671301753,0.5921680529432183
2022-04-04,0.48347164624435185,0.053067462757249516,0.5064408824082052
2022-04-05,0.48347164624435185,0.18906068052159655,0.6180062048432469
2022-04-06,0.48347164624435185,0.24329010912332816,0.7152792629455691
2022-04-07,0.48347164624435185,0.2515372651253629,0.626669622332308
2022-04-08,0.48347164624435185,0.2922894156773897,0.614007674909832
2022-04-11,0.48347164624435185,0.2702999008116203,0.5883390115809786
2022-04-12,0.48347164624435185,0.4178698544743555,0.6172097880507766
2022-04-13,0.48347164624435185,0.2923564369366579,0.6540465523530578
2022-04-14,0.48347164624435185,0.23972965364946477,0.5474090121810431
2022-04-18,0.48347164624435185,0.21200521353147536,0.4492789408604562
2022-04-19,0.48347164624435185,0.17737656852460387,0.534539781159375
2022-04-20,0.48347164624435185,0.22197385056771818,0.6095248360665839
2022-04-21,0.48347164624435185,0.27370505246533994,0.5348832157078358
2022-04-22,0.48347164624435185,0.20356978601449482,0.5298552621429627
2022-04-25,0.48347164624435185,0.1499331135710522,0.5314988764878334
2022-04-26,0.48347164624435185,0.09164371307263366,0.5314017269324168
2022-04-27,0.48347164624435185,0.018080703470223548,0.5314017269324168
2022-04-28,0.48347164624435185,0.04833559399552229,0.5314017269324168
2022-04-29,0.48347164624435185,0.036277911036529165,0.5314017269324168
2022-05-02,0.48347164624435185,-0.018907697139427526,0.5314017269324168
2022-05-03,0.48347164624435185,0.03652762820905018,0.5322016493529869
2022-05-04,0.48347164624435185,0.05580020749510067,0.5215254786900311
2022-05-05,0.48347164624435185,0.12010254885894181,0.5440552504523637
2022-05-06,0.48347164624435185,0.05570034735719474,0.446613337111771
2022-05-09,0.48347164624435185,0.015713411435062847,0.4686326845718849
2022-05-10,0.48347164624435185,-0.02592422825969622,0.4308477126810928
2022-05-11,0.48347164624435185,-0.03301210870554163,0.39822118666098144
2022-05-12,0.48347164624435185,-0.01686610907469756,0.3579289644947132
2022-05-13,0.4836667820079586,-0.0039447613086581864,0.28480819085270154
2022-05-16,0.48281299309266923,-0.05734893297976505,0.41013213238459323
2022-05-17,0.5093031093548489,-0.08841329231682511,0.5198343814212308
2022-05-18,0.48279313542732977,-0.09290070961713476,0.43632909891973287
2022-05-19,0.4834256718872293,-0.07994262185751255,0.3493440513112571
2022-05-20,0.4835554504064229,-0.07689563797276318,0.37740216081716904
2022-05-23,0.4833044490238322,-0.0861953662522274,0.413607170781973
2022-05-24,0.4833044490238322,-0.06071068265989596,0.32895716240915984
2022-05-25,0.4833044490238322,-0.14315819631966273,0.2782847862703947
2022-05-26,0.4833044490238322,-0.13146584299346573,0.3148703287321821
2022-05-27,0.4833617183086636,-0.12021180176026482,0.3280759507650998
2022-05-31,0.4829433812316113,-0.17232773726590245,0.3675070332545186
2022-06-01,0.4891858951995276,-0.23394937978157512,0.32621383264510895
2022-06-02,0.45631894422993635,-0.17610603035807962,0.2716086551656199
2022-06-03,0.4722958176188134,-0.18442647010861868,0.2504021696420823
2022-06-06,0.4861457830137355,-0.18452264181784556,0.27143701675792525
2022-06-07,0.41131404350528655,-0.18482001730201203,0.22583278449273353
2022-06-08,0.34355649813625216,-0.1840694155508062,0.23693589770242782
2022-06-09,0.23841985666233206,-0.18382490937426504,0.168016932469069
2022-06-10,0.030583398027319016,-0.18384995673925306,0.20972366874378104
2022-06-13,0.25022905919458854,-0.1837636315785255,0.13991611191631345
2022-06-14,0.3560793129293714,-0.1841718285200049,0.3065096104650481
2022-06-15,0.4941015366210195,-0.18369522553453296,0.2050415429815953
2022-06-16,0.3849182732737985,-0.18397512893412787,0.14820380838012653
2022-06-17,0.337268540487889,-0.18397512893412787,0.11066673329183144
2022-06-21,0.25494956518331136,-0.18397512893412787,0.0706583955055677
2022-06-22,0.2949963767507063,-0.18397512893412787,0.1374075850161525
2022-06-23,0.13838582755720494,-0.18397512893412787,0.10025208947229455
2022-06-24,-0.020585658204262457,-0.18397512893412787,0.039817592070251186
2022-06-27,-0.3225391227517274,-0.18397512893412787,0.005893427435211335
2022-06-28,-0.11808443831981517,-0.18397512893412787,-0.058839442812732304
2022-06-29,-0.8516845670326273,-0.18397512893412787,-0.006613997717493883
2022-06-30,0.03064035389912718,-0.18397512893412787,-0.39220022227965107
2022-07-01,-0.2096394750519426,-0.18397512893412787,0.06558967047191593
2022-07-05,-0.4693281488033864,-0.18397512893412787,0.3642426254859147
2022-07-06,-0.09467820322332302,-0.18397512893412787,0.08459327169514759
2022-07-07,0.09257257648782932,-0.18397512893412787,0.003206692799725737
2022-07-08,0.21191661122478805,-0.18397512893412787,-0.06635298397695477
2022-07-11,0.35963390906625736,-0.18397512893412787,-0.054314394336637595
2022-07-12,0.27184595438454046,-0.18397512893412787,-0.04161658993822159
2022-07-13,0.35806377997368116,-0.18397512893412787,-0.11163807774213844
2022-07-14,0.4150781903245978,-0.18397512893412787,-0.1405708180931864
2022-07-15,0.47745566446377896,-0.18397512893412787,-0.20374917271798687
2022-07-18,0.45106411149309866,-0.18397512893412787,-0.06665158143653285
2022-07-19,0.4068986873407537,-0.18397512893412787,-0.144187785410561
2022-07-20,0.47294079511945547,-0.18397512893412787,-0.15833641739095242
2022-07-21,0.529731779420796,-0.18397512893412787,-0.1577119877586623
2022-07-22,0.5064987460145657,-0.18397512893412787,-0.15675444255357185
2022-07-25,0.5135893687127325,-0.18397512893412787,-0.15797834722098927
2022-07-26,0.5123581378317544,-0.18397512893412787,-0.13747602172694015
2022-07-27,0.5125160866513988,-0.18397512893412787,-0.1641880479204766
2022-07-28,0.5124656742607437,-0.18397512893412787,-0.17108007847522266
2022-07-29,0.5124656742607437,-0.18397512893412787,-0.16483843743817317
2022-08-01,0.5124656742607437,-0.18397512893412787,-0.16542564806020335
2022-08-02,0.5124656742607437,-0.18397512893412787,-0.16569171059433607
2022-08-03,0.5124656742607437,-0.18397512893412787,-0.15850046546206784
2022-08-04,0.5124656742607437,-0.18397512893412787,-0.21881251125885487
2022-08-05,0.5124656742607437,-0.18397512893412787,-0.1982284147359095
2022-08-08,0.5124656742607437,-0.18397512893412787,-0.20744571554601052
2022-08-09,0.5124656742607437,-0.18397512893412787,-0.20828756059790035
2022-08-10,0.5124656742607437,-0.18397512893412787,-0.24624564592483303
2022-08-11,0.5124656742607437,-0.18397512893412787,-0.27094331258730237
2022-08-12,0.5124656742607437,-0.18397512893412787,-0.2431270290220853
2022-08-15,0.5124656742607437,-0.18397512893412787,-0.2426567643298579
2022-08-16,0.5124656742607437,-0.18397512893412787,-0.2426567643298579
2022-08-17,0.5124656742607437,-0.18397512893412787,-0.2426567643298579
2022-08-18,0.5124656742607437,-0.18397512893412787,-0.2426567643298579
2022-08-19,0.5124656742607437,-0.18397512893412787,-0.2426567643298579
2022-08-22,0.5124656742607437,-0.18397512893412787,-0.24216963300993602
2022-08-23,0.5124656742607437,-0.18397512893412787,-0.24766766279718136
2022-08-24,0.5124656742607437,-0.18397512893412787,-0.22641499106944818
2022-08-25,0.5124656742607437,-0.18397512893412787,-0.2920702331540388
2022-08-26,0.5124656742607437,-0.18397512893412787,-0.2852312968727703
2022-08-29,0.5124656742607437,-0.18397512893412787,-0.2857849289423706
2022-08-30,0.5124656742607437,-0.18397512893412787,-0.2857849289423706
2022-08-31,0.5124656742607437,-0.18397512893412787,-0.2857849289423706
2022-09-01,0.5124656742607437,-0.18397512893412787,-0.2857849289423706
2022-09-02,0.5124656742607437,-0.18397512893412787,-0.28563653586522125
2022-09-06,0.5124656742607437,-0.18397512893412787,-0.2862057642565872
2022-09-07,0.5124656742607437,-0.18397512893412787,-0.27553946809328567
2022-09-08,0.5124656742607437,-0.18397512893412787,-0.3091548646878128
2022-09-09,0.5124656742607437,-0.18397512893412787,-0.30433452636113406
2022-09-12,0.5124656742607437,-0.18397512893412787,-0.30367698344775074
2022-09-13,0.5124656742607437,-0.18397512893412787,-0.3378157541979709
2022-09-14,0.5124656742607437,-0.18397512893412787,-0.4021225233070203
2022-09-15,0.5124656742607437,-0.18397512893412787,-0.5275866738605213
2022-09-16,0.5124656742607437,-0.18544525276833693,-0.3856543200605264
2022-09-19,0.5124656742607437,-0.1784241952251037,-0.34543648204826166
2022-09-20,0.5124656742607437,-0.18660814772572826,-0.3814317811655146
2022-09-21,0.5124656742607437,-0.2609366295341826,-0.42937980990336155
2022-09-22,0.5124656742607437,-0.4096476462145921,-0.616462886811366
2022-09-23,0.5124656742607437,-0.2655547184785494,-0.47161605956290786
2022-09-26,0.5124656742607437,-0.1898772812916644,-1.2478899816826992
2022-09-27,0.5124656742607437,-0.17429566517038525,-0.4866425127362471
2022-09-28,0.5124656742607437,-0.21608610478963117,-0.45193943386257757
2022-09-29,0.5124656742607437,-0.18295330120086328,-0.4492917277937889
2022-09-30,0.5124656742607437,-0.18397142551519988,-0.7485642518762637
2022-10-03,0.5124656742607437,-0.16689405116183678,-0.49110305937796245
2022-10-04,0.5124656742607437,-0.1844467694829882,-0.3873435080415383
2022-10-05,0.5124656742607437,-0.18311327377296838,-0.34462394129659657
2022-10-06,0.5124656742607437,-0.18357048434738413,-0.3428417572134196
2022-10-07,0.5124656742607437,-0.18342557106545856,-0.3447032049301842
2022-10-10,0.5124656742607437,-0.18342557106545856,-0.3446812908967939
2022-10-11,0.5124656742607437,-0.18342557106545856,-0.3447656404221302
2022-10-12,0.5124656742607437,-0.18342557106545856,-0.3447656404221302
2022-10-13,0.5124656742607437,-0.18342557106545856,-0.3447656404221302
2022-10-14,0.5124656742607437,-0.18342557106545856,-0.3447656404221302
2022-10-17,0.5124656742607437,-0.18342557106545856,-0.3447656404221302
2022-10-18,0.5124656742607437,-0.18342557106545856,-0.3447656404221302
2022-10-19,0.5124656742607437,-0.18342557106545856,-0.3447656404221302
2022-10-20,0.5124656742607437,-0.18342557106545856,-0.3447656404221302
2022-10-21,0.5124656742607437,-0.18342557106545856,-0.3447656404221302
2022-10-24,0.5124656742607437,-0.18342557106545856,-0.34489331538529167
2022-10-25,0.5124656742607437,-0.18342557106545856,-0.30135503132084185
2022-10-26,0.5124656742607437,-0.18342557106545856,-0.4315679635562526
2022-10-27,0.5125707355393587,-0.18342557106545856,-0.3457771320173456
2022-10-28,0.5125469606840951,-0.18342557106545856,-0.33967110581900506
2022-10-31,0.5126883565824722,-0.18342557106545856,-0.3388574318382869
2022-11-01,0.5111954246749807,-0.18342557106545856,-0.34122032379355255
2022-11-02,0.5147075934754549,-0.18342557106545856,-0.3365278720984472
2022-11-03,0.4807604713517957,-0.18342557106545856,-0.3440992135813121
2022-11-04,0.5321872414706668,-0.18342557106545856,-0.3067162087002796
2022-11-07,0.5898072579407163,-0.18342557106545856,-0.16887122150438905
2022-11-08,0.5619324512635021,-0.18342557106545856,-0.31260063408201416
2022-11-09,0.5684695865795724,-0.18342557106545856,-0.40656551609308816
2022-11-10,0.5673515518932026,-0.18342557106545856,-0.33050477157495767
2022-11-11,0.5676132402522425,-0.18342557106545856,-0.32618839521577075
2022-11-14,0.5674719132851033,-0.18342557106545856,-0.3262790744222278
2022-11-15,0.5675606716347745,-0.18342557106545856,-0.3262790744222278
2022-11-16,0.5675606716347745,-0.18342557106545856,-0.3268629116802367
2022-11-17,0.5675606716347745,-0.18342557106545856,-0.2914399870380758
2022-11-18,0.5675606716347745,-0.18342557106545856,-0.1811606551716821
2022-11-21,0.5675606716347745,-0.18342557106545856,0.07032661524568383
2022-11-22,0.5675606716347745,-0.18342557106545856,0.4308387184017721
2022-11-23,0.5675606716347745,-0.18342557106545856,-0.07751521948283209
2022-11-25,0.5675606716347745,-0.18342557106545856,-0.23488618726161326
2022-11-28,0.5675606716347745,-0.18342557106545856,-0.3293137424852771
2022-11-29,0.5675606716347745,-0.18342557106545856,-0.3489414201050947
2022-11-30,0.5675606716347745,-0.18342557106545856,-0.3071062241157356
2022-12-01,0.5675606716347745,-0.18342557106545856,-0.346529468714497
2022-12-02,0.5675606716347745,-0.18342557106545856,-0.3590317424915532
2022-12-05,0.5675606716347745,-0.18342557106545856,-0.3507123710585099
2022-12-06,0.5675606716347745,-0.18342557106545856,-0.3508784215678092
2022-12-07,0.5675606716347745,-0.18342557106545856,-0.3508784215678092
2022-12-08,0.5675606716347745,-0.18342557106545856,-0.3508784215678092
2022-12-09,0.5675606716347745,-0.18342557106545856,-0.3508784215678092
2022-12-12,0.5675606716347745,-0.18342557106545856,-0.3508784215678092
2022-12-13,0.5675606716347745,-0.18342557106545856,-0.3508784215678092
2022-12-14,0.5675606716347745,-0.18342557106545856,-0.3508784215678092
2022-12-15,0.5675606716347745,-0.18342557106545856,-0.3508784215678092
2022-12-16,0.5675606716347745,-0.18342557106545856,-0.3508784215678092
2022-12-19,0.5675606716347745,-0.18342557106545856,-0.3508784215678092
2022-12-20,0.5675606716347745,-0.18342557106545856,-0.3508784215678092
2022-12-21,0.5675606716347745,-0.18342557106545856,-0.3508784215678092
2022-12-22,0.5675606716347745,-0.18342557106545856,-0.3508784215678092
2022-12-23,0.5675606716347745,-0.18342557106545856,-0.3508784215678092
2022-12-27,0.5675606716347745,-0.18342557106545856,-0.3508784215678092
2022-12-28,0.5675606716347745,-0.18342557106545856,-0.3508784215678092
2022-12-29,0.5675606716347745,-0.18342557106545856,-0.3508784215678092
2022-12-30,0.5675606716347745,-0.18342557106545856,-0.3508784215678092
2023-01-03,0.5675606716347745,-0.18342557106545856,-0.3508784215678092
2023-01-04,0.5675606716347745,-0.18342557106545856,-0.3508784215678092
2023-01-05,0.5675606716347745,-0.18342557106545856,-0.3508784215678092
2023-01-06,0.5675606716347745,-0.18342557106545856,-0.3508784215678092
2023-01-09,0.5675606716347745,-0.18342557106545856,-0.3508784215678092
2023-01-10,0.5675606716347745,-0.18342557106545856,-0.3508784215678092
2023-01-11,0.5675606716347745,-0.18342557106545856,-0.3508784215678092
2023-01-12,0.5675606716347745,-0.18333683277056134,-0.3508784215678092
2023-01-13,0.5675318682383652,-0.1823386998227077,-0.3508784215678092
2023-01-17,0.5676336383565448,-0.206687901549978,-0.3508784215678092
2023-01-18,0.567591114752315,-0.1455122753112467,-0.3508784215678092
2023-01-19,0.5680574138118261,-0.05703581195112627,-0.3508784215678092
2023-01-20,0.5650546892433096,-0.14380631936585647,-0.3508784215678092
2023-01-23,0.5743189782835859,0.17136735024314304,-0.3508784215678092
2023-01-24,0.6814231171382509,0.021057356370315018,-0.3508784215678092
2023-01-25,0.5817136855697878,-0.16971675416937998,-0.3508784215678092
2023-01-26,0.5638832879190467,-0.11572514735565079,-0.3508784215678092
2023-01-27,0.5680623515537322,-0.19079505992856644,-0.3508784215678092
2023-01-30,0.5677779974215593,-0.17859945419352977,-0.3508784215678092
2023-01-31,0.5678623227593314,-0.26998873940827006,-0.3508784215678092
2023-02-01,0.56815334501442,-0.23413219690675496,-0.3508784215678092
2023-02-02,0.5678599034677254,-0.2403244616798289,-0.3508784215678092
2023-02-03,0.5680708511867179,-0.2400252067538539,-0.3508784215678092
2023-02-06,0.5678735736445946,-0.2400252067538539,-0.3508784215678092
2023-02-07,0.5678735736445946,-0.2400252067538539,-0.3508784215678092
2023-02-08,0.5678735736445946,-0.2400252067538539,-0.3508784215678092
2023-02-09,0.5678735736445946,-0.2400252067538539,-0.3508784215678092
2023-02-10,0.5678735736445946,-0.2400252067538539,-0.3508784215678092
2023-02-13,0.5678735736445946,-0.2400252067538539,-0.3508784215678092
2023-02-14,0.5678735736445946,-0.2400252067538539,-0.3508784215678092
2023-02-15,0.5678735736445946,-0.2400252067538539,-0.3508784215678092
2023-02-16,0.5678735736445946,-0.2400252067538539,-0.3508784215678092
2023-02-17,0.5678735736445946,-0.2400252067538539,-0.3509868025167095
2023-02-21,0.5678735736445946,-0.2400252067538539,-0.3560779133137513
2023-02-22,0.5678735736445946,-0.2400252067538539,-0.33103422830389306
2023-02-23,0.5678735736445946,-0.2400252067538539,-0.34886160015518153
2023-02-24,0.5678735736445946,-0.2400252067538539,-0.40858415459968733
2023-02-27,0.5678735736445946,-0.2400252067538539,-0.3989535122244437
2023-02-28,0.5678735736445946,-0.2400252067538539,-0.39819942840910805
2023-03-01,0.5678735736445946,-0.2400252067538539,-0.39908299641159345
2023-03-02,0.5678735736445946,-0.23991799390267055,-0.3974953711702683
2023-03-03,0.5678735736445946,-0.24472659537477073,-0.3986747592060922
2023-03-06,0.5678735736445946,-0.2127469856375767,-0.38471207013835773
2023-03-07,0.5678735736445946,-0.2652588205297165,-0.4371785459909034
2023-03-08,0.5678735736445946,-0.36085060118704376,-0.4768338342773871
2023-03-09,0.5678076758274555,-0.3168115387360367,-0.46605569329678165
2023-03-10,0.5677511186812884,-0.3217743553732753,-0.4670614139938498
2023-03-13,0.5679723670975317,-0.32267657040527464,-0.4670614139938498
2023-03-14,0.5678368005661971,-0.3203152525591402,-0.4670614139938498
2023-03-15,0.567817376025098,-0.32042097301294087,-0.4670614139938498
2023-03-16,0.5677977761947923,-0.32042097301294087,-0.4670614139938498
2023-03-17,0.5677074304307553,-0.32042097301294087,-0.4670614139938498
2023-03-20,0.569231014214531,-0.32042097301294087,-0.4670614139938498
2023-03-21,0.5667453916836063,-0.32042097301294087,-0.4670614139938498
2023-03-22,0.4960269098138433,-0.32042097301294087,-0.4670614139938498
2023-03-23,0.5664459042813469,-0.32042097301294087,-0.4670614139938498
2023-03-24,0.5687028415844856,-0.32042097301294087,-0.4670614139938498
2023-03-27,0.5695565981451363,-0.32042097301294087,-0.4670614139938498
2023-03-28,0.5673921698735895,-0.32042097301294087,-0.4670614139938498
2023-03-29,0.5680582778883733,-0.32042097301294087,-0.4670614139938498
2023-03-30,0.5680211726993389,-0.32042097301294087,-0.4670614139938498
2023-03-31,0.5680211726993389,-0.32042097301294087,-0.4670614139938498
2023-04-03,0.5680211726993389,-0.32042097301294087,-0.4670614139938498
2023-04-04,0.5680211726993389,-0.32042097301294087,-0.4670614139938498
2023-04-05,0.5680211726993389,-0.32042097301294087,-0.4670614139938498
2023-04-06,0.5680211726993389,-0.32042097301294087,-0.4670614139938498
2023-04-10,0.5680211726993389,-0.32042097301294087,-0.4670614139938498
2023-04-11,0.5680211726993389,-0.32042097301294087,-0.4670614139938498
2023-04-12,0.5680211726993389,-0.32042097301294087,-0.4670614139938498
2023-04-13,0.5680211726993389,-0.32042097301294087,-0.4670614139938498
2023-04-14,0.5680211726993389,-0.32042097301294087,-0.4670614139938498
2023-04-17,0.5680211726993389,-0.32042097301294087,-0.4670614139938498
2023-04-18,0.5680211726993389,-0.32042097301294087,-0.4670614139938498
2023-04-19,0.5680211726993389,-0.32042097301294087,-0.4670614139938498
2023-04-20,0.5680211726993389,-0.32042097301294087,-0.4670614139938498
2023-04-21,0.5680211726993389,-0.32042097301294087,-0.4670614139938498
2023-04-24,0.5680211726993389,-0.32042097301294087,-0.4670614139938498
2023-04-25,0.5680211726993389,-0.32042097301294087,-0.4670614139938498
2023-04-26,0.5680211726993389,-0.32042097301294087,-0.4670614139938498
2023-04-27,0.5680211726993389,-0.32042097301294087,-0.4670185723679729
2023-04-28,0.5680211726993389,-0.32042097301294087,-0.47314584936440557
2023-05-01,0.5680211726993389,-0.32042097301294087,-0.44282958047573295
2023-05-02,0.5680211726993389,-0.32042097301294087,-0.5026005485128329
2023-05-03,0.5680211726993389,-0.32042097301294087,-0.5342444943453658
2023-05-04,0.5680211726993389,-0.32042097301294087,-0.5063718975855312
2023-05-05,0.5680211726993389,-0.32042097301294087,-0.4849678195385967
2023-05-08,0.5680211726993389,-0.32042097301294087,-0.5287185712073438
2023-05-09,0.5680211726993389,-0.32042097301294087,-0.5920919218767836
2023-05-10,0.5680211726993389,-0.32042097301294087,-0.6487588331140006
2023-05-11,0.5680211726993389,-0.32042097301294087,-0.7469007937260642
2023-05-12,0.5680211726993389,-0.32042097301294087,-0.6540875014908011
2023-05-15,0.5680211726993389,-0.32042097301294087,-0.6094654481869093
2023-05-16,0.5680211726993389,-0.32042097301294087,-0.6204680613205994
2023-05-17,0.5680211726993389,-0.32042097301294087,-0.5459570296208905
2023-05-18,0.5680211726993389,-0.32042097301294087,-0.6226808551380956
2023-05-19,0.5680211726993389,-0.32042097301294087,-0.6837913937971373
2023-05-22,0.5680211726993389,-0.32042097301294087,-0.7486130702475162
2023-05-23,0.5680211726993389,-0.32042097301294087,-0.7284609984579641
2023-05-24,0.5680211726993389,-0.32042097301294087,-0.7360068684950498
2023-05-25,0.5680211726993389,-0.32042097301294087,-0.7338170478770135
2023-05-26,0.5680211726993389,-0.32042097301294087,-0.7339044743679469
2023-05-30,0.5680211726993389,-0.32042097301294087,-0.7339921402787855
2023-05-31,0.5680211726993389,-0.32042097301294087,-0.7339156250194228
2023-06-01,0.5680211726993389,-0.32042097301294087,-0.7322274466807581
2023-06-02,0.5680211726993389,-0.32042097301294087,-0.7391521091655988
2023-06-05,0.5680211726993389,-0.32042097301294087,-0.7170015538088275
2023-06-06,0.5680211726993389,-0.32042097301294087,-0.7695061208173175
2023-06-07,0.5680211726993389,-0.32042097301294087,-0.8292291293445275
2023-06-08,0.5680211726993389,-0.32042097301294087,-0.7694635050923806
2023-06-09,0.5680211726993389,-0.32042097301294087,-0.8740945342394538
2023-06-12,0.5680211726993389,-0.32042097301294087,-0.854725849279631
2023-06-13,0.5680211726993389,-0.32042097301294087,-0.9922450659502036
2023-06-14,0.5680211726993389,-0.32042097301294087,-1.2601071598203337
2023-06-15,0.5680211726993389,-0.32042097301294087,-1.0503573167420026
2023-06-16,0.5680211726993389,-0.32042097301294087,-0.9152343150516047
2023-06-20,0.5680211726993389,-0.32042097301294087,-0.8513941991450046
2023-06-21,0.5680211726993389,-0.32042097301294087,-0.804254992671943
2023-06-22,0.5680211726993389,-0.32042097301294087,-0.8208499541615418
2023-06-23,0.5680211726993389,-0.32042097301294087,-0.7558660267477811
2023-06-26,0.5680211726993389,-0.32042097301294087,-0.6638776529349335
2023-06-27,0.5680211726993389,-0.32042097301294087,-0.7805911432310907
2023-06-28,0.5680211726993389,-0.32042097301294087,-0.8212003132938698
2023-06-29,0.5680211726993389,-0.32042097301294087,-0.8099118444105572
2023-06-30,0.5680525294360933,-0.32042097301294087,-0.8166361142691347
2023-07-03,0.5679640143969462,-0.32042097301294087,-0.8165100241710941
2023-07-05,0.5675131422451885,-0.32042097301294087,-0.8165100241710941
2023-07-06,0.5704492548406793,-0.32042097301294087,-0.8165100241710941
2023-07-07,0.5522270694400149,-0.32042097301294087,-0.8165100241710941
2023-07-10,0.6129891483439138,-0.32042097301294087,-0.8165100241710941
2023-07-11,0.5951268039042404,-0.32042097301294087,-0.8165100241710941
2023-07-12,0.600925699079212,-0.32042097301294087,-0.8165100241710941
2023-07-13,0.6571748797005724,-0.32042097301294087,-0.8165100241710941
2023-07-14,0.7316036114641564,-0.32042097301294087,-0.8165100241710941
2023-07-17,0.8539486278158248,-0.32042097301294087,-0.8165100241710941
2023-07-18,1.0955223008361843,-0.32042097301294087,-0.8165100241710941
2023-07-19,0.86082468269268,-0.32042097301294087,-0.8165100241710941
2023-07-20,0.7294420803679076,-0.32042097301294087,-0.8165100241710941
2023-07-21,0.632811200608271,-0.32042097301294087,-0.8165100241710941
2023-07-24,0.653809997714483,-0.32042097301294087,-0.8165100241710941
2023-07-25,0.6094958643798629,-0.32042097301294087,-0.8165100241710941
2023-07-26,0.5643305196052278,-0.32042097301294087,-0.8165100241710941
2023-07-27,0.6147051822961221,-0.32042097301294087,-0.8165100241710941
2023-07-28,0.6107099345333029,-0.32042097301294087,-0.8165100241710941
2023-07-31,0.6855062491116238,-0.32042097301294087,-0.8165100241710941
2023-08-01,0.6045480073380931,-0.32042097301294087,-0.8165100241710941
2023-08-02,0.6101165372549308,-0.32042097301294087,-0.8165100241710941
2023-08-03,0.6067126385728322,-0.32042097301294087,-0.8165100241710941
2023-08-04,0.6074589499489439,-0.32042097301294087,-0.8165100241710941
2023-08-07,0.6074021339590832,-0.32042097301294087,-0.8165100241710941
2023-08-08,0.6074021339590832,-0.32042097301294087,-0.8165100241710941
2023-08-09,0.6074021339590832,-0.32042097301294087,-0.8165100241710941
2023-08-10,0.6074021339590832,-0.32042097301294087,-0.8165100241710941
2023-08-11,0.6074021339590832,-0.32042097301294087,-0.8165100241710941
2023-08-14,0.6074021339590832,-0.32042097301294087,-0.8165100241710941
2023-08-15,0.6074021339590832,-0.32042097301294087,-0.8165100241710941
2023-08-16,0.6074021339590832,-0.32042097301294087,-0.8165100241710941
2023-08-17,0.6074021339590832,-0.32042097301294087,-0.8165100241710941
2023-08-18,0.6074021339590832,-0.32042097301294087,-0.8165100241710941
2023-08-21,0.6074021339590832,-0.32042097301294087,-0.8165100241710941
2023-08-22,0.6074021339590832,-0.32042097301294087,-0.8165100241710941
2023-08-23,0.6074021339590832,-0.32042097301294087,-0.8165100241710941
2023-08-24,0.6074021339590832,-0.32042097301294087,-0.8165100241710941
2023-08-25,0.6074021339590832,-0.32042097301294087,-0.8165100241710941
2023-08-28,0.6074021339590832,-0.32042097301294087,-0.8177180744557079
2023-08-29,0.6074021339590832,-0.32042097301294087,-0.8178137274580441
2023-08-30,0.6074021339590832,-0.32042097301294087,-0.8106161469324364
2023-08-31,0.6074021339590832,-0.32042097301294087,-0.8355265496555391
2023-09-01,0.6074021339590832,-0.32042097301294087,-1.018129148404128
2023-09-05,0.6074021339590832,-0.32042097301294087,-0.860490888647032
2023-09-06,0.6074021339590832,-0.32042097301294087,-0.8187404312142211
2023-09-07,0.6074021339590832,-0.32042097301294087,-0.8221806093431481
2023-09-08,0.6074021339590832,-0.32042097301294087,-0.8203539625490042
2023-09-11,0.6074021339590832,-0.32042097301294087,-0.8203305227006575
2023-09-12,0.6074021339590832,-0.32042097301294087,-0.8204675069750725
2023-09-13,0.6074021339590832,-0.32042097301294087,-0.8204675069750725
2023-09-14,0.6074021339590832,-0.32042097301294087,-0.8204675069750725
2023-09-15,0.6074021339590832,-0.32042097301294087,-0.8204675069750725
2023-09-18,0.6074021339590832,-0.32042097301294087,-0.8204675069750725
2023-09-19,0.6074021339590832,-0.32042097301294087,-0.8204675069750725
2023-09-20,0.6074021339590832,-0.32042097301294087,-0.8204675069750725
2023-09-21,0.6074021339590832,-0.32042097301294087,-0.8204675069750725
2023-09-22,0.6074021339590832,-0.32042097301294087,-0.8204675069750725
2023-09-25,0.6074021339590832,-0.32042097301294087,-0.8204675069750725
2023-09-26,0.6074021339590832,-0.32042097301294087,-0.8204675069750725
2023-09-27,0.6074021339590832,-0.32042097301294087,-0.8204675069750725
2023-09-28,0.6074021339590832,-0.32042097301294087,-0.8204675069750725
2023-09-29,0.6074021339590832,-0.32042097301294087,-0.8204675069750725
2023-10-02,0.6074021339590832,-0.32042097301294087,-0.8204675069750725
2023-10-03,0.6074021339590832,-0.32042097301294087,-0.8204675069750725
2023-10-04,0.6074021339590832,-0.32042097301294087,-0.8204675069750725
2023-10-05,0.6074021339590832,-0.32072733385267727,-0.8204675069750725
2023-10-06,0.6074021339590832,-0.31565162241758987,-0.8204675069750725
2023-10-09,0.6074021339590832,-0.33756744916593273,-0.8204675069750725
2023-10-10,0.6074021339590832,-0.27787533084902166,-0.8204675069750725
2023-10-11,0.6074021339590832,-0.375395499666309,-0.8204675069750725
2023-10-12,0.6074021339590832,-0.4740680471086036,-0.8204675069750725
2023-10-13,0.6074021339590832,-0.37000505158949937,-0.8204675069750725
2023-10-16,0.6074021339590832,-0.4469200246222345,-0.8204675069750725
2023-10-17,0.6074021339590832,-0.5333779643762265,-0.8204675069750725
2023-10-18,0.6074021339590832,-0.6786248277429039,-0.8204675069750725
2023-10-19,0.6074021339590832,-0.5734385268261952,-0.8204675069750725
2023-10-20,0.6074021339590832,-0.4629067422539229,-0.8204675069750725
2023-10-23,0.6074021339590832,-0.7012520913270698,-0.8204675069750725
2023-10-24,0.6074021339590832,-0.6535046638884165,-0.8204675069750725
2023-10-25,0.6074021339590832,-0.8875892901130088,-0.8204675069750725
2023-10-26,0.6074021339590832,-0.7927486242589524,-0.8204675069750725
2023-10-27,0.6074021339590832,-1.1387116837355808,-0.8204675069750725
2023-10-30,0.6074021339590832,-1.618401547980911,-0.8204675069750725
2023-10-31,0.6074021339590832,-1.1971825498488704,-0.8204675069750725
2023-11-01,0.6081711612846612,-0.9452598785846638,-0.8204675069750725
2023-11-02,0.6008132323733615,-0.7938992671445264,-0.8204675069750725
2023-11-03,0.6333431387014339,-0.6462275126791489,-0.8204675069750725
2023-11-06,0.5833592516690455,-0.6638055779393873,-0.8204675069750725
2023-11-07,0.5207877746385566,-0.568859693375434,-0.8204675069750725
2023-11-08,0.38017441361746135,-0.6056989949054923,-0.8204675069750725
2023-11-09,0.5573547389024038,-0.6242936433041988,-0.8204675069750725
2023-11-10,0.42911858889965776,-0.6076193734994806,-0.8204675069750725
2023-11-13,0.055096638403838584,-0.7174394276869316,-0.8204675069750725
2023-11-14,0.32805280050227226,-0.6026808896720305,-0.8215527808740402
2023-11-15,0.4874140821248588,-0.547660125488581,-0.8206056621443155
2023-11-16,0.5658043050973144,-0.48075103300046207,-0.7731397959182384
2023-11-17,0.5563342741908126,-0.5540320514636996,-0.8959749315356231
2023-11-20,0.5625632151477294,-0.5440401005916747,-0.9672418852287024
2023-11-21,0.5621121795799641,-0.545690940753581,-1.0408042749850424
2023-11-22,0.5622991730497257,-0.5460155975672847,-1.1587353372151128
2023-11-24,0.5621260676807696,-0.5459170319270129,-1.0971962161907696
2023-11-27,0.5619170100640883,-0.5459170319270129,-1.1940579282971258
2023-11-28,0.5618853197201001,-0.5459170319270129,-1.2827935927448315
2023-11-29,0.5612460411481883,-0.5459170319270129,-1.138088148889525
2023-11-30,0.565322284789235,-0.5459170319270129,-1.3933660255372662
2023-12-01,0.5572805977880455,-0.5461787295615654,-1.333283057257912
2023-12-04,0.6233051705614115,-0.5456294800434096,-1.5959193812133619
2023-12-05,0.5383420581977014,-0.5476135833116187,-2.1588157082489174
2023-12-06,0.5704826888057771,-0.5413833905692707,-1.7320574815527563
2023-12-07,0.6351581997105354,-0.5800978408635256,-1.4779006544231397
2023-12-08,0.7041134046407398,-0.508538334460135,-1.545077007290985
2023-12-11,0.8033588744302624,-0.5346386278098145,-1.440040148238752
2023-12-12,0.7447188959451974,-0.41946831490685904,-1.3875165138872427
2023-12-13,0.886718862631751,-0.20168228306791686,-1.2923324627034118
2023-12-14,0.9993816567156715,0.11251208421254438,-1.3684632577601177
2023-12-15,1.1644112675174736,-0.3529909007602499,-1.4414237207342055
2023-12-18,1.4196358756512182,-0.6710210605378845,-1.3409643524274821
2023-12-19,1.1035837356432268,-0.5605340599747312,-1.371737232736232
2023-12-20,0.7977303951454779,-0.9759955668593916,-1.3793808205153888
2023-12-21,1.0147923993063457,-1.5942418387757462,-1.7016976557955994
2023-12-22,1.3262886250500066,-0.7763186845118022,-1.1673053937456666
2023-12-26,1.669941995585807,-0.4191556256015775,-0.895490627558053
2023-12-27,1.2629417025562326,-0.04431653545705809,-0.38632502249602074
2023-12-28,2.134172886415094,0.5369208793496116,0.5476650026506791
